[{"imsyak": "04:16", "shubuh": "04:26", "dzuhur": "11:52", "tanggal": "2019-11-01", "terbit": "05:42", "magrib": "17:58", "isya": "19:09", "dhuha": "06:06", "ashr": "15:10"}, {"imsyak": "04:16", "shubuh": "04:26", "dzuhur": "11:52", "tanggal": "2019-11-02", "terbit": "05:42", "magrib": "17:58", "isya": "19:09", "dhuha": "06:06", "ashr": "15:10"}, {"imsyak": "04:16", "shubuh": "04:26", "dzuhur": "11:52", "tanggal": "2019-11-03", "terbit": "05:42", "magrib": "17:58", "isya": "19:09", "dhuha": "06:06", "ashr": "15:11"}, {"imsyak": "04:16", "shubuh": "04:26", "dzuhur": "11:52", "tanggal": "2019-11-04", "terbit": "05:41", "magrib": "17:58", "isya": "19:09", "dhuha": "06:05", "ashr": "15:11"}, {"imsyak": "04:16", "shubuh": "04:26", "dzuhur": "11:52", "tanggal": "2019-11-05", "terbit": "05:41", "magrib": "17:58", "isya": "19:09", "dhuha": "06:05", "ashr": "15:11"}, {"imsyak": "04:15", "shubuh": "04:25", "dzuhur": "11:52", "tanggal": "2019-11-06", "terbit": "05:41", "magrib": "17:58", "isya": "19:10", "dhuha": "06:05", "ashr": "15:12"}, {"imsyak": "04:15", "shubuh": "04:25", "dzuhur": "11:52", "tanggal": "2019-11-07", "terbit": "05:41", "magrib": "17:58", "isya": "19:10", "dhuha": "06:05", "ashr": "15:12"}, {"imsyak": "04:15", "shubuh": "04:25", "dzuhur": "11:52", "tanggal": "2019-11-08", "terbit": "05:41", "magrib": "17:58", "isya": "19:10", "dhuha": "06:05", "ashr": "15:12"}, {"imsyak": "04:15", "shubuh": "04:25", "dzuhur": "11:52", "tanggal": "2019-11-09", "terbit": "05:41", "magrib": "17:58", "isya": "19:10", "dhuha": "06:05", "ashr": "15:13"}, {"imsyak": "04:15", "shubuh": "04:25", "dzuhur": "11:52", "tanggal": "2019-11-10", "terbit": "05:41", "magrib": "17:58", "isya": "19:11", "dhuha": "06:05", "ashr": "15:13"}, {"imsyak": "04:15", "shubuh": "04:25", "dzuhur": "11:52", "tanggal": "2019-11-11", "terbit": "05:41", "magrib": "17:59", "isya": "19:11", "dhuha": "06:05", "ashr": "15:14"}, {"imsyak": "04:15", "shubuh": "04:25", "dzuhur": "11:52", "tanggal": "2019-11-12", "terbit": "05:41", "magrib": "17:59", "isya": "19:11", "dhuha": "06:05", "ashr": "15:14"}, {"imsyak": "04:14", "shubuh": "04:24", "dzuhur": "11:52", "tanggal": "2019-11-13", "terbit": "05:41", "magrib": "17:59", "isya": "19:11", "dhuha": "06:05", "ashr": "15:14"}, {"imsyak": "04:14", "shubuh": "04:24", "dzuhur": "11:52", "tanggal": "2019-11-14", "terbit": "05:41", "magrib": "17:59", "isya": "19:12", "dhuha": "06:05", "ashr": "15:15"}, {"imsyak": "04:14", "shubuh": "04:24", "dzuhur": "11:52", "tanggal": "2019-11-15", "terbit": "05:42", "magrib": "17:59", "isya": "19:12", "dhuha": "06:06", "ashr": "15:15"}, {"imsyak": "04:14", "shubuh": "04:24", "dzuhur": "11:53", "tanggal": "2019-11-16", "terbit": "05:42", "magrib": "17:59", "isya": "19:12", "dhuha": "06:06", "ashr": "15:15"}, {"imsyak": "04:14", "shubuh": "04:24", "dzuhur": "11:53", "tanggal": "2019-11-17", "terbit": "05:42", "magrib": "18:00", "isya": "19:13", "dhuha": "06:06", "ashr": "15:16"}, {"imsyak": "04:14", "shubuh": "04:24", "dzuhur": "11:53", "tanggal": "2019-11-18", "terbit": "05:42", "magrib": "18:00", "isya": "19:13", "dhuha": "06:06", "ashr": "15:16"}, {"imsyak": "04:14", "shubuh": "04:24", "dzuhur": "11:53", "tanggal": "2019-11-19", "terbit": "05:42", "magrib": "18:00", "isya": "19:13", "dhuha": "06:06", "ashr": "15:17"}, {"imsyak": "04:14", "shubuh": "04:24", "dzuhur": "11:53", "tanggal": "2019-11-20", "terbit": "05:42", "magrib": "18:00", "isya": "19:14", "dhuha": "06:06", "ashr": "15:17"}, {"imsyak": "04:14", "shubuh": "04:24", "dzuhur": "11:54", "tanggal": "2019-11-21", "terbit": "05:42", "magrib": "18:01", "isya": "19:14", "dhuha": "06:06", "ashr": "15:17"}, {"imsyak": "04:14", "shubuh": "04:24", "dzuhur": "11:54", "tanggal": "2019-11-22", "terbit": "05:43", "magrib": "18:01", "isya": "19:15", "dhuha": "06:07", "ashr": "15:18"}, {"imsyak": "04:15", "shubuh": "04:25", "dzuhur": "11:54", "tanggal": "2019-11-23", "terbit": "05:43", "magrib": "18:01", "isya": "19:15", "dhuha": "06:07", "ashr": "15:18"}, {"imsyak": "04:15", "shubuh": "04:25", "dzuhur": "11:54", "tanggal": "2019-11-24", "terbit": "05:43", "magrib": "18:02", "isya": "19:15", "dhuha": "06:07", "ashr": "15:19"}, {"imsyak": "04:15", "shubuh": "04:25", "dzuhur": "11:55", "tanggal": "2019-11-25", "terbit": "05:43", "magrib": "18:02", "isya": "19:16", "dhuha": "06:07", "ashr": "15:19"}, {"imsyak": "04:15", "shubuh": "04:25", "dzuhur": "11:55", "tanggal": "2019-11-26", "terbit": "05:43", "magrib": "18:02", "isya": "19:16", "dhuha": "06:07", "ashr": "15:20"}, {"imsyak": "04:15", "shubuh": "04:25", "dzuhur": "11:55", "tanggal": "2019-11-27", "terbit": "05:44", "magrib": "18:03", "isya": "19:17", "dhuha": "06:08", "ashr": "15:20"}, {"imsyak": "04:15", "shubuh": "04:25", "dzuhur": "11:56", "tanggal": "2019-11-28", "terbit": "05:44", "magrib": "18:03", "isya": "19:17", "dhuha": "06:08", "ashr": "15:21"}, {"imsyak": "04:15", "shubuh": "04:25", "dzuhur": "11:56", "tanggal": "2019-11-29", "terbit": "05:44", "magrib": "18:03", "isya": "19:18", "dhuha": "06:08", "ashr": "15:21"}, {"imsyak": "04:16", "shubuh": "04:26", "dzuhur": "11:56", "tanggal": "2019-11-30", "terbit": "05:45", "magrib": "18:04", "isya": "19:18", "dhuha": "06:09", "ashr": "15:22"}]