[{"imsyak": "04:16", "shubuh": "04:26", "dzuhur": "11:57", "tanggal": "2019-12-01", "terbit": "05:45", "magrib": "18:04", "isya": "19:19", "dhuha": "06:09", "ashr": "15:22"}, {"imsyak": "04:16", "shubuh": "04:26", "dzuhur": "11:57", "tanggal": "2019-12-02", "terbit": "05:45", "magrib": "18:05", "isya": "19:19", "dhuha": "06:09", "ashr": "15:22"}, {"imsyak": "04:16", "shubuh": "04:26", "dzuhur": "11:57", "tanggal": "2019-12-03", "terbit": "05:46", "magrib": "18:05", "isya": "19:20", "dhuha": "06:10", "ashr": "15:23"}, {"imsyak": "04:16", "shubuh": "04:26", "dzuhur": "11:58", "tanggal": "2019-12-04", "terbit": "05:46", "magrib": "18:05", "isya": "19:20", "dhuha": "06:10", "ashr": "15:23"}, {"imsyak": "04:17", "shubuh": "04:27", "dzuhur": "11:58", "tanggal": "2019-12-05", "terbit": "05:46", "magrib": "18:06", "isya": "19:21", "dhuha": "06:10", "ashr": "15:24"}, {"imsyak": "04:17", "shubuh": "04:27", "dzuhur": "11:59", "tanggal": "2019-12-06", "terbit": "05:47", "magrib": "18:06", "isya": "19:21", "dhuha": "06:11", "ashr": "15:24"}, {"imsyak": "04:17", "shubuh": "04:27", "dzuhur": "11:59", "tanggal": "2019-12-07", "terbit": "05:47", "magrib": "18:07", "isya": "19:22", "dhuha": "06:11", "ashr": "15:25"}, {"imsyak": "04:18", "shubuh": "04:28", "dzuhur": "11:59", "tanggal": "2019-12-08", "terbit": "05:47", "magrib": "18:07", "isya": "19:22", "dhuha": "06:11", "ashr": "15:25"}, {"imsyak": "04:18", "shubuh": "04:28", "dzuhur": "12:00", "tanggal": "2019-12-09", "terbit": "05:48", "magrib": "18:08", "isya": "19:23", "dhuha": "06:12", "ashr": "15:26"}, {"imsyak": "04:18", "shubuh": "04:28", "dzuhur": "12:00", "tanggal": "2019-12-10", "terbit": "05:48", "magrib": "18:08", "isya": "19:23", "dhuha": "06:12", "ashr": "15:26"}, {"imsyak": "04:19", "shubuh": "04:29", "dzuhur": "12:01", "tanggal": "2019-12-11", "terbit": "05:49", "magrib": "18:09", "isya": "19:24", "dhuha": "06:13", "ashr": "15:27"}, {"imsyak": "04:19", "shubuh": "04:29", "dzuhur": "12:01", "tanggal": "2019-12-12", "terbit": "05:49", "magrib": "18:09", "isya": "19:24", "dhuha": "06:13", "ashr": "15:28"}, {"imsyak": "04:19", "shubuh": "04:29", "dzuhur": "12:02", "tanggal": "2019-12-13", "terbit": "05:50", "magrib": "18:10", "isya": "19:25", "dhuha": "06:14", "ashr": "15:28"}, {"imsyak": "04:20", "shubuh": "04:30", "dzuhur": "12:02", "tanggal": "2019-12-14", "terbit": "05:50", "magrib": "18:10", "isya": "19:25", "dhuha": "06:14", "ashr": "15:29"}, {"imsyak": "04:20", "shubuh": "04:30", "dzuhur": "12:03", "tanggal": "2019-12-15", "terbit": "05:50", "magrib": "18:11", "isya": "19:26", "dhuha": "06:14", "ashr": "15:29"}, {"imsyak": "04:21", "shubuh": "04:31", "dzuhur": "12:03", "tanggal": "2019-12-16", "terbit": "05:51", "magrib": "18:11", "isya": "19:26", "dhuha": "06:15", "ashr": "15:30"}, {"imsyak": "04:21", "shubuh": "04:31", "dzuhur": "12:03", "tanggal": "2019-12-17", "terbit": "05:51", "magrib": "18:12", "isya": "19:27", "dhuha": "06:15", "ashr": "15:30"}, {"imsyak": "04:22", "shubuh": "04:32", "dzuhur": "12:04", "tanggal": "2019-12-18", "terbit": "05:52", "magrib": "18:12", "isya": "19:28", "dhuha": "06:16", "ashr": "15:31"}, {"imsyak": "04:22", "shubuh": "04:32", "dzuhur": "12:04", "tanggal": "2019-12-19", "terbit": "05:52", "magrib": "18:13", "isya": "19:28", "dhuha": "06:16", "ashr": "15:31"}, {"imsyak": "04:23", "shubuh": "04:33", "dzuhur": "12:05", "tanggal": "2019-12-20", "terbit": "05:53", "magrib": "18:13", "isya": "19:29", "dhuha": "06:17", "ashr": "15:32"}, {"imsyak": "04:23", "shubuh": "04:33", "dzuhur": "12:05", "tanggal": "2019-12-21", "terbit": "05:53", "magrib": "18:14", "isya": "19:29", "dhuha": "06:17", "ashr": "15:32"}, {"imsyak": "04:23", "shubuh": "04:33", "dzuhur": "12:06", "tanggal": "2019-12-22", "terbit": "05:54", "magrib": "18:14", "isya": "19:30", "dhuha": "06:18", "ashr": "15:33"}, {"imsyak": "04:24", "shubuh": "04:34", "dzuhur": "12:06", "tanggal": "2019-12-23", "terbit": "05:54", "magrib": "18:15", "isya": "19:30", "dhuha": "06:18", "ashr": "15:33"}, {"imsyak": "04:24", "shubuh": "04:34", "dzuhur": "12:07", "tanggal": "2019-12-24", "terbit": "05:55", "magrib": "18:15", "isya": "19:31", "dhuha": "06:19", "ashr": "15:34"}, {"imsyak": "04:25", "shubuh": "04:35", "dzuhur": "12:07", "tanggal": "2019-12-25", "terbit": "05:55", "magrib": "18:16", "isya": "19:31", "dhuha": "06:19", "ashr": "15:34"}, {"imsyak": "04:25", "shubuh": "04:35", "dzuhur": "12:08", "tanggal": "2019-12-26", "terbit": "05:56", "magrib": "18:16", "isya": "19:31", "dhuha": "06:20", "ashr": "15:35"}, {"imsyak": "04:26", "shubuh": "04:36", "dzuhur": "12:08", "tanggal": "2019-12-27", "terbit": "05:56", "magrib": "18:17", "isya": "19:32", "dhuha": "06:20", "ashr": "15:35"}, {"imsyak": "04:27", "shubuh": "04:37", "dzuhur": "12:09", "tanggal": "2019-12-28", "terbit": "05:57", "magrib": "18:17", "isya": "19:32", "dhuha": "06:21", "ashr": "15:36"}, {"imsyak": "04:27", "shubuh": "04:37", "dzuhur": "12:09", "tanggal": "2019-12-29", "terbit": "05:57", "magrib": "18:17", "isya": "19:33", "dhuha": "06:21", "ashr": "15:36"}, {"imsyak": "04:28", "shubuh": "04:38", "dzuhur": "12:10", "tanggal": "2019-12-30", "terbit": "05:58", "magrib": "18:18", "isya": "19:33", "dhuha": "06:22", "ashr": "15:36"}, {"imsyak": "04:28", "shubuh": "04:38", "dzuhur": "12:10", "tanggal": "2019-12-31", "terbit": "05:58", "magrib": "18:18", "isya": "19:34", "dhuha": "06:22", "ashr": "15:37"}]