[{"tanggal": "2022-04-01", "imsyak": "04:16", "shubuh": "04:26", "terbit": "05:39", "dhuha": "06:03", "dzuhur": "11:45", "ashr": "15:01", "magrib": "17:46", "isya": "18:55"}, {"tanggal": "2022-04-02", "imsyak": "04:16", "shubuh": "04:26", "terbit": "05:39", "dhuha": "06:03", "dzuhur": "11:44", "ashr": "15:01", "magrib": "17:45", "isya": "18:55"}, {"tanggal": "2022-04-03", "imsyak": "04:16", "shubuh": "04:26", "terbit": "05:39", "dhuha": "06:03", "dzuhur": "11:44", "ashr": "15:01", "magrib": "17:45", "isya": "18:54"}, {"tanggal": "2022-04-04", "imsyak": "04:16", "shubuh": "04:26", "terbit": "05:39", "dhuha": "06:03", "dzuhur": "11:44", "ashr": "15:01", "magrib": "17:44", "isya": "18:54"}, {"tanggal": "2022-04-05", "imsyak": "04:16", "shubuh": "04:26", "terbit": "05:39", "dhuha": "06:03", "dzuhur": "11:43", "ashr": "15:01", "magrib": "17:44", "isya": "18:53"}, {"tanggal": "2022-04-06", "imsyak": "04:15", "shubuh": "04:25", "terbit": "05:39", "dhuha": "06:03", "dzuhur": "11:43", "ashr": "15:01", "magrib": "17:43", "isya": "18:53"}, {"tanggal": "2022-04-07", "imsyak": "04:15", "shubuh": "04:25", "terbit": "05:39", "dhuha": "06:03", "dzuhur": "11:43", "ashr": "15:01", "magrib": "17:43", "isya": "18:52"}, {"tanggal": "2022-04-08", "imsyak": "04:15", "shubuh": "04:25", "terbit": "05:39", "dhuha": "06:03", "dzuhur": "11:43", "ashr": "15:01", "magrib": "17:42", "isya": "18:52"}, {"tanggal": "2022-04-09", "imsyak": "04:15", "shubuh": "04:25", "terbit": "05:39", "dhuha": "06:03", "dzuhur": "11:42", "ashr": "15:01", "magrib": "17:42", "isya": "18:52"}, {"tanggal": "2022-04-10", "imsyak": "04:15", "shubuh": "04:25", "terbit": "05:39", "dhuha": "06:03", "dzuhur": "11:42", "ashr": "15:01", "magrib": "17:41", "isya": "18:51"}, {"tanggal": "2022-04-11", "imsyak": "04:15", "shubuh": "04:25", "terbit": "05:39", "dhuha": "06:03", "dzuhur": "11:42", "ashr": "15:00", "magrib": "17:41", "isya": "18:51"}, {"tanggal": "2022-04-12", "imsyak": "04:15", "shubuh": "04:25", "terbit": "05:38", "dhuha": "06:02", "dzuhur": "11:42", "ashr": "15:00", "magrib": "17:41", "isya": "18:50"}, {"tanggal": "2022-04-13", "imsyak": "04:14", "shubuh": "04:24", "terbit": "05:38", "dhuha": "06:02", "dzuhur": "11:41", "ashr": "15:00", "magrib": "17:40", "isya": "18:50"}, {"tanggal": "2022-04-14", "imsyak": "04:14", "shubuh": "04:24", "terbit": "05:38", "dhuha": "06:02", "dzuhur": "11:41", "ashr": "15:00", "magrib": "17:40", "isya": "18:50"}, {"tanggal": "2022-04-15", "imsyak": "04:14", "shubuh": "04:24", "terbit": "05:38", "dhuha": "06:02", "dzuhur": "11:41", "ashr": "15:00", "magrib": "17:39", "isya": "18:49"}, {"tanggal": "2022-04-16", "imsyak": "04:14", "shubuh": "04:24", "terbit": "05:38", "dhuha": "06:02", "dzuhur": "11:41", "ashr": "15:00", "magrib": "17:39", "isya": "18:49"}, {"tanggal": "2022-04-17", "imsyak": "04:14", "shubuh": "04:24", "terbit": "05:38", "dhuha": "06:02", "dzuhur": "11:40", "ashr": "15:00", "magrib": "17:38", "isya": "18:48"}, {"tanggal": "2022-04-18", "imsyak": "04:14", "shubuh": "04:24", "terbit": "05:38", "dhuha": "06:02", "dzuhur": "11:40", "ashr": "15:00", "magrib": "17:38", "isya": "18:48"}, {"tanggal": "2022-04-19", "imsyak": "04:14", "shubuh": "04:24", "terbit": "05:38", "dhuha": "06:02", "dzuhur": "11:40", "ashr": "15:00", "magrib": "17:38", "isya": "18:48"}, {"tanggal": "2022-04-20", "imsyak": "04:13", "shubuh": "04:23", "terbit": "05:38", "dhuha": "06:02", "dzuhur": "11:40", "ashr": "15:00", "magrib": "17:37", "isya": "18:47"}, {"tanggal": "2022-04-21", "imsyak": "04:13", "shubuh": "04:23", "terbit": "05:38", "dhuha": "06:02", "dzuhur": "11:39", "ashr": "15:00", "magrib": "17:37", "isya": "18:47"}, {"tanggal": "2022-04-22", "imsyak": "04:13", "shubuh": "04:23", "terbit": "05:38", "dhuha": "06:02", "dzuhur": "11:39", "ashr": "15:00", "magrib": "17:36", "isya": "18:47"}, {"tanggal": "2022-04-23", "imsyak": "04:13", "shubuh": "04:23", "terbit": "05:38", "dhuha": "06:02", "dzuhur": "11:39", "ashr": "15:00", "magrib": "17:36", "isya": "18:47"}, {"tanggal": "2022-04-24", "imsyak": "04:13", "shubuh": "04:23", "terbit": "05:38", "dhuha": "06:02", "dzuhur": "11:39", "ashr": "15:00", "magrib": "17:36", "isya": "18:46"}, {"tanggal": "2022-04-25", "imsyak": "04:13", "shubuh": "04:23", "terbit": "05:38", "dhuha": "06:02", "dzuhur": "11:39", "ashr": "14:59", "magrib": "17:35", "isya": "18:46"}, {"tanggal": "2022-04-26", "imsyak": "04:13", "shubuh": "04:23", "terbit": "05:38", "dhuha": "06:02", "dzuhur": "11:38", "ashr": "14:59", "magrib": "17:35", "isya": "18:46"}, {"tanggal": "2022-04-27", "imsyak": "04:13", "shubuh": "04:23", "terbit": "05:38", "dhuha": "06:02", "dzuhur": "11:38", "ashr": "14:59", "magrib": "17:35", "isya": "18:46"}, {"tanggal": "2022-04-28", "imsyak": "04:13", "shubuh": "04:23", "terbit": "05:38", "dhuha": "06:02", "dzuhur": "11:38", "ashr": "14:59", "magrib": "17:34", "isya": "18:45"}, {"tanggal": "2022-04-29", "imsyak": "04:13", "shubuh": "04:23", "terbit": "05:38", "dhuha": "06:02", "dzuhur": "11:38", "ashr": "14:59", "magrib": "17:34", "isya": "18:45"}, {"tanggal": "2022-04-30", "imsyak": "04:12", "shubuh": "04:22", "terbit": "05:38", "dhuha": "06:02", "dzuhur": "11:38", "ashr": "14:59", "magrib": "17:34", "isya": "18:45"}]