[{"tanggal": "2022-06-01", "imsyak": "04:13", "shubuh": "04:23", "terbit": "05:42", "dhuha": "06:06", "dzuhur": "11:38", "ashr": "14:59", "magrib": "17:30", "isya": "18:44"}, {"tanggal": "2022-06-02", "imsyak": "04:13", "shubuh": "04:23", "terbit": "05:42", "dhuha": "06:06", "dzuhur": "11:38", "ashr": "15:00", "magrib": "17:30", "isya": "18:44"}, {"tanggal": "2022-06-03", "imsyak": "04:14", "shubuh": "04:24", "terbit": "05:43", "dhuha": "06:07", "dzuhur": "11:38", "ashr": "15:00", "magrib": "17:30", "isya": "18:45"}, {"tanggal": "2022-06-04", "imsyak": "04:14", "shubuh": "04:24", "terbit": "05:43", "dhuha": "06:07", "dzuhur": "11:39", "ashr": "15:00", "magrib": "17:30", "isya": "18:45"}, {"tanggal": "2022-06-05", "imsyak": "04:14", "shubuh": "04:24", "terbit": "05:43", "dhuha": "06:07", "dzuhur": "11:39", "ashr": "15:00", "magrib": "17:30", "isya": "18:45"}, {"tanggal": "2022-06-06", "imsyak": "04:14", "shubuh": "04:24", "terbit": "05:43", "dhuha": "06:07", "dzuhur": "11:39", "ashr": "15:00", "magrib": "17:30", "isya": "18:45"}, {"tanggal": "2022-06-07", "imsyak": "04:14", "shubuh": "04:24", "terbit": "05:44", "dhuha": "06:08", "dzuhur": "11:39", "ashr": "15:00", "magrib": "17:31", "isya": "18:45"}, {"tanggal": "2022-06-08", "imsyak": "04:14", "shubuh": "04:24", "terbit": "05:44", "dhuha": "06:08", "dzuhur": "11:39", "ashr": "15:00", "magrib": "17:31", "isya": "18:45"}, {"tanggal": "2022-06-09", "imsyak": "04:15", "shubuh": "04:25", "terbit": "05:44", "dhuha": "06:08", "dzuhur": "11:39", "ashr": "15:01", "magrib": "17:31", "isya": "18:46"}, {"tanggal": "2022-06-10", "imsyak": "04:15", "shubuh": "04:25", "terbit": "05:44", "dhuha": "06:08", "dzuhur": "11:40", "ashr": "15:01", "magrib": "17:31", "isya": "18:46"}, {"tanggal": "2022-06-11", "imsyak": "04:15", "shubuh": "04:25", "terbit": "05:45", "dhuha": "06:09", "dzuhur": "11:40", "ashr": "15:01", "magrib": "17:31", "isya": "18:46"}, {"tanggal": "2022-06-12", "imsyak": "04:15", "shubuh": "04:25", "terbit": "05:45", "dhuha": "06:09", "dzuhur": "11:40", "ashr": "15:01", "magrib": "17:31", "isya": "18:46"}, {"tanggal": "2022-06-13", "imsyak": "04:15", "shubuh": "04:25", "terbit": "05:45", "dhuha": "06:09", "dzuhur": "11:40", "ashr": "15:01", "magrib": "17:31", "isya": "18:46"}, {"tanggal": "2022-06-14", "imsyak": "04:16", "shubuh": "04:26", "terbit": "05:45", "dhuha": "06:09", "dzuhur": "11:40", "ashr": "15:02", "magrib": "17:32", "isya": "18:47"}, {"tanggal": "2022-06-15", "imsyak": "04:16", "shubuh": "04:26", "terbit": "05:46", "dhuha": "06:10", "dzuhur": "11:41", "ashr": "15:02", "magrib": "17:32", "isya": "18:47"}, {"tanggal": "2022-06-16", "imsyak": "04:16", "shubuh": "04:26", "terbit": "05:46", "dhuha": "06:10", "dzuhur": "11:41", "ashr": "15:02", "magrib": "17:32", "isya": "18:47"}, {"tanggal": "2022-06-17", "imsyak": "04:16", "shubuh": "04:26", "terbit": "05:46", "dhuha": "06:10", "dzuhur": "11:41", "ashr": "15:02", "magrib": "17:32", "isya": "18:47"}, {"tanggal": "2022-06-18", "imsyak": "04:16", "shubuh": "04:26", "terbit": "05:46", "dhuha": "06:10", "dzuhur": "11:41", "ashr": "15:02", "magrib": "17:32", "isya": "18:47"}, {"tanggal": "2022-06-19", "imsyak": "04:17", "shubuh": "04:27", "terbit": "05:46", "dhuha": "06:10", "dzuhur": "11:42", "ashr": "15:03", "magrib": "17:33", "isya": "18:48"}, {"tanggal": "2022-06-20", "imsyak": "04:17", "shubuh": "04:27", "terbit": "05:47", "dhuha": "06:11", "dzuhur": "11:42", "ashr": "15:03", "magrib": "17:33", "isya": "18:48"}, {"tanggal": "2022-06-21", "imsyak": "04:17", "shubuh": "04:27", "terbit": "05:47", "dhuha": "06:11", "dzuhur": "11:42", "ashr": "15:03", "magrib": "17:33", "isya": "18:48"}, {"tanggal": "2022-06-22", "imsyak": "04:17", "shubuh": "04:27", "terbit": "05:47", "dhuha": "06:11", "dzuhur": "11:42", "ashr": "15:03", "magrib": "17:33", "isya": "18:48"}, {"tanggal": "2022-06-23", "imsyak": "04:18", "shubuh": "04:28", "terbit": "05:47", "dhuha": "06:11", "dzuhur": "11:42", "ashr": "15:03", "magrib": "17:33", "isya": "18:49"}, {"tanggal": "2022-06-24", "imsyak": "04:18", "shubuh": "04:28", "terbit": "05:48", "dhuha": "06:12", "dzuhur": "11:43", "ashr": "15:04", "magrib": "17:34", "isya": "18:49"}, {"tanggal": "2022-06-25", "imsyak": "04:18", "shubuh": "04:28", "terbit": "05:48", "dhuha": "06:12", "dzuhur": "11:43", "ashr": "15:04", "magrib": "17:34", "isya": "18:49"}, {"tanggal": "2022-06-26", "imsyak": "04:18", "shubuh": "04:28", "terbit": "05:48", "dhuha": "06:12", "dzuhur": "11:43", "ashr": "15:04", "magrib": "17:34", "isya": "18:49"}, {"tanggal": "2022-06-27", "imsyak": "04:18", "shubuh": "04:28", "terbit": "05:48", "dhuha": "06:12", "dzuhur": "11:43", "ashr": "15:04", "magrib": "17:34", "isya": "18:49"}, {"tanggal": "2022-06-28", "imsyak": "04:19", "shubuh": "04:29", "terbit": "05:48", "dhuha": "06:12", "dzuhur": "11:43", "ashr": "15:05", "magrib": "17:35", "isya": "18:50"}, {"tanggal": "2022-06-29", "imsyak": "04:19", "shubuh": "04:29", "terbit": "05:49", "dhuha": "06:13", "dzuhur": "11:44", "ashr": "15:05", "magrib": "17:35", "isya": "18:50"}, {"tanggal": "2022-06-30", "imsyak": "04:19", "shubuh": "04:29", "terbit": "05:49", "dhuha": "06:13", "dzuhur": "11:44", "ashr": "15:05", "magrib": "17:35", "isya": "18:50"}]