[{"tanggal": "2022-09-01", "imsyak": "04:14", "shubuh": "04:24", "terbit": "05:38", "dhuha": "06:02", "dzuhur": "11:41", "ashr": "15:00", "magrib": "17:40", "isya": "18:50"}, {"tanggal": "2022-09-02", "imsyak": "04:14", "shubuh": "04:24", "terbit": "05:37", "dhuha": "06:01", "dzuhur": "11:41", "ashr": "14:59", "magrib": "17:40", "isya": "18:49"}, {"tanggal": "2022-09-03", "imsyak": "04:13", "shubuh": "04:23", "terbit": "05:37", "dhuha": "06:01", "dzuhur": "11:40", "ashr": "14:59", "magrib": "17:39", "isya": "18:49"}, {"tanggal": "2022-09-04", "imsyak": "04:13", "shubuh": "04:23", "terbit": "05:36", "dhuha": "06:00", "dzuhur": "11:40", "ashr": "14:58", "magrib": "17:39", "isya": "18:49"}, {"tanggal": "2022-09-05", "imsyak": "04:12", "shubuh": "04:22", "terbit": "05:36", "dhuha": "06:00", "dzuhur": "11:40", "ashr": "14:58", "magrib": "17:39", "isya": "18:49"}, {"tanggal": "2022-09-06", "imsyak": "04:12", "shubuh": "04:22", "terbit": "05:35", "dhuha": "05:59", "dzuhur": "11:39", "ashr": "14:57", "magrib": "17:39", "isya": "18:49"}, {"tanggal": "2022-09-07", "imsyak": "04:11", "shubuh": "04:21", "terbit": "05:35", "dhuha": "05:59", "dzuhur": "11:39", "ashr": "14:57", "magrib": "17:39", "isya": "18:48"}, {"tanggal": "2022-09-08", "imsyak": "04:11", "shubuh": "04:21", "terbit": "05:34", "dhuha": "05:58", "dzuhur": "11:39", "ashr": "14:56", "magrib": "17:39", "isya": "18:48"}, {"tanggal": "2022-09-09", "imsyak": "04:10", "shubuh": "04:20", "terbit": "05:34", "dhuha": "05:58", "dzuhur": "11:38", "ashr": "14:55", "magrib": "17:39", "isya": "18:48"}, {"tanggal": "2022-09-10", "imsyak": "04:10", "shubuh": "04:20", "terbit": "05:33", "dhuha": "05:57", "dzuhur": "11:38", "ashr": "14:55", "magrib": "17:38", "isya": "18:48"}, {"tanggal": "2022-09-11", "imsyak": "04:09", "shubuh": "04:19", "terbit": "05:33", "dhuha": "05:57", "dzuhur": "11:37", "ashr": "14:54", "magrib": "17:38", "isya": "18:48"}, {"tanggal": "2022-09-12", "imsyak": "04:09", "shubuh": "04:19", "terbit": "05:32", "dhuha": "05:56", "dzuhur": "11:37", "ashr": "14:54", "magrib": "17:38", "isya": "18:47"}, {"tanggal": "2022-09-13", "imsyak": "04:08", "shubuh": "04:18", "terbit": "05:32", "dhuha": "05:56", "dzuhur": "11:37", "ashr": "14:53", "magrib": "17:38", "isya": "18:47"}, {"tanggal": "2022-09-14", "imsyak": "04:08", "shubuh": "04:18", "terbit": "05:31", "dhuha": "05:55", "dzuhur": "11:36", "ashr": "14:52", "magrib": "17:38", "isya": "18:47"}, {"tanggal": "2022-09-15", "imsyak": "04:07", "shubuh": "04:17", "terbit": "05:31", "dhuha": "05:55", "dzuhur": "11:36", "ashr": "14:52", "magrib": "17:38", "isya": "18:47"}, {"tanggal": "2022-09-16", "imsyak": "04:07", "shubuh": "04:17", "terbit": "05:30", "dhuha": "05:54", "dzuhur": "11:36", "ashr": "14:51", "magrib": "17:38", "isya": "18:47"}, {"tanggal": "2022-09-17", "imsyak": "04:06", "shubuh": "04:16", "terbit": "05:29", "dhuha": "05:53", "dzuhur": "11:35", "ashr": "14:50", "magrib": "17:37", "isya": "18:47"}, {"tanggal": "2022-09-18", "imsyak": "04:06", "shubuh": "04:16", "terbit": "05:29", "dhuha": "05:53", "dzuhur": "11:35", "ashr": "14:49", "magrib": "17:37", "isya": "18:46"}, {"tanggal": "2022-09-19", "imsyak": "04:05", "shubuh": "04:15", "terbit": "05:28", "dhuha": "05:52", "dzuhur": "11:35", "ashr": "14:49", "magrib": "17:37", "isya": "18:46"}, {"tanggal": "2022-09-20", "imsyak": "04:05", "shubuh": "04:15", "terbit": "05:28", "dhuha": "05:52", "dzuhur": "11:34", "ashr": "14:48", "magrib": "17:37", "isya": "18:46"}, {"tanggal": "2022-09-21", "imsyak": "04:04", "shubuh": "04:14", "terbit": "05:27", "dhuha": "05:51", "dzuhur": "11:34", "ashr": "14:47", "magrib": "17:37", "isya": "18:46"}, {"tanggal": "2022-09-22", "imsyak": "04:03", "shubuh": "04:13", "terbit": "05:27", "dhuha": "05:51", "dzuhur": "11:34", "ashr": "14:46", "magrib": "17:37", "isya": "18:46"}, {"tanggal": "2022-09-23", "imsyak": "04:03", "shubuh": "04:13", "terbit": "05:26", "dhuha": "05:50", "dzuhur": "11:33", "ashr": "14:46", "magrib": "17:36", "isya": "18:46"}, {"tanggal": "2022-09-24", "imsyak": "04:02", "shubuh": "04:12", "terbit": "05:26", "dhuha": "05:50", "dzuhur": "11:33", "ashr": "14:45", "magrib": "17:36", "isya": "18:45"}, {"tanggal": "2022-09-25", "imsyak": "04:02", "shubuh": "04:12", "terbit": "05:25", "dhuha": "05:49", "dzuhur": "11:33", "ashr": "14:44", "magrib": "17:36", "isya": "18:45"}, {"tanggal": "2022-09-26", "imsyak": "04:01", "shubuh": "04:11", "terbit": "05:25", "dhuha": "05:49", "dzuhur": "11:32", "ashr": "14:43", "magrib": "17:36", "isya": "18:45"}, {"tanggal": "2022-09-27", "imsyak": "04:01", "shubuh": "04:11", "terbit": "05:24", "dhuha": "05:48", "dzuhur": "11:32", "ashr": "14:42", "magrib": "17:36", "isya": "18:45"}, {"tanggal": "2022-09-28", "imsyak": "04:00", "shubuh": "04:10", "terbit": "05:23", "dhuha": "05:47", "dzuhur": "11:31", "ashr": "14:42", "magrib": "17:36", "isya": "18:45"}, {"tanggal": "2022-09-29", "imsyak": "03:59", "shubuh": "04:09", "terbit": "05:23", "dhuha": "05:47", "dzuhur": "11:31", "ashr": "14:41", "magrib": "17:36", "isya": "18:45"}, {"tanggal": "2022-09-30", "imsyak": "03:59", "shubuh": "04:09", "terbit": "05:22", "dhuha": "05:46", "dzuhur": "11:31", "ashr": "14:40", "magrib": "17:35", "isya": "18:45"}]