[{"tanggal": "2022-10-01", "imsyak": "03:58", "shubuh": "04:08", "terbit": "05:22", "dhuha": "05:46", "dzuhur": "11:30", "ashr": "14:39", "magrib": "17:35", "isya": "18:45"}, {"tanggal": "2022-10-02", "imsyak": "03:58", "shubuh": "04:08", "terbit": "05:21", "dhuha": "05:45", "dzuhur": "11:30", "ashr": "14:38", "magrib": "17:35", "isya": "18:45"}, {"tanggal": "2022-10-03", "imsyak": "03:57", "shubuh": "04:07", "terbit": "05:21", "dhuha": "05:45", "dzuhur": "11:30", "ashr": "14:37", "magrib": "17:35", "isya": "18:44"}, {"tanggal": "2022-10-04", "imsyak": "03:57", "shubuh": "04:07", "terbit": "05:20", "dhuha": "05:44", "dzuhur": "11:30", "ashr": "14:36", "magrib": "17:35", "isya": "18:44"}, {"tanggal": "2022-10-05", "imsyak": "03:56", "shubuh": "04:06", "terbit": "05:20", "dhuha": "05:44", "dzuhur": "11:29", "ashr": "14:36", "magrib": "17:35", "isya": "18:44"}, {"tanggal": "2022-10-06", "imsyak": "03:56", "shubuh": "04:06", "terbit": "05:19", "dhuha": "05:43", "dzuhur": "11:29", "ashr": "14:35", "magrib": "17:35", "isya": "18:44"}, {"tanggal": "2022-10-07", "imsyak": "03:55", "shubuh": "04:05", "terbit": "05:19", "dhuha": "05:43", "dzuhur": "11:29", "ashr": "14:34", "magrib": "17:35", "isya": "18:44"}, {"tanggal": "2022-10-08", "imsyak": "03:54", "shubuh": "04:04", "terbit": "05:18", "dhuha": "05:42", "dzuhur": "11:28", "ashr": "14:33", "magrib": "17:34", "isya": "18:44"}, {"tanggal": "2022-10-09", "imsyak": "03:54", "shubuh": "04:04", "terbit": "05:18", "dhuha": "05:42", "dzuhur": "11:28", "ashr": "14:32", "magrib": "17:34", "isya": "18:44"}, {"tanggal": "2022-10-10", "imsyak": "03:53", "shubuh": "04:03", "terbit": "05:17", "dhuha": "05:41", "dzuhur": "11:28", "ashr": "14:31", "magrib": "17:34", "isya": "18:44"}, {"tanggal": "2022-10-11", "imsyak": "03:53", "shubuh": "04:03", "terbit": "05:17", "dhuha": "05:41", "dzuhur": "11:27", "ashr": "14:30", "magrib": "17:34", "isya": "18:44"}, {"tanggal": "2022-10-12", "imsyak": "03:52", "shubuh": "04:02", "terbit": "05:16", "dhuha": "05:40", "dzuhur": "11:27", "ashr": "14:29", "magrib": "17:34", "isya": "18:44"}, {"tanggal": "2022-10-13", "imsyak": "03:52", "shubuh": "04:02", "terbit": "05:16", "dhuha": "05:40", "dzuhur": "11:27", "ashr": "14:29", "magrib": "17:34", "isya": "18:44"}, {"tanggal": "2022-10-14", "imsyak": "03:51", "shubuh": "04:01", "terbit": "05:15", "dhuha": "05:39", "dzuhur": "11:27", "ashr": "14:29", "magrib": "17:34", "isya": "18:44"}, {"tanggal": "2022-10-15", "imsyak": "03:51", "shubuh": "04:01", "terbit": "05:15", "dhuha": "05:39", "dzuhur": "11:26", "ashr": "14:30", "magrib": "17:34", "isya": "18:44"}, {"tanggal": "2022-10-16", "imsyak": "03:50", "shubuh": "04:00", "terbit": "05:15", "dhuha": "05:39", "dzuhur": "11:26", "ashr": "14:31", "magrib": "17:34", "isya": "18:44"}, {"tanggal": "2022-10-17", "imsyak": "03:50", "shubuh": "04:00", "terbit": "05:14", "dhuha": "05:38", "dzuhur": "11:26", "ashr": "14:31", "magrib": "17:34", "isya": "18:44"}, {"tanggal": "2022-10-18", "imsyak": "03:49", "shubuh": "03:59", "terbit": "05:14", "dhuha": "05:38", "dzuhur": "11:26", "ashr": "14:32", "magrib": "17:34", "isya": "18:44"}, {"tanggal": "2022-10-19", "imsyak": "03:49", "shubuh": "03:59", "terbit": "05:13", "dhuha": "05:37", "dzuhur": "11:26", "ashr": "14:32", "magrib": "17:34", "isya": "18:45"}, {"tanggal": "2022-10-20", "imsyak": "03:48", "shubuh": "03:58", "terbit": "05:13", "dhuha": "05:37", "dzuhur": "11:25", "ashr": "14:33", "magrib": "17:34", "isya": "18:45"}, {"tanggal": "2022-10-21", "imsyak": "03:48", "shubuh": "03:58", "terbit": "05:13", "dhuha": "05:37", "dzuhur": "11:25", "ashr": "14:33", "magrib": "17:34", "isya": "18:45"}, {"tanggal": "2022-10-22", "imsyak": "03:47", "shubuh": "03:57", "terbit": "05:12", "dhuha": "05:36", "dzuhur": "11:25", "ashr": "14:34", "magrib": "17:34", "isya": "18:45"}, {"tanggal": "2022-10-23", "imsyak": "03:47", "shubuh": "03:57", "terbit": "05:12", "dhuha": "05:36", "dzuhur": "11:25", "ashr": "14:34", "magrib": "17:34", "isya": "18:45"}, {"tanggal": "2022-10-24", "imsyak": "03:46", "shubuh": "03:56", "terbit": "05:12", "dhuha": "05:36", "dzuhur": "11:25", "ashr": "14:35", "magrib": "17:34", "isya": "18:45"}, {"tanggal": "2022-10-25", "imsyak": "03:46", "shubuh": "03:56", "terbit": "05:11", "dhuha": "05:35", "dzuhur": "11:25", "ashr": "14:35", "magrib": "17:34", "isya": "18:45"}, {"tanggal": "2022-10-26", "imsyak": "03:45", "shubuh": "03:55", "terbit": "05:11", "dhuha": "05:35", "dzuhur": "11:25", "ashr": "14:36", "magrib": "17:34", "isya": "18:46"}, {"tanggal": "2022-10-27", "imsyak": "03:45", "shubuh": "03:55", "terbit": "05:11", "dhuha": "05:35", "dzuhur": "11:24", "ashr": "14:36", "magrib": "17:34", "isya": "18:46"}, {"tanggal": "2022-10-28", "imsyak": "03:44", "shubuh": "03:54", "terbit": "05:10", "dhuha": "05:34", "dzuhur": "11:24", "ashr": "14:37", "magrib": "17:34", "isya": "18:46"}, {"tanggal": "2022-10-29", "imsyak": "03:44", "shubuh": "03:54", "terbit": "05:10", "dhuha": "05:34", "dzuhur": "11:24", "ashr": "14:37", "magrib": "17:35", "isya": "18:46"}, {"tanggal": "2022-10-30", "imsyak": "03:44", "shubuh": "03:54", "terbit": "05:10", "dhuha": "05:34", "dzuhur": "11:24", "ashr": "14:38", "magrib": "17:35", "isya": "18:46"}, {"tanggal": "2022-10-31", "imsyak": "03:43", "shubuh": "03:53", "terbit": "05:10", "dhuha": "05:34", "dzuhur": "11:24", "ashr": "14:38", "magrib": "17:35", "isya": "18:47"}]