[{"tanggal": "2022-04-01", "imsyak": "04:55", "shubuh": "05:05", "terbit": "06:19", "dhuha": "06:43", "dzuhur": "12:24", "ashr": "15:41", "magrib": "18:25", "isya": "19:34"}, {"tanggal": "2022-04-02", "imsyak": "04:55", "shubuh": "05:05", "terbit": "06:19", "dhuha": "06:43", "dzuhur": "12:23", "ashr": "15:41", "magrib": "18:24", "isya": "19:34"}, {"tanggal": "2022-04-03", "imsyak": "04:55", "shubuh": "05:05", "terbit": "06:19", "dhuha": "06:43", "dzuhur": "12:23", "ashr": "15:41", "magrib": "18:23", "isya": "19:33"}, {"tanggal": "2022-04-04", "imsyak": "04:55", "shubuh": "05:05", "terbit": "06:19", "dhuha": "06:43", "dzuhur": "12:23", "ashr": "15:41", "magrib": "18:23", "isya": "19:33"}, {"tanggal": "2022-04-05", "imsyak": "04:55", "shubuh": "05:05", "terbit": "06:19", "dhuha": "06:43", "dzuhur": "12:23", "ashr": "15:41", "magrib": "18:22", "isya": "19:32"}, {"tanggal": "2022-04-06", "imsyak": "04:55", "shubuh": "05:05", "terbit": "06:19", "dhuha": "06:43", "dzuhur": "12:22", "ashr": "15:41", "magrib": "18:22", "isya": "19:32"}, {"tanggal": "2022-04-07", "imsyak": "04:55", "shubuh": "05:05", "terbit": "06:19", "dhuha": "06:43", "dzuhur": "12:22", "ashr": "15:41", "magrib": "18:21", "isya": "19:31"}, {"tanggal": "2022-04-08", "imsyak": "04:55", "shubuh": "05:05", "terbit": "06:18", "dhuha": "06:42", "dzuhur": "12:22", "ashr": "15:40", "magrib": "18:21", "isya": "19:31"}, {"tanggal": "2022-04-09", "imsyak": "04:55", "shubuh": "05:05", "terbit": "06:18", "dhuha": "06:42", "dzuhur": "12:21", "ashr": "15:40", "magrib": "18:20", "isya": "19:30"}, {"tanggal": "2022-04-10", "imsyak": "04:54", "shubuh": "05:04", "terbit": "06:18", "dhuha": "06:42", "dzuhur": "12:21", "ashr": "15:40", "magrib": "18:20", "isya": "19:30"}, {"tanggal": "2022-04-11", "imsyak": "04:54", "shubuh": "05:04", "terbit": "06:18", "dhuha": "06:42", "dzuhur": "12:21", "ashr": "15:40", "magrib": "18:19", "isya": "19:29"}, {"tanggal": "2022-04-12", "imsyak": "04:54", "shubuh": "05:04", "terbit": "06:18", "dhuha": "06:42", "dzuhur": "12:21", "ashr": "15:40", "magrib": "18:19", "isya": "19:29"}, {"tanggal": "2022-04-13", "imsyak": "04:54", "shubuh": "05:04", "terbit": "06:18", "dhuha": "06:42", "dzuhur": "12:20", "ashr": "15:40", "magrib": "18:18", "isya": "19:29"}, {"tanggal": "2022-04-14", "imsyak": "04:54", "shubuh": "05:04", "terbit": "06:18", "dhuha": "06:42", "dzuhur": "12:20", "ashr": "15:40", "magrib": "18:18", "isya": "19:28"}, {"tanggal": "2022-04-15", "imsyak": "04:54", "shubuh": "05:04", "terbit": "06:18", "dhuha": "06:42", "dzuhur": "12:20", "ashr": "15:40", "magrib": "18:18", "isya": "19:28"}, {"tanggal": "2022-04-16", "imsyak": "04:54", "shubuh": "05:04", "terbit": "06:18", "dhuha": "06:42", "dzuhur": "12:20", "ashr": "15:40", "magrib": "18:17", "isya": "19:27"}, {"tanggal": "2022-04-17", "imsyak": "04:54", "shubuh": "05:04", "terbit": "06:18", "dhuha": "06:42", "dzuhur": "12:19", "ashr": "15:40", "magrib": "18:17", "isya": "19:27"}, {"tanggal": "2022-04-18", "imsyak": "04:54", "shubuh": "05:04", "terbit": "06:18", "dhuha": "06:42", "dzuhur": "12:19", "ashr": "15:39", "magrib": "18:16", "isya": "19:27"}, {"tanggal": "2022-04-19", "imsyak": "04:53", "shubuh": "05:03", "terbit": "06:18", "dhuha": "06:42", "dzuhur": "12:19", "ashr": "15:39", "magrib": "18:16", "isya": "19:26"}, {"tanggal": "2022-04-20", "imsyak": "04:53", "shubuh": "05:03", "terbit": "06:18", "dhuha": "06:42", "dzuhur": "12:19", "ashr": "15:39", "magrib": "18:15", "isya": "19:26"}, {"tanggal": "2022-04-21", "imsyak": "04:53", "shubuh": "05:03", "terbit": "06:18", "dhuha": "06:42", "dzuhur": "12:19", "ashr": "15:39", "magrib": "18:15", "isya": "19:25"}, {"tanggal": "2022-04-22", "imsyak": "04:53", "shubuh": "05:03", "terbit": "06:18", "dhuha": "06:42", "dzuhur": "12:18", "ashr": "15:39", "magrib": "18:14", "isya": "19:25"}, {"tanggal": "2022-04-23", "imsyak": "04:53", "shubuh": "05:03", "terbit": "06:18", "dhuha": "06:42", "dzuhur": "12:18", "ashr": "15:39", "magrib": "18:14", "isya": "19:25"}, {"tanggal": "2022-04-24", "imsyak": "04:53", "shubuh": "05:03", "terbit": "06:18", "dhuha": "06:42", "dzuhur": "12:18", "ashr": "15:39", "magrib": "18:14", "isya": "19:25"}, {"tanggal": "2022-04-25", "imsyak": "04:53", "shubuh": "05:03", "terbit": "06:18", "dhuha": "06:42", "dzuhur": "12:18", "ashr": "15:39", "magrib": "18:13", "isya": "19:24"}, {"tanggal": "2022-04-26", "imsyak": "04:53", "shubuh": "05:03", "terbit": "06:18", "dhuha": "06:42", "dzuhur": "12:18", "ashr": "15:39", "magrib": "18:13", "isya": "19:24"}, {"tanggal": "2022-04-27", "imsyak": "04:53", "shubuh": "05:03", "terbit": "06:18", "dhuha": "06:42", "dzuhur": "12:17", "ashr": "15:38", "magrib": "18:13", "isya": "19:24"}, {"tanggal": "2022-04-28", "imsyak": "04:53", "shubuh": "05:03", "terbit": "06:18", "dhuha": "06:42", "dzuhur": "12:17", "ashr": "15:38", "magrib": "18:12", "isya": "19:23"}, {"tanggal": "2022-04-29", "imsyak": "04:53", "shubuh": "05:03", "terbit": "06:18", "dhuha": "06:42", "dzuhur": "12:17", "ashr": "15:38", "magrib": "18:12", "isya": "19:23"}, {"tanggal": "2022-04-30", "imsyak": "04:53", "shubuh": "05:03", "terbit": "06:18", "dhuha": "06:42", "dzuhur": "12:17", "ashr": "15:38", "magrib": "18:12", "isya": "19:23"}]