[{"tanggal": "2022-05-01", "imsyak": "04:53", "shubuh": "05:03", "terbit": "06:18", "dhuha": "06:42", "dzuhur": "12:17", "ashr": "15:38", "magrib": "18:11", "isya": "19:23"}, {"tanggal": "2022-05-02", "imsyak": "04:53", "shubuh": "05:03", "terbit": "06:18", "dhuha": "06:42", "dzuhur": "12:17", "ashr": "15:38", "magrib": "18:11", "isya": "19:23"}, {"tanggal": "2022-05-03", "imsyak": "04:52", "shubuh": "05:02", "terbit": "06:18", "dhuha": "06:42", "dzuhur": "12:17", "ashr": "15:38", "magrib": "18:11", "isya": "19:22"}, {"tanggal": "2022-05-04", "imsyak": "04:52", "shubuh": "05:02", "terbit": "06:19", "dhuha": "06:43", "dzuhur": "12:16", "ashr": "15:38", "magrib": "18:10", "isya": "19:22"}, {"tanggal": "2022-05-05", "imsyak": "04:52", "shubuh": "05:02", "terbit": "06:19", "dhuha": "06:43", "dzuhur": "12:16", "ashr": "15:38", "magrib": "18:10", "isya": "19:22"}, {"tanggal": "2022-05-06", "imsyak": "04:52", "shubuh": "05:02", "terbit": "06:19", "dhuha": "06:43", "dzuhur": "12:16", "ashr": "15:38", "magrib": "18:10", "isya": "19:22"}, {"tanggal": "2022-05-07", "imsyak": "04:52", "shubuh": "05:02", "terbit": "06:19", "dhuha": "06:43", "dzuhur": "12:16", "ashr": "15:37", "magrib": "18:10", "isya": "19:22"}, {"tanggal": "2022-05-08", "imsyak": "04:52", "shubuh": "05:02", "terbit": "06:19", "dhuha": "06:43", "dzuhur": "12:16", "ashr": "15:37", "magrib": "18:09", "isya": "19:21"}, {"tanggal": "2022-05-09", "imsyak": "04:52", "shubuh": "05:02", "terbit": "06:19", "dhuha": "06:43", "dzuhur": "12:16", "ashr": "15:37", "magrib": "18:09", "isya": "19:21"}, {"tanggal": "2022-05-10", "imsyak": "04:52", "shubuh": "05:02", "terbit": "06:19", "dhuha": "06:43", "dzuhur": "12:16", "ashr": "15:37", "magrib": "18:09", "isya": "19:21"}, {"tanggal": "2022-05-11", "imsyak": "04:52", "shubuh": "05:02", "terbit": "06:19", "dhuha": "06:43", "dzuhur": "12:16", "ashr": "15:37", "magrib": "18:09", "isya": "19:21"}, {"tanggal": "2022-05-12", "imsyak": "04:52", "shubuh": "05:02", "terbit": "06:19", "dhuha": "06:43", "dzuhur": "12:16", "ashr": "15:37", "magrib": "18:08", "isya": "19:21"}, {"tanggal": "2022-05-13", "imsyak": "04:52", "shubuh": "05:02", "terbit": "06:20", "dhuha": "06:44", "dzuhur": "12:16", "ashr": "15:37", "magrib": "18:08", "isya": "19:21"}, {"tanggal": "2022-05-14", "imsyak": "04:52", "shubuh": "05:02", "terbit": "06:20", "dhuha": "06:44", "dzuhur": "12:16", "ashr": "15:37", "magrib": "18:08", "isya": "19:21"}, {"tanggal": "2022-05-15", "imsyak": "04:52", "shubuh": "05:02", "terbit": "06:20", "dhuha": "06:44", "dzuhur": "12:16", "ashr": "15:37", "magrib": "18:08", "isya": "19:21"}, {"tanggal": "2022-05-16", "imsyak": "04:53", "shubuh": "05:03", "terbit": "06:20", "dhuha": "06:44", "dzuhur": "12:16", "ashr": "15:37", "magrib": "18:08", "isya": "19:21"}, {"tanggal": "2022-05-17", "imsyak": "04:53", "shubuh": "05:03", "terbit": "06:20", "dhuha": "06:44", "dzuhur": "12:16", "ashr": "15:37", "magrib": "18:08", "isya": "19:21"}, {"tanggal": "2022-05-18", "imsyak": "04:53", "shubuh": "05:03", "terbit": "06:20", "dhuha": "06:44", "dzuhur": "12:16", "ashr": "15:37", "magrib": "18:08", "isya": "19:21"}, {"tanggal": "2022-05-19", "imsyak": "04:53", "shubuh": "05:03", "terbit": "06:20", "dhuha": "06:44", "dzuhur": "12:16", "ashr": "15:37", "magrib": "18:07", "isya": "19:21"}, {"tanggal": "2022-05-20", "imsyak": "04:53", "shubuh": "05:03", "terbit": "06:21", "dhuha": "06:45", "dzuhur": "12:16", "ashr": "15:37", "magrib": "18:07", "isya": "19:21"}, {"tanggal": "2022-05-21", "imsyak": "04:53", "shubuh": "05:03", "terbit": "06:21", "dhuha": "06:45", "dzuhur": "12:16", "ashr": "15:37", "magrib": "18:07", "isya": "19:21"}, {"tanggal": "2022-05-22", "imsyak": "04:53", "shubuh": "05:03", "terbit": "06:21", "dhuha": "06:45", "dzuhur": "12:16", "ashr": "15:37", "magrib": "18:07", "isya": "19:21"}, {"tanggal": "2022-05-23", "imsyak": "04:53", "shubuh": "05:03", "terbit": "06:21", "dhuha": "06:45", "dzuhur": "12:16", "ashr": "15:37", "magrib": "18:07", "isya": "19:21"}, {"tanggal": "2022-05-24", "imsyak": "04:53", "shubuh": "05:03", "terbit": "06:21", "dhuha": "06:45", "dzuhur": "12:16", "ashr": "15:37", "magrib": "18:07", "isya": "19:21"}, {"tanggal": "2022-05-25", "imsyak": "04:53", "shubuh": "05:03", "terbit": "06:22", "dhuha": "06:46", "dzuhur": "12:16", "ashr": "15:37", "magrib": "18:07", "isya": "19:21"}, {"tanggal": "2022-05-26", "imsyak": "04:53", "shubuh": "05:03", "terbit": "06:22", "dhuha": "06:46", "dzuhur": "12:16", "ashr": "15:37", "magrib": "18:07", "isya": "19:21"}, {"tanggal": "2022-05-27", "imsyak": "04:54", "shubuh": "05:04", "terbit": "06:22", "dhuha": "06:46", "dzuhur": "12:17", "ashr": "15:37", "magrib": "18:07", "isya": "19:21"}, {"tanggal": "2022-05-28", "imsyak": "04:54", "shubuh": "05:04", "terbit": "06:22", "dhuha": "06:46", "dzuhur": "12:17", "ashr": "15:37", "magrib": "18:07", "isya": "19:21"}, {"tanggal": "2022-05-29", "imsyak": "04:54", "shubuh": "05:04", "terbit": "06:23", "dhuha": "06:47", "dzuhur": "12:17", "ashr": "15:37", "magrib": "18:07", "isya": "19:21"}, {"tanggal": "2022-05-30", "imsyak": "04:54", "shubuh": "05:04", "terbit": "06:23", "dhuha": "06:47", "dzuhur": "12:17", "ashr": "15:38", "magrib": "18:07", "isya": "19:21"}, {"tanggal": "2022-05-31", "imsyak": "04:54", "shubuh": "05:04", "terbit": "06:23", "dhuha": "06:47", "dzuhur": "12:17", "ashr": "15:38", "magrib": "18:07", "isya": "19:21"}]