[{"tanggal": "2022-06-01", "imsyak": "04:54", "shubuh": "05:04", "terbit": "06:23", "dhuha": "06:47", "dzuhur": "12:17", "ashr": "15:38", "magrib": "18:07", "isya": "19:22"}, {"tanggal": "2022-06-02", "imsyak": "04:54", "shubuh": "05:04", "terbit": "06:23", "dhuha": "06:47", "dzuhur": "12:17", "ashr": "15:38", "magrib": "18:07", "isya": "19:22"}, {"tanggal": "2022-06-03", "imsyak": "04:55", "shubuh": "05:05", "terbit": "06:24", "dhuha": "06:48", "dzuhur": "12:18", "ashr": "15:38", "magrib": "18:07", "isya": "19:22"}, {"tanggal": "2022-06-04", "imsyak": "04:55", "shubuh": "05:05", "terbit": "06:24", "dhuha": "06:48", "dzuhur": "12:18", "ashr": "15:38", "magrib": "18:07", "isya": "19:22"}, {"tanggal": "2022-06-05", "imsyak": "04:55", "shubuh": "05:05", "terbit": "06:24", "dhuha": "06:48", "dzuhur": "12:18", "ashr": "15:38", "magrib": "18:07", "isya": "19:22"}, {"tanggal": "2022-06-06", "imsyak": "04:55", "shubuh": "05:05", "terbit": "06:24", "dhuha": "06:48", "dzuhur": "12:18", "ashr": "15:38", "magrib": "18:08", "isya": "19:22"}, {"tanggal": "2022-06-07", "imsyak": "04:55", "shubuh": "05:05", "terbit": "06:25", "dhuha": "06:49", "dzuhur": "12:18", "ashr": "15:39", "magrib": "18:08", "isya": "19:22"}, {"tanggal": "2022-06-08", "imsyak": "04:55", "shubuh": "05:05", "terbit": "06:25", "dhuha": "06:49", "dzuhur": "12:18", "ashr": "15:39", "magrib": "18:08", "isya": "19:23"}, {"tanggal": "2022-06-09", "imsyak": "04:56", "shubuh": "05:06", "terbit": "06:25", "dhuha": "06:49", "dzuhur": "12:19", "ashr": "15:39", "magrib": "18:08", "isya": "19:23"}, {"tanggal": "2022-06-10", "imsyak": "04:56", "shubuh": "05:06", "terbit": "06:25", "dhuha": "06:49", "dzuhur": "12:19", "ashr": "15:39", "magrib": "18:08", "isya": "19:23"}, {"tanggal": "2022-06-11", "imsyak": "04:56", "shubuh": "05:06", "terbit": "06:26", "dhuha": "06:50", "dzuhur": "12:19", "ashr": "15:39", "magrib": "18:08", "isya": "19:23"}, {"tanggal": "2022-06-12", "imsyak": "04:56", "shubuh": "05:06", "terbit": "06:26", "dhuha": "06:50", "dzuhur": "12:19", "ashr": "15:39", "magrib": "18:08", "isya": "19:23"}, {"tanggal": "2022-06-13", "imsyak": "04:56", "shubuh": "05:06", "terbit": "06:26", "dhuha": "06:50", "dzuhur": "12:19", "ashr": "15:40", "magrib": "18:09", "isya": "19:24"}, {"tanggal": "2022-06-14", "imsyak": "04:57", "shubuh": "05:07", "terbit": "06:26", "dhuha": "06:50", "dzuhur": "12:20", "ashr": "15:40", "magrib": "18:09", "isya": "19:24"}, {"tanggal": "2022-06-15", "imsyak": "04:57", "shubuh": "05:07", "terbit": "06:27", "dhuha": "06:51", "dzuhur": "12:20", "ashr": "15:40", "magrib": "18:09", "isya": "19:24"}, {"tanggal": "2022-06-16", "imsyak": "04:57", "shubuh": "05:07", "terbit": "06:27", "dhuha": "06:51", "dzuhur": "12:20", "ashr": "15:40", "magrib": "18:09", "isya": "19:24"}, {"tanggal": "2022-06-17", "imsyak": "04:57", "shubuh": "05:07", "terbit": "06:27", "dhuha": "06:51", "dzuhur": "12:20", "ashr": "15:40", "magrib": "18:09", "isya": "19:24"}, {"tanggal": "2022-06-18", "imsyak": "04:58", "shubuh": "05:08", "terbit": "06:27", "dhuha": "06:51", "dzuhur": "12:20", "ashr": "15:41", "magrib": "18:09", "isya": "19:25"}, {"tanggal": "2022-06-19", "imsyak": "04:58", "shubuh": "05:08", "terbit": "06:28", "dhuha": "06:52", "dzuhur": "12:21", "ashr": "15:41", "magrib": "18:10", "isya": "19:25"}, {"tanggal": "2022-06-20", "imsyak": "04:58", "shubuh": "05:08", "terbit": "06:28", "dhuha": "06:52", "dzuhur": "12:21", "ashr": "15:41", "magrib": "18:10", "isya": "19:25"}, {"tanggal": "2022-06-21", "imsyak": "04:58", "shubuh": "05:08", "terbit": "06:28", "dhuha": "06:52", "dzuhur": "12:21", "ashr": "15:41", "magrib": "18:10", "isya": "19:25"}, {"tanggal": "2022-06-22", "imsyak": "04:58", "shubuh": "05:08", "terbit": "06:28", "dhuha": "06:52", "dzuhur": "12:21", "ashr": "15:41", "magrib": "18:10", "isya": "19:25"}, {"tanggal": "2022-06-23", "imsyak": "04:59", "shubuh": "05:09", "terbit": "06:29", "dhuha": "06:53", "dzuhur": "12:22", "ashr": "15:42", "magrib": "18:11", "isya": "19:26"}, {"tanggal": "2022-06-24", "imsyak": "04:59", "shubuh": "05:09", "terbit": "06:29", "dhuha": "06:53", "dzuhur": "12:22", "ashr": "15:42", "magrib": "18:11", "isya": "19:26"}, {"tanggal": "2022-06-25", "imsyak": "04:59", "shubuh": "05:09", "terbit": "06:29", "dhuha": "06:53", "dzuhur": "12:22", "ashr": "15:42", "magrib": "18:11", "isya": "19:26"}, {"tanggal": "2022-06-26", "imsyak": "04:59", "shubuh": "05:09", "terbit": "06:29", "dhuha": "06:53", "dzuhur": "12:22", "ashr": "15:42", "magrib": "18:11", "isya": "19:26"}, {"tanggal": "2022-06-27", "imsyak": "04:59", "shubuh": "05:09", "terbit": "06:29", "dhuha": "06:53", "dzuhur": "12:22", "ashr": "15:43", "magrib": "18:11", "isya": "19:27"}, {"tanggal": "2022-06-28", "imsyak": "05:00", "shubuh": "05:10", "terbit": "06:30", "dhuha": "06:54", "dzuhur": "12:23", "ashr": "15:43", "magrib": "18:12", "isya": "19:27"}, {"tanggal": "2022-06-29", "imsyak": "05:00", "shubuh": "05:10", "terbit": "06:30", "dhuha": "06:54", "dzuhur": "12:23", "ashr": "15:43", "magrib": "18:12", "isya": "19:27"}, {"tanggal": "2022-06-30", "imsyak": "05:00", "shubuh": "05:10", "terbit": "06:30", "dhuha": "06:54", "dzuhur": "12:23", "ashr": "15:43", "magrib": "18:12", "isya": "19:27"}]