[{"tanggal": "2022-10-01", "imsyak": "04:37", "shubuh": "04:47", "terbit": "06:01", "dhuha": "06:25", "dzuhur": "12:10", "ashr": "15:20", "magrib": "18:15", "isya": "19:24"}, {"tanggal": "2022-10-02", "imsyak": "04:36", "shubuh": "04:46", "terbit": "06:00", "dhuha": "06:24", "dzuhur": "12:09", "ashr": "15:19", "magrib": "18:15", "isya": "19:24"}, {"tanggal": "2022-10-03", "imsyak": "04:36", "shubuh": "04:46", "terbit": "06:00", "dhuha": "06:24", "dzuhur": "12:09", "ashr": "15:18", "magrib": "18:14", "isya": "19:24"}, {"tanggal": "2022-10-04", "imsyak": "04:35", "shubuh": "04:45", "terbit": "05:59", "dhuha": "06:23", "dzuhur": "12:09", "ashr": "15:18", "magrib": "18:14", "isya": "19:24"}, {"tanggal": "2022-10-05", "imsyak": "04:35", "shubuh": "04:45", "terbit": "05:59", "dhuha": "06:23", "dzuhur": "12:08", "ashr": "15:17", "magrib": "18:14", "isya": "19:24"}, {"tanggal": "2022-10-06", "imsyak": "04:34", "shubuh": "04:44", "terbit": "05:58", "dhuha": "06:22", "dzuhur": "12:08", "ashr": "15:16", "magrib": "18:14", "isya": "19:24"}, {"tanggal": "2022-10-07", "imsyak": "04:33", "shubuh": "04:43", "terbit": "05:57", "dhuha": "06:21", "dzuhur": "12:08", "ashr": "15:15", "magrib": "18:14", "isya": "19:24"}, {"tanggal": "2022-10-08", "imsyak": "04:33", "shubuh": "04:43", "terbit": "05:57", "dhuha": "06:21", "dzuhur": "12:07", "ashr": "15:14", "magrib": "18:14", "isya": "19:24"}, {"tanggal": "2022-10-09", "imsyak": "04:32", "shubuh": "04:42", "terbit": "05:56", "dhuha": "06:20", "dzuhur": "12:07", "ashr": "15:13", "magrib": "18:14", "isya": "19:24"}, {"tanggal": "2022-10-10", "imsyak": "04:32", "shubuh": "04:42", "terbit": "05:56", "dhuha": "06:20", "dzuhur": "12:07", "ashr": "15:13", "magrib": "18:14", "isya": "19:24"}, {"tanggal": "2022-10-11", "imsyak": "04:31", "shubuh": "04:41", "terbit": "05:55", "dhuha": "06:19", "dzuhur": "12:07", "ashr": "15:12", "magrib": "18:14", "isya": "19:24"}, {"tanggal": "2022-10-12", "imsyak": "04:30", "shubuh": "04:40", "terbit": "05:55", "dhuha": "06:19", "dzuhur": "12:06", "ashr": "15:11", "magrib": "18:14", "isya": "19:24"}, {"tanggal": "2022-10-13", "imsyak": "04:30", "shubuh": "04:40", "terbit": "05:54", "dhuha": "06:18", "dzuhur": "12:06", "ashr": "15:10", "magrib": "18:14", "isya": "19:24"}, {"tanggal": "2022-10-14", "imsyak": "04:29", "shubuh": "04:39", "terbit": "05:54", "dhuha": "06:18", "dzuhur": "12:06", "ashr": "15:09", "magrib": "18:14", "isya": "19:24"}, {"tanggal": "2022-10-15", "imsyak": "04:29", "shubuh": "04:39", "terbit": "05:53", "dhuha": "06:17", "dzuhur": "12:06", "ashr": "15:08", "magrib": "18:14", "isya": "19:24"}, {"tanggal": "2022-10-16", "imsyak": "04:28", "shubuh": "04:38", "terbit": "05:53", "dhuha": "06:17", "dzuhur": "12:05", "ashr": "15:08", "magrib": "18:14", "isya": "19:24"}, {"tanggal": "2022-10-17", "imsyak": "04:28", "shubuh": "04:38", "terbit": "05:53", "dhuha": "06:17", "dzuhur": "12:05", "ashr": "15:08", "magrib": "18:14", "isya": "19:25"}, {"tanggal": "2022-10-18", "imsyak": "04:27", "shubuh": "04:37", "terbit": "05:52", "dhuha": "06:16", "dzuhur": "12:05", "ashr": "15:09", "magrib": "18:14", "isya": "19:25"}, {"tanggal": "2022-10-19", "imsyak": "04:27", "shubuh": "04:37", "terbit": "05:52", "dhuha": "06:16", "dzuhur": "12:05", "ashr": "15:09", "magrib": "18:14", "isya": "19:25"}, {"tanggal": "2022-10-20", "imsyak": "04:26", "shubuh": "04:36", "terbit": "05:51", "dhuha": "06:15", "dzuhur": "12:05", "ashr": "15:10", "magrib": "18:14", "isya": "19:25"}, {"tanggal": "2022-10-21", "imsyak": "04:26", "shubuh": "04:36", "terbit": "05:51", "dhuha": "06:15", "dzuhur": "12:04", "ashr": "15:11", "magrib": "18:14", "isya": "19:25"}, {"tanggal": "2022-10-22", "imsyak": "04:25", "shubuh": "04:35", "terbit": "05:50", "dhuha": "06:14", "dzuhur": "12:04", "ashr": "15:11", "magrib": "18:14", "isya": "19:25"}, {"tanggal": "2022-10-23", "imsyak": "04:25", "shubuh": "04:35", "terbit": "05:50", "dhuha": "06:14", "dzuhur": "12:04", "ashr": "15:12", "magrib": "18:14", "isya": "19:25"}, {"tanggal": "2022-10-24", "imsyak": "04:24", "shubuh": "04:34", "terbit": "05:50", "dhuha": "06:14", "dzuhur": "12:04", "ashr": "15:12", "magrib": "18:14", "isya": "19:26"}, {"tanggal": "2022-10-25", "imsyak": "04:24", "shubuh": "04:34", "terbit": "05:49", "dhuha": "06:13", "dzuhur": "12:04", "ashr": "15:13", "magrib": "18:14", "isya": "19:26"}, {"tanggal": "2022-10-26", "imsyak": "04:23", "shubuh": "04:33", "terbit": "05:49", "dhuha": "06:13", "dzuhur": "12:04", "ashr": "15:13", "magrib": "18:14", "isya": "19:26"}, {"tanggal": "2022-10-27", "imsyak": "04:23", "shubuh": "04:33", "terbit": "05:49", "dhuha": "06:13", "dzuhur": "12:04", "ashr": "15:14", "magrib": "18:15", "isya": "19:26"}, {"tanggal": "2022-10-28", "imsyak": "04:22", "shubuh": "04:32", "terbit": "05:48", "dhuha": "06:12", "dzuhur": "12:03", "ashr": "15:15", "magrib": "18:15", "isya": "19:26"}, {"tanggal": "2022-10-29", "imsyak": "04:22", "shubuh": "04:32", "terbit": "05:48", "dhuha": "06:12", "dzuhur": "12:03", "ashr": "15:15", "magrib": "18:15", "isya": "19:27"}, {"tanggal": "2022-10-30", "imsyak": "04:21", "shubuh": "04:31", "terbit": "05:48", "dhuha": "06:12", "dzuhur": "12:03", "ashr": "15:16", "magrib": "18:15", "isya": "19:27"}, {"tanggal": "2022-10-31", "imsyak": "04:21", "shubuh": "04:31", "terbit": "05:47", "dhuha": "06:11", "dzuhur": "12:03", "ashr": "15:16", "magrib": "18:15", "isya": "19:27"}]