[{"tanggal": "2022-12-01", "imsyak": "04:16", "shubuh": "04:26", "terbit": "05:47", "dhuha": "06:11", "dzuhur": "12:08", "ashr": "15:33", "magrib": "18:25", "isya": "19:41"}, {"tanggal": "2022-12-02", "imsyak": "04:16", "shubuh": "04:26", "terbit": "05:47", "dhuha": "06:11", "dzuhur": "12:08", "ashr": "15:34", "magrib": "18:26", "isya": "19:42"}, {"tanggal": "2022-12-03", "imsyak": "04:16", "shubuh": "04:26", "terbit": "05:47", "dhuha": "06:11", "dzuhur": "12:09", "ashr": "15:34", "magrib": "18:26", "isya": "19:43"}, {"tanggal": "2022-12-04", "imsyak": "04:16", "shubuh": "04:26", "terbit": "05:48", "dhuha": "06:12", "dzuhur": "12:09", "ashr": "15:35", "magrib": "18:27", "isya": "19:43"}, {"tanggal": "2022-12-05", "imsyak": "04:17", "shubuh": "04:27", "terbit": "05:48", "dhuha": "06:12", "dzuhur": "12:10", "ashr": "15:36", "magrib": "18:27", "isya": "19:44"}, {"tanggal": "2022-12-06", "imsyak": "04:17", "shubuh": "04:27", "terbit": "05:48", "dhuha": "06:12", "dzuhur": "12:10", "ashr": "15:36", "magrib": "18:28", "isya": "19:44"}, {"tanggal": "2022-12-07", "imsyak": "04:17", "shubuh": "04:27", "terbit": "05:49", "dhuha": "06:13", "dzuhur": "12:10", "ashr": "15:37", "magrib": "18:28", "isya": "19:45"}, {"tanggal": "2022-12-08", "imsyak": "04:17", "shubuh": "04:27", "terbit": "05:49", "dhuha": "06:13", "dzuhur": "12:11", "ashr": "15:37", "magrib": "18:29", "isya": "19:45"}, {"tanggal": "2022-12-09", "imsyak": "04:18", "shubuh": "04:28", "terbit": "05:49", "dhuha": "06:13", "dzuhur": "12:11", "ashr": "15:38", "magrib": "18:29", "isya": "19:46"}, {"tanggal": "2022-12-10", "imsyak": "04:18", "shubuh": "04:28", "terbit": "05:50", "dhuha": "06:14", "dzuhur": "12:12", "ashr": "15:38", "magrib": "18:30", "isya": "19:47"}, {"tanggal": "2022-12-11", "imsyak": "04:18", "shubuh": "04:28", "terbit": "05:50", "dhuha": "06:14", "dzuhur": "12:12", "ashr": "15:39", "magrib": "18:30", "isya": "19:47"}, {"tanggal": "2022-12-12", "imsyak": "04:18", "shubuh": "04:28", "terbit": "05:50", "dhuha": "06:14", "dzuhur": "12:13", "ashr": "15:40", "magrib": "18:31", "isya": "19:48"}, {"tanggal": "2022-12-13", "imsyak": "04:19", "shubuh": "04:29", "terbit": "05:51", "dhuha": "06:15", "dzuhur": "12:13", "ashr": "15:40", "magrib": "18:31", "isya": "19:48"}, {"tanggal": "2022-12-14", "imsyak": "04:19", "shubuh": "04:29", "terbit": "05:51", "dhuha": "06:15", "dzuhur": "12:14", "ashr": "15:41", "magrib": "18:32", "isya": "19:49"}, {"tanggal": "2022-12-15", "imsyak": "04:20", "shubuh": "04:30", "terbit": "05:52", "dhuha": "06:16", "dzuhur": "12:14", "ashr": "15:41", "magrib": "18:33", "isya": "19:49"}, {"tanggal": "2022-12-16", "imsyak": "04:20", "shubuh": "04:30", "terbit": "05:52", "dhuha": "06:16", "dzuhur": "12:15", "ashr": "15:42", "magrib": "18:33", "isya": "19:50"}, {"tanggal": "2022-12-17", "imsyak": "04:20", "shubuh": "04:30", "terbit": "05:53", "dhuha": "06:17", "dzuhur": "12:15", "ashr": "15:42", "magrib": "18:34", "isya": "19:51"}, {"tanggal": "2022-12-18", "imsyak": "04:21", "shubuh": "04:31", "terbit": "05:53", "dhuha": "06:17", "dzuhur": "12:16", "ashr": "15:43", "magrib": "18:34", "isya": "19:51"}, {"tanggal": "2022-12-19", "imsyak": "04:21", "shubuh": "04:31", "terbit": "05:53", "dhuha": "06:17", "dzuhur": "12:16", "ashr": "15:43", "magrib": "18:35", "isya": "19:52"}, {"tanggal": "2022-12-20", "imsyak": "04:22", "shubuh": "04:32", "terbit": "05:54", "dhuha": "06:18", "dzuhur": "12:17", "ashr": "15:44", "magrib": "18:35", "isya": "19:52"}, {"tanggal": "2022-12-21", "imsyak": "04:22", "shubuh": "04:32", "terbit": "05:54", "dhuha": "06:18", "dzuhur": "12:17", "ashr": "15:44", "magrib": "18:36", "isya": "19:53"}, {"tanggal": "2022-12-22", "imsyak": "04:23", "shubuh": "04:33", "terbit": "05:55", "dhuha": "06:19", "dzuhur": "12:18", "ashr": "15:45", "magrib": "18:36", "isya": "19:53"}, {"tanggal": "2022-12-23", "imsyak": "04:23", "shubuh": "04:33", "terbit": "05:55", "dhuha": "06:19", "dzuhur": "12:18", "ashr": "15:45", "magrib": "18:37", "isya": "19:54"}, {"tanggal": "2022-12-24", "imsyak": "04:24", "shubuh": "04:34", "terbit": "05:56", "dhuha": "06:20", "dzuhur": "12:18", "ashr": "15:46", "magrib": "18:37", "isya": "19:54"}, {"tanggal": "2022-12-25", "imsyak": "04:24", "shubuh": "04:34", "terbit": "05:56", "dhuha": "06:20", "dzuhur": "12:19", "ashr": "15:46", "magrib": "18:38", "isya": "19:55"}, {"tanggal": "2022-12-26", "imsyak": "04:25", "shubuh": "04:35", "terbit": "05:57", "dhuha": "06:21", "dzuhur": "12:19", "ashr": "15:47", "magrib": "18:38", "isya": "19:55"}, {"tanggal": "2022-12-27", "imsyak": "04:25", "shubuh": "04:35", "terbit": "05:57", "dhuha": "06:21", "dzuhur": "12:20", "ashr": "15:47", "magrib": "18:39", "isya": "19:56"}, {"tanggal": "2022-12-28", "imsyak": "04:26", "shubuh": "04:36", "terbit": "05:58", "dhuha": "06:22", "dzuhur": "12:20", "ashr": "15:48", "magrib": "18:39", "isya": "19:56"}, {"tanggal": "2022-12-29", "imsyak": "04:26", "shubuh": "04:36", "terbit": "05:59", "dhuha": "06:23", "dzuhur": "12:21", "ashr": "15:48", "magrib": "18:39", "isya": "19:56"}, {"tanggal": "2022-12-30", "imsyak": "04:27", "shubuh": "04:37", "terbit": "05:59", "dhuha": "06:23", "dzuhur": "12:21", "ashr": "15:49", "magrib": "18:40", "isya": "19:57"}, {"tanggal": "2022-12-31", "imsyak": "04:27", "shubuh": "04:37", "terbit": "06:00", "dhuha": "06:24", "dzuhur": "12:22", "ashr": "15:49", "magrib": "18:40", "isya": "19:57"}]