[{"tanggal": "2023-02-01", "imsyak": "04:09", "shubuh": "04:19", "terbit": "05:37", "dhuha": "06:01", "dzuhur": "11:54", "ashr": "15:14", "magrib": "18:06", "isya": "19:20"}, {"tanggal": "2023-02-02", "imsyak": "04:10", "shubuh": "04:20", "terbit": "05:37", "dhuha": "06:01", "dzuhur": "11:54", "ashr": "15:13", "magrib": "18:06", "isya": "19:20"}, {"tanggal": "2023-02-03", "imsyak": "04:10", "shubuh": "04:20", "terbit": "05:38", "dhuha": "06:02", "dzuhur": "11:54", "ashr": "15:13", "magrib": "18:06", "isya": "19:19"}, {"tanggal": "2023-02-04", "imsyak": "04:10", "shubuh": "04:20", "terbit": "05:38", "dhuha": "06:02", "dzuhur": "11:54", "ashr": "15:13", "magrib": "18:06", "isya": "19:19"}, {"tanggal": "2023-02-05", "imsyak": "04:11", "shubuh": "04:21", "terbit": "05:38", "dhuha": "06:02", "dzuhur": "11:54", "ashr": "15:12", "magrib": "18:06", "isya": "19:19"}, {"tanggal": "2023-02-06", "imsyak": "04:11", "shubuh": "04:21", "terbit": "05:38", "dhuha": "06:02", "dzuhur": "11:54", "ashr": "15:12", "magrib": "18:06", "isya": "19:19"}, {"tanggal": "2023-02-07", "imsyak": "04:12", "shubuh": "04:22", "terbit": "05:39", "dhuha": "06:03", "dzuhur": "11:54", "ashr": "15:12", "magrib": "18:06", "isya": "19:19"}, {"tanggal": "2023-02-08", "imsyak": "04:12", "shubuh": "04:22", "terbit": "05:39", "dhuha": "06:03", "dzuhur": "11:55", "ashr": "15:11", "magrib": "18:06", "isya": "19:18"}, {"tanggal": "2023-02-09", "imsyak": "04:12", "shubuh": "04:22", "terbit": "05:39", "dhuha": "06:03", "dzuhur": "11:55", "ashr": "15:11", "magrib": "18:06", "isya": "19:18"}, {"tanggal": "2023-02-10", "imsyak": "04:13", "shubuh": "04:23", "terbit": "05:39", "dhuha": "06:03", "dzuhur": "11:55", "ashr": "15:10", "magrib": "18:06", "isya": "19:18"}, {"tanggal": "2023-02-11", "imsyak": "04:13", "shubuh": "04:23", "terbit": "05:40", "dhuha": "06:04", "dzuhur": "11:55", "ashr": "15:10", "magrib": "18:06", "isya": "19:17"}, {"tanggal": "2023-02-12", "imsyak": "04:13", "shubuh": "04:23", "terbit": "05:40", "dhuha": "06:04", "dzuhur": "11:55", "ashr": "15:09", "magrib": "18:05", "isya": "19:17"}, {"tanggal": "2023-02-13", "imsyak": "04:14", "shubuh": "04:24", "terbit": "05:40", "dhuha": "06:04", "dzuhur": "11:55", "ashr": "15:09", "magrib": "18:05", "isya": "19:17"}, {"tanggal": "2023-02-14", "imsyak": "04:14", "shubuh": "04:24", "terbit": "05:40", "dhuha": "06:04", "dzuhur": "11:55", "ashr": "15:08", "magrib": "18:05", "isya": "19:17"}, {"tanggal": "2023-02-15", "imsyak": "04:14", "shubuh": "04:24", "terbit": "05:40", "dhuha": "06:04", "dzuhur": "11:55", "ashr": "15:07", "magrib": "18:05", "isya": "19:16"}, {"tanggal": "2023-02-16", "imsyak": "04:15", "shubuh": "04:25", "terbit": "05:40", "dhuha": "06:04", "dzuhur": "11:55", "ashr": "15:07", "magrib": "18:04", "isya": "19:16"}, {"tanggal": "2023-02-17", "imsyak": "04:15", "shubuh": "04:25", "terbit": "05:41", "dhuha": "06:05", "dzuhur": "11:54", "ashr": "15:06", "magrib": "18:04", "isya": "19:16"}, {"tanggal": "2023-02-18", "imsyak": "04:15", "shubuh": "04:25", "terbit": "05:41", "dhuha": "06:05", "dzuhur": "11:54", "ashr": "15:05", "magrib": "18:04", "isya": "19:15"}, {"tanggal": "2023-02-19", "imsyak": "04:15", "shubuh": "04:25", "terbit": "05:41", "dhuha": "06:05", "dzuhur": "11:54", "ashr": "15:05", "magrib": "18:04", "isya": "19:15"}, {"tanggal": "2023-02-20", "imsyak": "04:16", "shubuh": "04:26", "terbit": "05:41", "dhuha": "06:05", "dzuhur": "11:54", "ashr": "15:04", "magrib": "18:03", "isya": "19:14"}, {"tanggal": "2023-02-21", "imsyak": "04:16", "shubuh": "04:26", "terbit": "05:41", "dhuha": "06:05", "dzuhur": "11:54", "ashr": "15:03", "magrib": "18:03", "isya": "19:14"}, {"tanggal": "2023-02-22", "imsyak": "04:16", "shubuh": "04:26", "terbit": "05:41", "dhuha": "06:05", "dzuhur": "11:54", "ashr": "15:02", "magrib": "18:03", "isya": "19:14"}, {"tanggal": "2023-02-23", "imsyak": "04:16", "shubuh": "04:26", "terbit": "05:41", "dhuha": "06:05", "dzuhur": "11:54", "ashr": "15:02", "magrib": "18:02", "isya": "19:13"}, {"tanggal": "2023-02-24", "imsyak": "04:16", "shubuh": "04:26", "terbit": "05:41", "dhuha": "06:05", "dzuhur": "11:54", "ashr": "15:01", "magrib": "18:02", "isya": "19:13"}, {"tanggal": "2023-02-25", "imsyak": "04:17", "shubuh": "04:27", "terbit": "05:41", "dhuha": "06:05", "dzuhur": "11:54", "ashr": "15:00", "magrib": "18:02", "isya": "19:12"}, {"tanggal": "2023-02-26", "imsyak": "04:17", "shubuh": "04:27", "terbit": "05:41", "dhuha": "06:05", "dzuhur": "11:53", "ashr": "14:59", "magrib": "18:01", "isya": "19:12"}, {"tanggal": "2023-02-27", "imsyak": "04:17", "shubuh": "04:27", "terbit": "05:41", "dhuha": "06:05", "dzuhur": "11:53", "ashr": "14:58", "magrib": "18:01", "isya": "19:11"}, {"tanggal": "2023-02-28", "imsyak": "04:17", "shubuh": "04:27", "terbit": "05:41", "dhuha": "06:05", "dzuhur": "11:53", "ashr": "14:57", "magrib": "18:01", "isya": "19:11"}]