[{"tanggal": "2023-05-01", "imsyak": "04:12", "shubuh": "04:22", "terbit": "05:38", "dhuha": "06:02", "dzuhur": "11:38", "ashr": "14:59", "magrib": "17:33", "isya": "18:45"}, {"tanggal": "2023-05-02", "imsyak": "04:12", "shubuh": "04:22", "terbit": "05:38", "dhuha": "06:02", "dzuhur": "11:38", "ashr": "14:59", "magrib": "17:33", "isya": "18:45"}, {"tanggal": "2023-05-03", "imsyak": "04:12", "shubuh": "04:22", "terbit": "05:38", "dhuha": "06:02", "dzuhur": "11:37", "ashr": "14:59", "magrib": "17:33", "isya": "18:44"}, {"tanggal": "2023-05-04", "imsyak": "04:12", "shubuh": "04:22", "terbit": "05:38", "dhuha": "06:02", "dzuhur": "11:37", "ashr": "14:59", "magrib": "17:33", "isya": "18:44"}, {"tanggal": "2023-05-05", "imsyak": "04:12", "shubuh": "04:22", "terbit": "05:38", "dhuha": "06:02", "dzuhur": "11:37", "ashr": "14:59", "magrib": "17:32", "isya": "18:44"}, {"tanggal": "2023-05-06", "imsyak": "04:12", "shubuh": "04:22", "terbit": "05:38", "dhuha": "06:02", "dzuhur": "11:37", "ashr": "14:59", "magrib": "17:32", "isya": "18:44"}, {"tanggal": "2023-05-07", "imsyak": "04:12", "shubuh": "04:22", "terbit": "05:38", "dhuha": "06:02", "dzuhur": "11:37", "ashr": "14:59", "magrib": "17:32", "isya": "18:44"}, {"tanggal": "2023-05-08", "imsyak": "04:12", "shubuh": "04:22", "terbit": "05:38", "dhuha": "06:02", "dzuhur": "11:37", "ashr": "14:59", "magrib": "17:32", "isya": "18:44"}, {"tanggal": "2023-05-09", "imsyak": "04:12", "shubuh": "04:22", "terbit": "05:38", "dhuha": "06:02", "dzuhur": "11:37", "ashr": "14:59", "magrib": "17:31", "isya": "18:44"}, {"tanggal": "2023-05-10", "imsyak": "04:12", "shubuh": "04:22", "terbit": "05:38", "dhuha": "06:02", "dzuhur": "11:37", "ashr": "14:59", "magrib": "17:31", "isya": "18:43"}, {"tanggal": "2023-05-11", "imsyak": "04:12", "shubuh": "04:22", "terbit": "05:39", "dhuha": "06:03", "dzuhur": "11:37", "ashr": "14:58", "magrib": "17:31", "isya": "18:43"}, {"tanggal": "2023-05-12", "imsyak": "04:12", "shubuh": "04:22", "terbit": "05:39", "dhuha": "06:03", "dzuhur": "11:37", "ashr": "14:58", "magrib": "17:31", "isya": "18:43"}, {"tanggal": "2023-05-13", "imsyak": "04:12", "shubuh": "04:22", "terbit": "05:39", "dhuha": "06:03", "dzuhur": "11:37", "ashr": "14:58", "magrib": "17:31", "isya": "18:43"}, {"tanggal": "2023-05-14", "imsyak": "04:12", "shubuh": "04:22", "terbit": "05:39", "dhuha": "06:03", "dzuhur": "11:37", "ashr": "14:58", "magrib": "17:31", "isya": "18:43"}, {"tanggal": "2023-05-15", "imsyak": "04:12", "shubuh": "04:22", "terbit": "05:39", "dhuha": "06:03", "dzuhur": "11:37", "ashr": "14:58", "magrib": "17:30", "isya": "18:43"}, {"tanggal": "2023-05-16", "imsyak": "04:12", "shubuh": "04:22", "terbit": "05:39", "dhuha": "06:03", "dzuhur": "11:37", "ashr": "14:58", "magrib": "17:30", "isya": "18:43"}, {"tanggal": "2023-05-17", "imsyak": "04:12", "shubuh": "04:22", "terbit": "05:39", "dhuha": "06:03", "dzuhur": "11:37", "ashr": "14:58", "magrib": "17:30", "isya": "18:43"}, {"tanggal": "2023-05-18", "imsyak": "04:12", "shubuh": "04:22", "terbit": "05:39", "dhuha": "06:03", "dzuhur": "11:37", "ashr": "14:58", "magrib": "17:30", "isya": "18:43"}, {"tanggal": "2023-05-19", "imsyak": "04:12", "shubuh": "04:22", "terbit": "05:40", "dhuha": "06:04", "dzuhur": "11:37", "ashr": "14:58", "magrib": "17:30", "isya": "18:43"}, {"tanggal": "2023-05-20", "imsyak": "04:12", "shubuh": "04:22", "terbit": "05:40", "dhuha": "06:04", "dzuhur": "11:37", "ashr": "14:59", "magrib": "17:30", "isya": "18:43"}, {"tanggal": "2023-05-21", "imsyak": "04:12", "shubuh": "04:22", "terbit": "05:40", "dhuha": "06:04", "dzuhur": "11:37", "ashr": "14:59", "magrib": "17:30", "isya": "18:43"}, {"tanggal": "2023-05-22", "imsyak": "04:12", "shubuh": "04:22", "terbit": "05:40", "dhuha": "06:04", "dzuhur": "11:37", "ashr": "14:59", "magrib": "17:30", "isya": "18:43"}, {"tanggal": "2023-05-23", "imsyak": "04:12", "shubuh": "04:22", "terbit": "05:40", "dhuha": "06:04", "dzuhur": "11:37", "ashr": "14:59", "magrib": "17:30", "isya": "18:43"}, {"tanggal": "2023-05-24", "imsyak": "04:12", "shubuh": "04:22", "terbit": "05:41", "dhuha": "06:05", "dzuhur": "11:37", "ashr": "14:59", "magrib": "17:30", "isya": "18:43"}, {"tanggal": "2023-05-25", "imsyak": "04:12", "shubuh": "04:22", "terbit": "05:41", "dhuha": "06:05", "dzuhur": "11:37", "ashr": "14:59", "magrib": "17:30", "isya": "18:43"}, {"tanggal": "2023-05-26", "imsyak": "04:13", "shubuh": "04:23", "terbit": "05:41", "dhuha": "06:05", "dzuhur": "11:37", "ashr": "14:59", "magrib": "17:30", "isya": "18:44"}, {"tanggal": "2023-05-27", "imsyak": "04:13", "shubuh": "04:23", "terbit": "05:41", "dhuha": "06:05", "dzuhur": "11:37", "ashr": "14:59", "magrib": "17:30", "isya": "18:44"}, {"tanggal": "2023-05-28", "imsyak": "04:13", "shubuh": "04:23", "terbit": "05:41", "dhuha": "06:05", "dzuhur": "11:38", "ashr": "14:59", "magrib": "17:30", "isya": "18:44"}, {"tanggal": "2023-05-29", "imsyak": "04:13", "shubuh": "04:23", "terbit": "05:42", "dhuha": "06:06", "dzuhur": "11:38", "ashr": "14:59", "magrib": "17:30", "isya": "18:44"}, {"tanggal": "2023-05-30", "imsyak": "04:13", "shubuh": "04:23", "terbit": "05:42", "dhuha": "06:06", "dzuhur": "11:38", "ashr": "14:59", "magrib": "17:30", "isya": "18:44"}, {"tanggal": "2023-05-31", "imsyak": "04:13", "shubuh": "04:23", "terbit": "05:42", "dhuha": "06:06", "dzuhur": "11:38", "ashr": "14:59", "magrib": "17:30", "isya": "18:44"}]