[{"tanggal": "2021-01-01", "imsyak": "04:32", "shubuh": "04:42", "terbit": "06:02", "dhuha": "06:26", "dzuhur": "12:16", "ashr": "15:43", "magrib": "18:26", "isya": "19:41"}, {"tanggal": "2021-01-02", "imsyak": "04:33", "shubuh": "04:43", "terbit": "06:03", "dhuha": "06:27", "dzuhur": "12:16", "ashr": "15:43", "magrib": "18:26", "isya": "19:41"}, {"tanggal": "2021-01-03", "imsyak": "04:33", "shubuh": "04:43", "terbit": "06:03", "dhuha": "06:27", "dzuhur": "12:17", "ashr": "15:43", "magrib": "18:26", "isya": "19:42"}, {"tanggal": "2021-01-04", "imsyak": "04:34", "shubuh": "04:44", "terbit": "06:04", "dhuha": "06:28", "dzuhur": "12:17", "ashr": "15:44", "magrib": "18:27", "isya": "19:42"}, {"tanggal": "2021-01-05", "imsyak": "04:34", "shubuh": "04:44", "terbit": "06:04", "dhuha": "06:28", "dzuhur": "12:18", "ashr": "15:44", "magrib": "18:27", "isya": "19:43"}, {"tanggal": "2021-01-06", "imsyak": "04:35", "shubuh": "04:45", "terbit": "06:05", "dhuha": "06:29", "dzuhur": "12:18", "ashr": "15:45", "magrib": "18:28", "isya": "19:43"}, {"tanggal": "2021-01-07", "imsyak": "04:35", "shubuh": "04:45", "terbit": "06:05", "dhuha": "06:29", "dzuhur": "12:19", "ashr": "15:45", "magrib": "18:28", "isya": "19:43"}, {"tanggal": "2021-01-08", "imsyak": "04:36", "shubuh": "04:46", "terbit": "06:06", "dhuha": "06:30", "dzuhur": "12:19", "ashr": "15:45", "magrib": "18:29", "isya": "19:44"}, {"tanggal": "2021-01-09", "imsyak": "04:36", "shubuh": "04:46", "terbit": "06:06", "dhuha": "06:30", "dzuhur": "12:20", "ashr": "15:46", "magrib": "18:29", "isya": "19:44"}, {"tanggal": "2021-01-10", "imsyak": "04:37", "shubuh": "04:47", "terbit": "06:07", "dhuha": "06:31", "dzuhur": "12:20", "ashr": "15:46", "magrib": "18:29", "isya": "19:44"}, {"tanggal": "2021-01-11", "imsyak": "04:38", "shubuh": "04:48", "terbit": "06:07", "dhuha": "06:31", "dzuhur": "12:20", "ashr": "15:46", "magrib": "18:30", "isya": "19:44"}, {"tanggal": "2021-01-12", "imsyak": "04:38", "shubuh": "04:48", "terbit": "06:08", "dhuha": "06:32", "dzuhur": "12:21", "ashr": "15:47", "magrib": "18:30", "isya": "19:45"}, {"tanggal": "2021-01-13", "imsyak": "04:39", "shubuh": "04:49", "terbit": "06:08", "dhuha": "06:32", "dzuhur": "12:21", "ashr": "15:47", "magrib": "18:30", "isya": "19:45"}, {"tanggal": "2021-01-14", "imsyak": "04:39", "shubuh": "04:49", "terbit": "06:08", "dhuha": "06:32", "dzuhur": "12:22", "ashr": "15:47", "magrib": "18:31", "isya": "19:45"}, {"tanggal": "2021-01-15", "imsyak": "04:40", "shubuh": "04:50", "terbit": "06:09", "dhuha": "06:33", "dzuhur": "12:22", "ashr": "15:47", "magrib": "18:31", "isya": "19:45"}, {"tanggal": "2021-01-16", "imsyak": "04:40", "shubuh": "04:50", "terbit": "06:09", "dhuha": "06:33", "dzuhur": "12:22", "ashr": "15:47", "magrib": "18:31", "isya": "19:46"}, {"tanggal": "2021-01-17", "imsyak": "04:41", "shubuh": "04:51", "terbit": "06:10", "dhuha": "06:34", "dzuhur": "12:23", "ashr": "15:48", "magrib": "18:32", "isya": "19:46"}, {"tanggal": "2021-01-18", "imsyak": "04:41", "shubuh": "04:51", "terbit": "06:10", "dhuha": "06:34", "dzuhur": "12:23", "ashr": "15:48", "magrib": "18:32", "isya": "19:46"}, {"tanggal": "2021-01-19", "imsyak": "04:42", "shubuh": "04:52", "terbit": "06:10", "dhuha": "06:34", "dzuhur": "12:23", "ashr": "15:48", "magrib": "18:32", "isya": "19:46"}, {"tanggal": "2021-01-20", "imsyak": "04:42", "shubuh": "04:52", "terbit": "06:11", "dhuha": "06:35", "dzuhur": "12:24", "ashr": "15:48", "magrib": "18:32", "isya": "19:46"}, {"tanggal": "2021-01-21", "imsyak": "04:43", "shubuh": "04:53", "terbit": "06:11", "dhuha": "06:35", "dzuhur": "12:24", "ashr": "15:48", "magrib": "18:33", "isya": "19:46"}, {"tanggal": "2021-01-22", "imsyak": "04:43", "shubuh": "04:53", "terbit": "06:12", "dhuha": "06:36", "dzuhur": "12:24", "ashr": "15:48", "magrib": "18:33", "isya": "19:46"}, {"tanggal": "2021-01-23", "imsyak": "04:44", "shubuh": "04:54", "terbit": "06:12", "dhuha": "06:36", "dzuhur": "12:24", "ashr": "15:48", "magrib": "18:33", "isya": "19:46"}, {"tanggal": "2021-01-24", "imsyak": "04:44", "shubuh": "04:54", "terbit": "06:12", "dhuha": "06:36", "dzuhur": "12:25", "ashr": "15:48", "magrib": "18:33", "isya": "19:47"}, {"tanggal": "2021-01-25", "imsyak": "04:45", "shubuh": "04:55", "terbit": "06:13", "dhuha": "06:37", "dzuhur": "12:25", "ashr": "15:48", "magrib": "18:33", "isya": "19:47"}, {"tanggal": "2021-01-26", "imsyak": "04:45", "shubuh": "04:55", "terbit": "06:13", "dhuha": "06:37", "dzuhur": "12:25", "ashr": "15:48", "magrib": "18:34", "isya": "19:47"}, {"tanggal": "2021-01-27", "imsyak": "04:45", "shubuh": "04:55", "terbit": "06:13", "dhuha": "06:37", "dzuhur": "12:25", "ashr": "15:48", "magrib": "18:34", "isya": "19:47"}, {"tanggal": "2021-01-28", "imsyak": "04:46", "shubuh": "04:56", "terbit": "06:13", "dhuha": "06:37", "dzuhur": "12:26", "ashr": "15:48", "magrib": "18:34", "isya": "19:47"}, {"tanggal": "2021-01-29", "imsyak": "04:46", "shubuh": "04:56", "terbit": "06:14", "dhuha": "06:38", "dzuhur": "12:26", "ashr": "15:48", "magrib": "18:34", "isya": "19:47"}, {"tanggal": "2021-01-30", "imsyak": "04:47", "shubuh": "04:57", "terbit": "06:14", "dhuha": "06:38", "dzuhur": "12:26", "ashr": "15:48", "magrib": "18:34", "isya": "19:47"}, {"tanggal": "2021-01-31", "imsyak": "04:47", "shubuh": "04:57", "terbit": "06:14", "dhuha": "06:38", "dzuhur": "12:26", "ashr": "15:48", "magrib": "18:34", "isya": "19:47"}]