[{"tanggal": "2021-06-01", "imsyak": "04:40", "shubuh": "04:50", "terbit": "06:09", "dhuha": "06:33", "dzuhur": "12:11", "ashr": "15:34", "magrib": "18:09", "isya": "19:23"}, {"tanggal": "2021-06-02", "imsyak": "04:40", "shubuh": "04:50", "terbit": "06:09", "dhuha": "06:33", "dzuhur": "12:11", "ashr": "15:34", "magrib": "18:09", "isya": "19:23"}, {"tanggal": "2021-06-03", "imsyak": "04:40", "shubuh": "04:50", "terbit": "06:09", "dhuha": "06:33", "dzuhur": "12:11", "ashr": "15:35", "magrib": "18:09", "isya": "19:23"}, {"tanggal": "2021-06-04", "imsyak": "04:40", "shubuh": "04:50", "terbit": "06:09", "dhuha": "06:33", "dzuhur": "12:11", "ashr": "15:35", "magrib": "18:09", "isya": "19:23"}, {"tanggal": "2021-06-05", "imsyak": "04:40", "shubuh": "04:50", "terbit": "06:09", "dhuha": "06:33", "dzuhur": "12:11", "ashr": "15:35", "magrib": "18:09", "isya": "19:24"}, {"tanggal": "2021-06-06", "imsyak": "04:40", "shubuh": "04:50", "terbit": "06:09", "dhuha": "06:33", "dzuhur": "12:11", "ashr": "15:35", "magrib": "18:09", "isya": "19:24"}, {"tanggal": "2021-06-07", "imsyak": "04:41", "shubuh": "04:51", "terbit": "06:10", "dhuha": "06:34", "dzuhur": "12:12", "ashr": "15:35", "magrib": "18:10", "isya": "19:24"}, {"tanggal": "2021-06-08", "imsyak": "04:41", "shubuh": "04:51", "terbit": "06:10", "dhuha": "06:34", "dzuhur": "12:12", "ashr": "15:36", "magrib": "18:10", "isya": "19:24"}, {"tanggal": "2021-06-09", "imsyak": "04:41", "shubuh": "04:51", "terbit": "06:10", "dhuha": "06:34", "dzuhur": "12:12", "ashr": "15:36", "magrib": "18:10", "isya": "19:24"}, {"tanggal": "2021-06-10", "imsyak": "04:41", "shubuh": "04:51", "terbit": "06:10", "dhuha": "06:34", "dzuhur": "12:12", "ashr": "15:36", "magrib": "18:10", "isya": "19:25"}, {"tanggal": "2021-06-11", "imsyak": "04:41", "shubuh": "04:51", "terbit": "06:11", "dhuha": "06:35", "dzuhur": "12:12", "ashr": "15:36", "magrib": "18:10", "isya": "19:25"}, {"tanggal": "2021-06-12", "imsyak": "04:41", "shubuh": "04:51", "terbit": "06:11", "dhuha": "06:35", "dzuhur": "12:13", "ashr": "15:36", "magrib": "18:10", "isya": "19:25"}, {"tanggal": "2021-06-13", "imsyak": "04:42", "shubuh": "04:52", "terbit": "06:11", "dhuha": "06:35", "dzuhur": "12:13", "ashr": "15:37", "magrib": "18:11", "isya": "19:25"}, {"tanggal": "2021-06-14", "imsyak": "04:42", "shubuh": "04:52", "terbit": "06:11", "dhuha": "06:35", "dzuhur": "12:13", "ashr": "15:37", "magrib": "18:11", "isya": "19:26"}, {"tanggal": "2021-06-15", "imsyak": "04:42", "shubuh": "04:52", "terbit": "06:11", "dhuha": "06:35", "dzuhur": "12:13", "ashr": "15:37", "magrib": "18:11", "isya": "19:26"}, {"tanggal": "2021-06-16", "imsyak": "04:42", "shubuh": "04:52", "terbit": "06:12", "dhuha": "06:36", "dzuhur": "12:13", "ashr": "15:37", "magrib": "18:11", "isya": "19:26"}, {"tanggal": "2021-06-17", "imsyak": "04:42", "shubuh": "04:52", "terbit": "06:12", "dhuha": "06:36", "dzuhur": "12:14", "ashr": "15:38", "magrib": "18:11", "isya": "19:26"}, {"tanggal": "2021-06-18", "imsyak": "04:42", "shubuh": "04:52", "terbit": "06:12", "dhuha": "06:36", "dzuhur": "12:14", "ashr": "15:38", "magrib": "18:12", "isya": "19:26"}, {"tanggal": "2021-06-19", "imsyak": "04:43", "shubuh": "04:53", "terbit": "06:12", "dhuha": "06:36", "dzuhur": "12:14", "ashr": "15:38", "magrib": "18:12", "isya": "19:27"}, {"tanggal": "2021-06-20", "imsyak": "04:43", "shubuh": "04:53", "terbit": "06:13", "dhuha": "06:37", "dzuhur": "12:14", "ashr": "15:38", "magrib": "18:12", "isya": "19:27"}, {"tanggal": "2021-06-21", "imsyak": "04:43", "shubuh": "04:53", "terbit": "06:13", "dhuha": "06:37", "dzuhur": "12:15", "ashr": "15:38", "magrib": "18:12", "isya": "19:27"}, {"tanggal": "2021-06-22", "imsyak": "04:43", "shubuh": "04:53", "terbit": "06:13", "dhuha": "06:37", "dzuhur": "12:15", "ashr": "15:39", "magrib": "18:12", "isya": "19:27"}, {"tanggal": "2021-06-23", "imsyak": "04:44", "shubuh": "04:54", "terbit": "06:13", "dhuha": "06:37", "dzuhur": "12:15", "ashr": "15:39", "magrib": "18:13", "isya": "19:28"}, {"tanggal": "2021-06-24", "imsyak": "04:44", "shubuh": "04:54", "terbit": "06:13", "dhuha": "06:37", "dzuhur": "12:15", "ashr": "15:39", "magrib": "18:13", "isya": "19:28"}, {"tanggal": "2021-06-25", "imsyak": "04:44", "shubuh": "04:54", "terbit": "06:14", "dhuha": "06:38", "dzuhur": "12:15", "ashr": "15:39", "magrib": "18:13", "isya": "19:28"}, {"tanggal": "2021-06-26", "imsyak": "04:44", "shubuh": "04:54", "terbit": "06:14", "dhuha": "06:38", "dzuhur": "12:16", "ashr": "15:39", "magrib": "18:13", "isya": "19:28"}, {"tanggal": "2021-06-27", "imsyak": "04:44", "shubuh": "04:54", "terbit": "06:14", "dhuha": "06:38", "dzuhur": "12:16", "ashr": "15:40", "magrib": "18:14", "isya": "19:28"}, {"tanggal": "2021-06-28", "imsyak": "04:45", "shubuh": "04:55", "terbit": "06:14", "dhuha": "06:38", "dzuhur": "12:16", "ashr": "15:40", "magrib": "18:14", "isya": "19:29"}, {"tanggal": "2021-06-29", "imsyak": "04:45", "shubuh": "04:55", "terbit": "06:14", "dhuha": "06:38", "dzuhur": "12:16", "ashr": "15:40", "magrib": "18:14", "isya": "19:29"}, {"tanggal": "2021-06-30", "imsyak": "04:45", "shubuh": "04:55", "terbit": "06:15", "dhuha": "06:39", "dzuhur": "12:16", "ashr": "15:40", "magrib": "18:14", "isya": "19:29"}]