[{"tanggal": "2021-07-01", "imsyak": "04:45", "shubuh": "04:55", "terbit": "06:15", "dhuha": "06:39", "dzuhur": "12:17", "ashr": "15:40", "magrib": "18:14", "isya": "19:29"}, {"tanggal": "2021-07-02", "imsyak": "04:46", "shubuh": "04:56", "terbit": "06:15", "dhuha": "06:39", "dzuhur": "12:17", "ashr": "15:41", "magrib": "18:15", "isya": "19:29"}, {"tanggal": "2021-07-03", "imsyak": "04:46", "shubuh": "04:56", "terbit": "06:15", "dhuha": "06:39", "dzuhur": "12:17", "ashr": "15:41", "magrib": "18:15", "isya": "19:30"}, {"tanggal": "2021-07-04", "imsyak": "04:46", "shubuh": "04:56", "terbit": "06:15", "dhuha": "06:39", "dzuhur": "12:17", "ashr": "15:41", "magrib": "18:15", "isya": "19:30"}, {"tanggal": "2021-07-05", "imsyak": "04:46", "shubuh": "04:56", "terbit": "06:16", "dhuha": "06:40", "dzuhur": "12:17", "ashr": "15:41", "magrib": "18:15", "isya": "19:30"}, {"tanggal": "2021-07-06", "imsyak": "04:46", "shubuh": "04:56", "terbit": "06:16", "dhuha": "06:40", "dzuhur": "12:18", "ashr": "15:41", "magrib": "18:15", "isya": "19:30"}, {"tanggal": "2021-07-07", "imsyak": "04:47", "shubuh": "04:57", "terbit": "06:16", "dhuha": "06:40", "dzuhur": "12:18", "ashr": "15:42", "magrib": "18:16", "isya": "19:30"}, {"tanggal": "2021-07-08", "imsyak": "04:47", "shubuh": "04:57", "terbit": "06:16", "dhuha": "06:40", "dzuhur": "12:18", "ashr": "15:42", "magrib": "18:16", "isya": "19:30"}, {"tanggal": "2021-07-09", "imsyak": "04:47", "shubuh": "04:57", "terbit": "06:16", "dhuha": "06:40", "dzuhur": "12:18", "ashr": "15:42", "magrib": "18:16", "isya": "19:30"}, {"tanggal": "2021-07-10", "imsyak": "04:47", "shubuh": "04:57", "terbit": "06:16", "dhuha": "06:40", "dzuhur": "12:18", "ashr": "15:42", "magrib": "18:16", "isya": "19:30"}, {"tanggal": "2021-07-11", "imsyak": "04:47", "shubuh": "04:57", "terbit": "06:16", "dhuha": "06:40", "dzuhur": "12:18", "ashr": "15:42", "magrib": "18:16", "isya": "19:31"}, {"tanggal": "2021-07-12", "imsyak": "04:48", "shubuh": "04:58", "terbit": "06:16", "dhuha": "06:40", "dzuhur": "12:18", "ashr": "15:42", "magrib": "18:17", "isya": "19:31"}, {"tanggal": "2021-07-13", "imsyak": "04:48", "shubuh": "04:58", "terbit": "06:17", "dhuha": "06:41", "dzuhur": "12:19", "ashr": "15:42", "magrib": "18:17", "isya": "19:31"}, {"tanggal": "2021-07-14", "imsyak": "04:48", "shubuh": "04:58", "terbit": "06:17", "dhuha": "06:41", "dzuhur": "12:19", "ashr": "15:42", "magrib": "18:17", "isya": "19:31"}, {"tanggal": "2021-07-15", "imsyak": "04:48", "shubuh": "04:58", "terbit": "06:17", "dhuha": "06:41", "dzuhur": "12:19", "ashr": "15:43", "magrib": "18:17", "isya": "19:31"}, {"tanggal": "2021-07-16", "imsyak": "04:48", "shubuh": "04:58", "terbit": "06:17", "dhuha": "06:41", "dzuhur": "12:19", "ashr": "15:43", "magrib": "18:17", "isya": "19:31"}, {"tanggal": "2021-07-17", "imsyak": "04:48", "shubuh": "04:58", "terbit": "06:17", "dhuha": "06:41", "dzuhur": "12:19", "ashr": "15:43", "magrib": "18:17", "isya": "19:31"}, {"tanggal": "2021-07-18", "imsyak": "04:49", "shubuh": "04:59", "terbit": "06:17", "dhuha": "06:41", "dzuhur": "12:19", "ashr": "15:43", "magrib": "18:17", "isya": "19:31"}, {"tanggal": "2021-07-19", "imsyak": "04:49", "shubuh": "04:59", "terbit": "06:17", "dhuha": "06:41", "dzuhur": "12:19", "ashr": "15:43", "magrib": "18:18", "isya": "19:31"}, {"tanggal": "2021-07-20", "imsyak": "04:49", "shubuh": "04:59", "terbit": "06:17", "dhuha": "06:41", "dzuhur": "12:19", "ashr": "15:43", "magrib": "18:18", "isya": "19:31"}, {"tanggal": "2021-07-21", "imsyak": "04:49", "shubuh": "04:59", "terbit": "06:17", "dhuha": "06:41", "dzuhur": "12:19", "ashr": "15:43", "magrib": "18:18", "isya": "19:31"}, {"tanggal": "2021-07-22", "imsyak": "04:49", "shubuh": "04:59", "terbit": "06:17", "dhuha": "06:41", "dzuhur": "12:19", "ashr": "15:43", "magrib": "18:18", "isya": "19:31"}, {"tanggal": "2021-07-23", "imsyak": "04:49", "shubuh": "04:59", "terbit": "06:17", "dhuha": "06:41", "dzuhur": "12:19", "ashr": "15:43", "magrib": "18:18", "isya": "19:31"}, {"tanggal": "2021-07-24", "imsyak": "04:49", "shubuh": "04:59", "terbit": "06:17", "dhuha": "06:41", "dzuhur": "12:19", "ashr": "15:43", "magrib": "18:18", "isya": "19:31"}, {"tanggal": "2021-07-25", "imsyak": "04:49", "shubuh": "04:59", "terbit": "06:17", "dhuha": "06:41", "dzuhur": "12:19", "ashr": "15:43", "magrib": "18:18", "isya": "19:31"}, {"tanggal": "2021-07-26", "imsyak": "04:49", "shubuh": "04:59", "terbit": "06:17", "dhuha": "06:41", "dzuhur": "12:20", "ashr": "15:43", "magrib": "18:18", "isya": "19:31"}, {"tanggal": "2021-07-27", "imsyak": "04:49", "shubuh": "04:59", "terbit": "06:17", "dhuha": "06:41", "dzuhur": "12:20", "ashr": "15:43", "magrib": "18:18", "isya": "19:31"}, {"tanggal": "2021-07-28", "imsyak": "04:50", "shubuh": "05:00", "terbit": "06:17", "dhuha": "06:41", "dzuhur": "12:20", "ashr": "15:43", "magrib": "18:18", "isya": "19:31"}, {"tanggal": "2021-07-29", "imsyak": "04:50", "shubuh": "05:00", "terbit": "06:17", "dhuha": "06:41", "dzuhur": "12:19", "ashr": "15:43", "magrib": "18:18", "isya": "19:31"}, {"tanggal": "2021-07-30", "imsyak": "04:50", "shubuh": "05:00", "terbit": "06:17", "dhuha": "06:41", "dzuhur": "12:19", "ashr": "15:42", "magrib": "18:18", "isya": "19:31"}, {"tanggal": "2021-07-31", "imsyak": "04:50", "shubuh": "05:00", "terbit": "06:17", "dhuha": "06:41", "dzuhur": "12:19", "ashr": "15:42", "magrib": "18:18", "isya": "19:31"}]