[{"tanggal": "2021-11-01", "imsyak": "04:20", "shubuh": "04:30", "terbit": "05:46", "dhuha": "06:10", "dzuhur": "11:57", "ashr": "15:14", "magrib": "18:03", "isya": "19:15"}, {"tanggal": "2021-11-02", "imsyak": "04:20", "shubuh": "04:30", "terbit": "05:46", "dhuha": "06:10", "dzuhur": "11:57", "ashr": "15:15", "magrib": "18:04", "isya": "19:15"}, {"tanggal": "2021-11-03", "imsyak": "04:20", "shubuh": "04:30", "terbit": "05:45", "dhuha": "06:09", "dzuhur": "11:57", "ashr": "15:15", "magrib": "18:04", "isya": "19:15"}, {"tanggal": "2021-11-04", "imsyak": "04:19", "shubuh": "04:29", "terbit": "05:45", "dhuha": "06:09", "dzuhur": "11:57", "ashr": "15:16", "magrib": "18:04", "isya": "19:15"}, {"tanggal": "2021-11-05", "imsyak": "04:19", "shubuh": "04:29", "terbit": "05:45", "dhuha": "06:09", "dzuhur": "11:57", "ashr": "15:16", "magrib": "18:04", "isya": "19:16"}, {"tanggal": "2021-11-06", "imsyak": "04:19", "shubuh": "04:29", "terbit": "05:45", "dhuha": "06:09", "dzuhur": "11:57", "ashr": "15:16", "magrib": "18:04", "isya": "19:16"}, {"tanggal": "2021-11-07", "imsyak": "04:19", "shubuh": "04:29", "terbit": "05:45", "dhuha": "06:09", "dzuhur": "11:57", "ashr": "15:17", "magrib": "18:04", "isya": "19:16"}, {"tanggal": "2021-11-08", "imsyak": "04:19", "shubuh": "04:29", "terbit": "05:45", "dhuha": "06:09", "dzuhur": "11:57", "ashr": "15:17", "magrib": "18:04", "isya": "19:16"}, {"tanggal": "2021-11-09", "imsyak": "04:19", "shubuh": "04:29", "terbit": "05:45", "dhuha": "06:09", "dzuhur": "11:57", "ashr": "15:17", "magrib": "18:04", "isya": "19:16"}, {"tanggal": "2021-11-10", "imsyak": "04:18", "shubuh": "04:28", "terbit": "05:45", "dhuha": "06:09", "dzuhur": "11:57", "ashr": "15:18", "magrib": "18:04", "isya": "19:17"}, {"tanggal": "2021-11-11", "imsyak": "04:18", "shubuh": "04:28", "terbit": "05:45", "dhuha": "06:09", "dzuhur": "11:57", "ashr": "15:18", "magrib": "18:05", "isya": "19:17"}, {"tanggal": "2021-11-12", "imsyak": "04:18", "shubuh": "04:28", "terbit": "05:45", "dhuha": "06:09", "dzuhur": "11:57", "ashr": "15:19", "magrib": "18:05", "isya": "19:17"}, {"tanggal": "2021-11-13", "imsyak": "04:18", "shubuh": "04:28", "terbit": "05:45", "dhuha": "06:09", "dzuhur": "11:57", "ashr": "15:19", "magrib": "18:05", "isya": "19:18"}, {"tanggal": "2021-11-14", "imsyak": "04:18", "shubuh": "04:28", "terbit": "05:45", "dhuha": "06:09", "dzuhur": "11:57", "ashr": "15:19", "magrib": "18:05", "isya": "19:18"}, {"tanggal": "2021-11-15", "imsyak": "04:18", "shubuh": "04:28", "terbit": "05:45", "dhuha": "06:09", "dzuhur": "11:57", "ashr": "15:20", "magrib": "18:05", "isya": "19:18"}, {"tanggal": "2021-11-16", "imsyak": "04:18", "shubuh": "04:28", "terbit": "05:45", "dhuha": "06:09", "dzuhur": "11:58", "ashr": "15:20", "magrib": "18:06", "isya": "19:19"}, {"tanggal": "2021-11-17", "imsyak": "04:18", "shubuh": "04:28", "terbit": "05:45", "dhuha": "06:09", "dzuhur": "11:58", "ashr": "15:21", "magrib": "18:06", "isya": "19:19"}, {"tanggal": "2021-11-18", "imsyak": "04:18", "shubuh": "04:28", "terbit": "05:46", "dhuha": "06:10", "dzuhur": "11:58", "ashr": "15:21", "magrib": "18:06", "isya": "19:19"}, {"tanggal": "2021-11-19", "imsyak": "04:18", "shubuh": "04:28", "terbit": "05:46", "dhuha": "06:10", "dzuhur": "11:58", "ashr": "15:21", "magrib": "18:06", "isya": "19:20"}, {"tanggal": "2021-11-20", "imsyak": "04:18", "shubuh": "04:28", "terbit": "05:46", "dhuha": "06:10", "dzuhur": "11:58", "ashr": "15:22", "magrib": "18:07", "isya": "19:20"}, {"tanggal": "2021-11-21", "imsyak": "04:18", "shubuh": "04:28", "terbit": "05:46", "dhuha": "06:10", "dzuhur": "11:59", "ashr": "15:22", "magrib": "18:07", "isya": "19:21"}, {"tanggal": "2021-11-22", "imsyak": "04:18", "shubuh": "04:28", "terbit": "05:46", "dhuha": "06:10", "dzuhur": "11:59", "ashr": "15:23", "magrib": "18:07", "isya": "19:21"}, {"tanggal": "2021-11-23", "imsyak": "04:18", "shubuh": "04:28", "terbit": "05:46", "dhuha": "06:10", "dzuhur": "11:59", "ashr": "15:23", "magrib": "18:08", "isya": "19:22"}, {"tanggal": "2021-11-24", "imsyak": "04:18", "shubuh": "04:28", "terbit": "05:47", "dhuha": "06:11", "dzuhur": "11:59", "ashr": "15:24", "magrib": "18:08", "isya": "19:22"}, {"tanggal": "2021-11-25", "imsyak": "04:18", "shubuh": "04:28", "terbit": "05:47", "dhuha": "06:11", "dzuhur": "12:00", "ashr": "15:24", "magrib": "18:08", "isya": "19:22"}, {"tanggal": "2021-11-26", "imsyak": "04:18", "shubuh": "04:28", "terbit": "05:47", "dhuha": "06:11", "dzuhur": "12:00", "ashr": "15:25", "magrib": "18:09", "isya": "19:23"}, {"tanggal": "2021-11-27", "imsyak": "04:18", "shubuh": "04:28", "terbit": "05:47", "dhuha": "06:11", "dzuhur": "12:00", "ashr": "15:25", "magrib": "18:09", "isya": "19:23"}, {"tanggal": "2021-11-28", "imsyak": "04:19", "shubuh": "04:29", "terbit": "05:48", "dhuha": "06:12", "dzuhur": "12:01", "ashr": "15:26", "magrib": "18:09", "isya": "19:24"}, {"tanggal": "2021-11-29", "imsyak": "04:19", "shubuh": "04:29", "terbit": "05:48", "dhuha": "06:12", "dzuhur": "12:01", "ashr": "15:26", "magrib": "18:10", "isya": "19:24"}, {"tanggal": "2021-11-30", "imsyak": "04:19", "shubuh": "04:29", "terbit": "05:48", "dhuha": "06:12", "dzuhur": "12:01", "ashr": "15:27", "magrib": "18:10", "isya": "19:25"}]