[{"imsyak": "04:20", "shubuh": "04:30", "dzuhur": "11:57", "tanggal": "2019-11-01", "terbit": "05:46", "magrib": "18:03", "isya": "19:15", "dhuha": "06:10", "ashr": "15:14"}, {"imsyak": "04:20", "shubuh": "04:30", "dzuhur": "11:57", "tanggal": "2019-11-02", "terbit": "05:46", "magrib": "18:04", "isya": "19:15", "dhuha": "06:10", "ashr": "15:15"}, {"imsyak": "04:20", "shubuh": "04:30", "dzuhur": "11:57", "tanggal": "2019-11-03", "terbit": "05:45", "magrib": "18:04", "isya": "19:15", "dhuha": "06:09", "ashr": "15:15"}, {"imsyak": "04:19", "shubuh": "04:29", "dzuhur": "11:57", "tanggal": "2019-11-04", "terbit": "05:45", "magrib": "18:04", "isya": "19:15", "dhuha": "06:09", "ashr": "15:16"}, {"imsyak": "04:19", "shubuh": "04:29", "dzuhur": "11:57", "tanggal": "2019-11-05", "terbit": "05:45", "magrib": "18:04", "isya": "19:16", "dhuha": "06:09", "ashr": "15:16"}, {"imsyak": "04:19", "shubuh": "04:29", "dzuhur": "11:57", "tanggal": "2019-11-06", "terbit": "05:45", "magrib": "18:04", "isya": "19:16", "dhuha": "06:09", "ashr": "15:16"}, {"imsyak": "04:19", "shubuh": "04:29", "dzuhur": "11:57", "tanggal": "2019-11-07", "terbit": "05:45", "magrib": "18:04", "isya": "19:16", "dhuha": "06:09", "ashr": "15:17"}, {"imsyak": "04:19", "shubuh": "04:29", "dzuhur": "11:57", "tanggal": "2019-11-08", "terbit": "05:45", "magrib": "18:04", "isya": "19:16", "dhuha": "06:09", "ashr": "15:17"}, {"imsyak": "04:19", "shubuh": "04:29", "dzuhur": "11:57", "tanggal": "2019-11-09", "terbit": "05:45", "magrib": "18:04", "isya": "19:16", "dhuha": "06:09", "ashr": "15:17"}, {"imsyak": "04:18", "shubuh": "04:28", "dzuhur": "11:57", "tanggal": "2019-11-10", "terbit": "05:45", "magrib": "18:04", "isya": "19:17", "dhuha": "06:09", "ashr": "15:18"}, {"imsyak": "04:18", "shubuh": "04:28", "dzuhur": "11:57", "tanggal": "2019-11-11", "terbit": "05:45", "magrib": "18:05", "isya": "19:17", "dhuha": "06:09", "ashr": "15:18"}, {"imsyak": "04:18", "shubuh": "04:28", "dzuhur": "11:57", "tanggal": "2019-11-12", "terbit": "05:45", "magrib": "18:05", "isya": "19:17", "dhuha": "06:09", "ashr": "15:19"}, {"imsyak": "04:18", "shubuh": "04:28", "dzuhur": "11:57", "tanggal": "2019-11-13", "terbit": "05:45", "magrib": "18:05", "isya": "19:18", "dhuha": "06:09", "ashr": "15:19"}, {"imsyak": "04:18", "shubuh": "04:28", "dzuhur": "11:57", "tanggal": "2019-11-14", "terbit": "05:45", "magrib": "18:05", "isya": "19:18", "dhuha": "06:09", "ashr": "15:19"}, {"imsyak": "04:18", "shubuh": "04:28", "dzuhur": "11:57", "tanggal": "2019-11-15", "terbit": "05:45", "magrib": "18:05", "isya": "19:18", "dhuha": "06:09", "ashr": "15:20"}, {"imsyak": "04:18", "shubuh": "04:28", "dzuhur": "11:58", "tanggal": "2019-11-16", "terbit": "05:45", "magrib": "18:06", "isya": "19:19", "dhuha": "06:09", "ashr": "15:20"}, {"imsyak": "04:18", "shubuh": "04:28", "dzuhur": "11:58", "tanggal": "2019-11-17", "terbit": "05:45", "magrib": "18:06", "isya": "19:19", "dhuha": "06:09", "ashr": "15:21"}, {"imsyak": "04:18", "shubuh": "04:28", "dzuhur": "11:58", "tanggal": "2019-11-18", "terbit": "05:46", "magrib": "18:06", "isya": "19:19", "dhuha": "06:10", "ashr": "15:21"}, {"imsyak": "04:18", "shubuh": "04:28", "dzuhur": "11:58", "tanggal": "2019-11-19", "terbit": "05:46", "magrib": "18:06", "isya": "19:20", "dhuha": "06:10", "ashr": "15:21"}, {"imsyak": "04:18", "shubuh": "04:28", "dzuhur": "11:58", "tanggal": "2019-11-20", "terbit": "05:46", "magrib": "18:07", "isya": "19:20", "dhuha": "06:10", "ashr": "15:22"}, {"imsyak": "04:18", "shubuh": "04:28", "dzuhur": "11:59", "tanggal": "2019-11-21", "terbit": "05:46", "magrib": "18:07", "isya": "19:21", "dhuha": "06:10", "ashr": "15:22"}, {"imsyak": "04:18", "shubuh": "04:28", "dzuhur": "11:59", "tanggal": "2019-11-22", "terbit": "05:46", "magrib": "18:07", "isya": "19:21", "dhuha": "06:10", "ashr": "15:23"}, {"imsyak": "04:18", "shubuh": "04:28", "dzuhur": "11:59", "tanggal": "2019-11-23", "terbit": "05:46", "magrib": "18:08", "isya": "19:22", "dhuha": "06:10", "ashr": "15:23"}, {"imsyak": "04:18", "shubuh": "04:28", "dzuhur": "11:59", "tanggal": "2019-11-24", "terbit": "05:47", "magrib": "18:08", "isya": "19:22", "dhuha": "06:11", "ashr": "15:24"}, {"imsyak": "04:18", "shubuh": "04:28", "dzuhur": "12:00", "tanggal": "2019-11-25", "terbit": "05:47", "magrib": "18:08", "isya": "19:22", "dhuha": "06:11", "ashr": "15:24"}, {"imsyak": "04:18", "shubuh": "04:28", "dzuhur": "12:00", "tanggal": "2019-11-26", "terbit": "05:47", "magrib": "18:09", "isya": "19:23", "dhuha": "06:11", "ashr": "15:25"}, {"imsyak": "04:18", "shubuh": "04:28", "dzuhur": "12:00", "tanggal": "2019-11-27", "terbit": "05:47", "magrib": "18:09", "isya": "19:23", "dhuha": "06:11", "ashr": "15:25"}, {"imsyak": "04:19", "shubuh": "04:29", "dzuhur": "12:01", "tanggal": "2019-11-28", "terbit": "05:48", "magrib": "18:10", "isya": "19:24", "dhuha": "06:12", "ashr": "15:26"}, {"imsyak": "04:19", "shubuh": "04:29", "dzuhur": "12:01", "tanggal": "2019-11-29", "terbit": "05:48", "magrib": "18:10", "isya": "19:24", "dhuha": "06:12", "ashr": "15:26"}, {"imsyak": "04:19", "shubuh": "04:29", "dzuhur": "12:01", "tanggal": "2019-11-30", "terbit": "05:48", "magrib": "18:10", "isya": "19:25", "dhuha": "06:12", "ashr": "15:27"}]