[{"tanggal": "2021-01-01", "imsyak": "03:52", "shubuh": "04:02", "terbit": "05:23", "dhuha": "05:47", "dzuhur": "11:43", "ashr": "15:10", "magrib": "18:00", "isya": "19:16"}, {"tanggal": "2021-01-02", "imsyak": "03:52", "shubuh": "04:02", "terbit": "05:24", "dhuha": "05:48", "dzuhur": "11:44", "ashr": "15:11", "magrib": "18:00", "isya": "19:16"}, {"tanggal": "2021-01-03", "imsyak": "03:53", "shubuh": "04:03", "terbit": "05:24", "dhuha": "05:48", "dzuhur": "11:44", "ashr": "15:11", "magrib": "18:00", "isya": "19:17"}, {"tanggal": "2021-01-04", "imsyak": "03:53", "shubuh": "04:03", "terbit": "05:25", "dhuha": "05:49", "dzuhur": "11:45", "ashr": "15:12", "magrib": "18:01", "isya": "19:17"}, {"tanggal": "2021-01-05", "imsyak": "03:54", "shubuh": "04:04", "terbit": "05:25", "dhuha": "05:49", "dzuhur": "11:45", "ashr": "15:12", "magrib": "18:01", "isya": "19:17"}, {"tanggal": "2021-01-06", "imsyak": "03:55", "shubuh": "04:05", "terbit": "05:26", "dhuha": "05:50", "dzuhur": "11:46", "ashr": "15:12", "magrib": "18:02", "isya": "19:18"}, {"tanggal": "2021-01-07", "imsyak": "03:55", "shubuh": "04:05", "terbit": "05:26", "dhuha": "05:50", "dzuhur": "11:46", "ashr": "15:13", "magrib": "18:02", "isya": "19:18"}, {"tanggal": "2021-01-08", "imsyak": "03:56", "shubuh": "04:06", "terbit": "05:27", "dhuha": "05:51", "dzuhur": "11:47", "ashr": "15:13", "magrib": "18:02", "isya": "19:18"}, {"tanggal": "2021-01-09", "imsyak": "03:56", "shubuh": "04:06", "terbit": "05:27", "dhuha": "05:51", "dzuhur": "11:47", "ashr": "15:13", "magrib": "18:03", "isya": "19:19"}, {"tanggal": "2021-01-10", "imsyak": "03:57", "shubuh": "04:07", "terbit": "05:28", "dhuha": "05:52", "dzuhur": "11:47", "ashr": "15:13", "magrib": "18:03", "isya": "19:19"}, {"tanggal": "2021-01-11", "imsyak": "03:58", "shubuh": "04:08", "terbit": "05:28", "dhuha": "05:52", "dzuhur": "11:48", "ashr": "15:14", "magrib": "18:03", "isya": "19:19"}, {"tanggal": "2021-01-12", "imsyak": "03:58", "shubuh": "04:08", "terbit": "05:29", "dhuha": "05:53", "dzuhur": "11:48", "ashr": "15:14", "magrib": "18:04", "isya": "19:19"}, {"tanggal": "2021-01-13", "imsyak": "03:59", "shubuh": "04:09", "terbit": "05:29", "dhuha": "05:53", "dzuhur": "11:49", "ashr": "15:14", "magrib": "18:04", "isya": "19:19"}, {"tanggal": "2021-01-14", "imsyak": "03:59", "shubuh": "04:09", "terbit": "05:30", "dhuha": "05:54", "dzuhur": "11:49", "ashr": "15:14", "magrib": "18:04", "isya": "19:20"}, {"tanggal": "2021-01-15", "imsyak": "04:00", "shubuh": "04:10", "terbit": "05:30", "dhuha": "05:54", "dzuhur": "11:49", "ashr": "15:14", "magrib": "18:04", "isya": "19:20"}, {"tanggal": "2021-01-16", "imsyak": "04:01", "shubuh": "04:11", "terbit": "05:31", "dhuha": "05:55", "dzuhur": "11:50", "ashr": "15:15", "magrib": "18:05", "isya": "19:20"}, {"tanggal": "2021-01-17", "imsyak": "04:01", "shubuh": "04:11", "terbit": "05:31", "dhuha": "05:55", "dzuhur": "11:50", "ashr": "15:15", "magrib": "18:05", "isya": "19:20"}, {"tanggal": "2021-01-18", "imsyak": "04:02", "shubuh": "04:12", "terbit": "05:32", "dhuha": "05:56", "dzuhur": "11:50", "ashr": "15:15", "magrib": "18:05", "isya": "19:20"}, {"tanggal": "2021-01-19", "imsyak": "04:02", "shubuh": "04:12", "terbit": "05:32", "dhuha": "05:56", "dzuhur": "11:51", "ashr": "15:15", "magrib": "18:05", "isya": "19:20"}, {"tanggal": "2021-01-20", "imsyak": "04:03", "shubuh": "04:13", "terbit": "05:33", "dhuha": "05:57", "dzuhur": "11:51", "ashr": "15:15", "magrib": "18:06", "isya": "19:20"}, {"tanggal": "2021-01-21", "imsyak": "04:03", "shubuh": "04:13", "terbit": "05:33", "dhuha": "05:57", "dzuhur": "11:51", "ashr": "15:15", "magrib": "18:06", "isya": "19:20"}, {"tanggal": "2021-01-22", "imsyak": "04:04", "shubuh": "04:14", "terbit": "05:33", "dhuha": "05:57", "dzuhur": "11:52", "ashr": "15:15", "magrib": "18:06", "isya": "19:20"}, {"tanggal": "2021-01-23", "imsyak": "04:05", "shubuh": "04:15", "terbit": "05:34", "dhuha": "05:58", "dzuhur": "11:52", "ashr": "15:15", "magrib": "18:06", "isya": "19:20"}, {"tanggal": "2021-01-24", "imsyak": "04:05", "shubuh": "04:15", "terbit": "05:34", "dhuha": "05:58", "dzuhur": "11:52", "ashr": "15:15", "magrib": "18:06", "isya": "19:20"}, {"tanggal": "2021-01-25", "imsyak": "04:06", "shubuh": "04:16", "terbit": "05:35", "dhuha": "05:59", "dzuhur": "11:52", "ashr": "15:15", "magrib": "18:06", "isya": "19:20"}, {"tanggal": "2021-01-26", "imsyak": "04:06", "shubuh": "04:16", "terbit": "05:35", "dhuha": "05:59", "dzuhur": "11:53", "ashr": "15:15", "magrib": "18:06", "isya": "19:20"}, {"tanggal": "2021-01-27", "imsyak": "04:07", "shubuh": "04:17", "terbit": "05:35", "dhuha": "05:59", "dzuhur": "11:53", "ashr": "15:15", "magrib": "18:06", "isya": "19:20"}, {"tanggal": "2021-01-28", "imsyak": "04:07", "shubuh": "04:17", "terbit": "05:36", "dhuha": "06:00", "dzuhur": "11:53", "ashr": "15:14", "magrib": "18:06", "isya": "19:20"}, {"tanggal": "2021-01-29", "imsyak": "04:08", "shubuh": "04:18", "terbit": "05:36", "dhuha": "06:00", "dzuhur": "11:53", "ashr": "15:14", "magrib": "18:06", "isya": "19:20"}, {"tanggal": "2021-01-30", "imsyak": "04:08", "shubuh": "04:18", "terbit": "05:36", "dhuha": "06:00", "dzuhur": "11:53", "ashr": "15:14", "magrib": "18:06", "isya": "19:20"}, {"tanggal": "2021-01-31", "imsyak": "04:09", "shubuh": "04:19", "terbit": "05:37", "dhuha": "06:01", "dzuhur": "11:54", "ashr": "15:14", "magrib": "18:06", "isya": "19:20"}]