[{"tanggal": "2021-03-01", "imsyak": "04:17", "shubuh": "04:27", "terbit": "05:41", "dhuha": "06:05", "dzuhur": "11:53", "ashr": "14:56", "magrib": "18:00", "isya": "19:10"}, {"tanggal": "2021-03-02", "imsyak": "04:17", "shubuh": "04:27", "terbit": "05:42", "dhuha": "06:06", "dzuhur": "11:53", "ashr": "14:55", "magrib": "18:00", "isya": "19:10"}, {"tanggal": "2021-03-03", "imsyak": "04:17", "shubuh": "04:27", "terbit": "05:42", "dhuha": "06:06", "dzuhur": "11:53", "ashr": "14:54", "magrib": "18:00", "isya": "19:10"}, {"tanggal": "2021-03-04", "imsyak": "04:17", "shubuh": "04:27", "terbit": "05:42", "dhuha": "06:06", "dzuhur": "11:52", "ashr": "14:55", "magrib": "17:59", "isya": "19:09"}, {"tanggal": "2021-03-05", "imsyak": "04:17", "shubuh": "04:27", "terbit": "05:42", "dhuha": "06:06", "dzuhur": "11:52", "ashr": "14:55", "magrib": "17:59", "isya": "19:09"}, {"tanggal": "2021-03-06", "imsyak": "04:17", "shubuh": "04:27", "terbit": "05:41", "dhuha": "06:05", "dzuhur": "11:52", "ashr": "14:56", "magrib": "17:58", "isya": "19:08"}, {"tanggal": "2021-03-07", "imsyak": "04:18", "shubuh": "04:28", "terbit": "05:41", "dhuha": "06:05", "dzuhur": "11:52", "ashr": "14:56", "magrib": "17:58", "isya": "19:08"}, {"tanggal": "2021-03-08", "imsyak": "04:18", "shubuh": "04:28", "terbit": "05:41", "dhuha": "06:05", "dzuhur": "11:51", "ashr": "14:56", "magrib": "17:57", "isya": "19:07"}, {"tanggal": "2021-03-09", "imsyak": "04:18", "shubuh": "04:28", "terbit": "05:41", "dhuha": "06:05", "dzuhur": "11:51", "ashr": "14:57", "magrib": "17:57", "isya": "19:07"}, {"tanggal": "2021-03-10", "imsyak": "04:18", "shubuh": "04:28", "terbit": "05:41", "dhuha": "06:05", "dzuhur": "11:51", "ashr": "14:57", "magrib": "17:57", "isya": "19:06"}, {"tanggal": "2021-03-11", "imsyak": "04:18", "shubuh": "04:28", "terbit": "05:41", "dhuha": "06:05", "dzuhur": "11:51", "ashr": "14:57", "magrib": "17:56", "isya": "19:06"}, {"tanggal": "2021-03-12", "imsyak": "04:18", "shubuh": "04:28", "terbit": "05:41", "dhuha": "06:05", "dzuhur": "11:50", "ashr": "14:58", "magrib": "17:56", "isya": "19:05"}, {"tanggal": "2021-03-13", "imsyak": "04:18", "shubuh": "04:28", "terbit": "05:41", "dhuha": "06:05", "dzuhur": "11:50", "ashr": "14:58", "magrib": "17:55", "isya": "19:05"}, {"tanggal": "2021-03-14", "imsyak": "04:18", "shubuh": "04:28", "terbit": "05:41", "dhuha": "06:05", "dzuhur": "11:50", "ashr": "14:58", "magrib": "17:55", "isya": "19:04"}, {"tanggal": "2021-03-15", "imsyak": "04:18", "shubuh": "04:28", "terbit": "05:41", "dhuha": "06:05", "dzuhur": "11:50", "ashr": "14:59", "magrib": "17:54", "isya": "19:04"}, {"tanggal": "2021-03-16", "imsyak": "04:18", "shubuh": "04:28", "terbit": "05:41", "dhuha": "06:05", "dzuhur": "11:49", "ashr": "14:59", "magrib": "17:54", "isya": "19:03"}, {"tanggal": "2021-03-17", "imsyak": "04:17", "shubuh": "04:27", "terbit": "05:41", "dhuha": "06:05", "dzuhur": "11:49", "ashr": "14:59", "magrib": "17:53", "isya": "19:03"}, {"tanggal": "2021-03-18", "imsyak": "04:17", "shubuh": "04:27", "terbit": "05:41", "dhuha": "06:05", "dzuhur": "11:49", "ashr": "14:59", "magrib": "17:53", "isya": "19:02"}, {"tanggal": "2021-03-19", "imsyak": "04:17", "shubuh": "04:27", "terbit": "05:41", "dhuha": "06:05", "dzuhur": "11:49", "ashr": "14:59", "magrib": "17:52", "isya": "19:02"}, {"tanggal": "2021-03-20", "imsyak": "04:17", "shubuh": "04:27", "terbit": "05:41", "dhuha": "06:05", "dzuhur": "11:48", "ashr": "15:00", "magrib": "17:52", "isya": "19:01"}, {"tanggal": "2021-03-21", "imsyak": "04:17", "shubuh": "04:27", "terbit": "05:41", "dhuha": "06:05", "dzuhur": "11:48", "ashr": "15:00", "magrib": "17:51", "isya": "19:00"}, {"tanggal": "2021-03-22", "imsyak": "04:17", "shubuh": "04:27", "terbit": "05:40", "dhuha": "06:04", "dzuhur": "11:48", "ashr": "15:00", "magrib": "17:51", "isya": "19:00"}, {"tanggal": "2021-03-23", "imsyak": "04:17", "shubuh": "04:27", "terbit": "05:40", "dhuha": "06:04", "dzuhur": "11:47", "ashr": "15:00", "magrib": "17:50", "isya": "18:59"}, {"tanggal": "2021-03-24", "imsyak": "04:17", "shubuh": "04:27", "terbit": "05:40", "dhuha": "06:04", "dzuhur": "11:47", "ashr": "15:00", "magrib": "17:50", "isya": "18:59"}, {"tanggal": "2021-03-25", "imsyak": "04:17", "shubuh": "04:27", "terbit": "05:40", "dhuha": "06:04", "dzuhur": "11:47", "ashr": "15:00", "magrib": "17:49", "isya": "18:58"}, {"tanggal": "2021-03-26", "imsyak": "04:17", "shubuh": "04:27", "terbit": "05:40", "dhuha": "06:04", "dzuhur": "11:46", "ashr": "15:00", "magrib": "17:49", "isya": "18:58"}, {"tanggal": "2021-03-27", "imsyak": "04:17", "shubuh": "04:27", "terbit": "05:40", "dhuha": "06:04", "dzuhur": "11:46", "ashr": "15:00", "magrib": "17:48", "isya": "18:57"}, {"tanggal": "2021-03-28", "imsyak": "04:17", "shubuh": "04:27", "terbit": "05:40", "dhuha": "06:04", "dzuhur": "11:46", "ashr": "15:01", "magrib": "17:48", "isya": "18:57"}, {"tanggal": "2021-03-29", "imsyak": "04:16", "shubuh": "04:26", "terbit": "05:40", "dhuha": "06:04", "dzuhur": "11:46", "ashr": "15:01", "magrib": "17:47", "isya": "18:57"}, {"tanggal": "2021-03-30", "imsyak": "04:16", "shubuh": "04:26", "terbit": "05:40", "dhuha": "06:04", "dzuhur": "11:45", "ashr": "15:01", "magrib": "17:47", "isya": "18:56"}, {"tanggal": "2021-03-31", "imsyak": "04:16", "shubuh": "04:26", "terbit": "05:40", "dhuha": "06:04", "dzuhur": "11:45", "ashr": "15:01", "magrib": "17:46", "isya": "18:56"}]