[{"tanggal": "2021-07-01", "imsyak": "04:19", "shubuh": "04:29", "terbit": "05:49", "dhuha": "06:13", "dzuhur": "11:44", "ashr": "15:05", "magrib": "17:35", "isya": "18:50"}, {"tanggal": "2021-07-02", "imsyak": "04:19", "shubuh": "04:29", "terbit": "05:49", "dhuha": "06:13", "dzuhur": "11:44", "ashr": "15:05", "magrib": "17:36", "isya": "18:50"}, {"tanggal": "2021-07-03", "imsyak": "04:20", "shubuh": "04:30", "terbit": "05:49", "dhuha": "06:13", "dzuhur": "11:44", "ashr": "15:06", "magrib": "17:36", "isya": "18:51"}, {"tanggal": "2021-07-04", "imsyak": "04:20", "shubuh": "04:30", "terbit": "05:49", "dhuha": "06:13", "dzuhur": "11:45", "ashr": "15:06", "magrib": "17:36", "isya": "18:51"}, {"tanggal": "2021-07-05", "imsyak": "04:20", "shubuh": "04:30", "terbit": "05:49", "dhuha": "06:13", "dzuhur": "11:45", "ashr": "15:06", "magrib": "17:36", "isya": "18:51"}, {"tanggal": "2021-07-06", "imsyak": "04:20", "shubuh": "04:30", "terbit": "05:50", "dhuha": "06:14", "dzuhur": "11:45", "ashr": "15:06", "magrib": "17:36", "isya": "18:51"}, {"tanggal": "2021-07-07", "imsyak": "04:20", "shubuh": "04:30", "terbit": "05:50", "dhuha": "06:14", "dzuhur": "11:45", "ashr": "15:06", "magrib": "17:37", "isya": "18:51"}, {"tanggal": "2021-07-08", "imsyak": "04:21", "shubuh": "04:31", "terbit": "05:50", "dhuha": "06:14", "dzuhur": "11:45", "ashr": "15:07", "magrib": "17:37", "isya": "18:51"}, {"tanggal": "2021-07-09", "imsyak": "04:21", "shubuh": "04:31", "terbit": "05:50", "dhuha": "06:14", "dzuhur": "11:46", "ashr": "15:07", "magrib": "17:37", "isya": "18:52"}, {"tanggal": "2021-07-10", "imsyak": "04:21", "shubuh": "04:31", "terbit": "05:50", "dhuha": "06:14", "dzuhur": "11:46", "ashr": "15:07", "magrib": "17:37", "isya": "18:52"}, {"tanggal": "2021-07-11", "imsyak": "04:21", "shubuh": "04:31", "terbit": "05:50", "dhuha": "06:14", "dzuhur": "11:46", "ashr": "15:07", "magrib": "17:38", "isya": "18:52"}, {"tanggal": "2021-07-12", "imsyak": "04:21", "shubuh": "04:31", "terbit": "05:50", "dhuha": "06:14", "dzuhur": "11:46", "ashr": "15:07", "magrib": "17:38", "isya": "18:52"}, {"tanggal": "2021-07-13", "imsyak": "04:21", "shubuh": "04:31", "terbit": "05:50", "dhuha": "06:14", "dzuhur": "11:46", "ashr": "15:08", "magrib": "17:38", "isya": "18:52"}, {"tanggal": "2021-07-14", "imsyak": "04:21", "shubuh": "04:31", "terbit": "05:50", "dhuha": "06:14", "dzuhur": "11:46", "ashr": "15:08", "magrib": "17:38", "isya": "18:52"}, {"tanggal": "2021-07-15", "imsyak": "04:22", "shubuh": "04:32", "terbit": "05:50", "dhuha": "06:14", "dzuhur": "11:46", "ashr": "15:08", "magrib": "17:38", "isya": "18:52"}, {"tanggal": "2021-07-16", "imsyak": "04:22", "shubuh": "04:32", "terbit": "05:50", "dhuha": "06:14", "dzuhur": "11:46", "ashr": "15:08", "magrib": "17:39", "isya": "18:53"}, {"tanggal": "2021-07-17", "imsyak": "04:22", "shubuh": "04:32", "terbit": "05:50", "dhuha": "06:14", "dzuhur": "11:47", "ashr": "15:08", "magrib": "17:39", "isya": "18:53"}, {"tanggal": "2021-07-18", "imsyak": "04:22", "shubuh": "04:32", "terbit": "05:50", "dhuha": "06:14", "dzuhur": "11:47", "ashr": "15:08", "magrib": "17:39", "isya": "18:53"}, {"tanggal": "2021-07-19", "imsyak": "04:22", "shubuh": "04:32", "terbit": "05:50", "dhuha": "06:14", "dzuhur": "11:47", "ashr": "15:08", "magrib": "17:39", "isya": "18:53"}, {"tanggal": "2021-07-20", "imsyak": "04:22", "shubuh": "04:32", "terbit": "05:50", "dhuha": "06:14", "dzuhur": "11:47", "ashr": "15:08", "magrib": "17:39", "isya": "18:53"}, {"tanggal": "2021-07-21", "imsyak": "04:22", "shubuh": "04:32", "terbit": "05:50", "dhuha": "06:14", "dzuhur": "11:47", "ashr": "15:08", "magrib": "17:39", "isya": "18:53"}, {"tanggal": "2021-07-22", "imsyak": "04:22", "shubuh": "04:32", "terbit": "05:50", "dhuha": "06:14", "dzuhur": "11:47", "ashr": "15:09", "magrib": "17:40", "isya": "18:53"}, {"tanggal": "2021-07-23", "imsyak": "04:22", "shubuh": "04:32", "terbit": "05:50", "dhuha": "06:14", "dzuhur": "11:47", "ashr": "15:09", "magrib": "17:40", "isya": "18:53"}, {"tanggal": "2021-07-24", "imsyak": "04:22", "shubuh": "04:32", "terbit": "05:50", "dhuha": "06:14", "dzuhur": "11:47", "ashr": "15:09", "magrib": "17:40", "isya": "18:53"}, {"tanggal": "2021-07-25", "imsyak": "04:22", "shubuh": "04:32", "terbit": "05:50", "dhuha": "06:14", "dzuhur": "11:47", "ashr": "15:09", "magrib": "17:40", "isya": "18:53"}, {"tanggal": "2021-07-26", "imsyak": "04:22", "shubuh": "04:32", "terbit": "05:50", "dhuha": "06:14", "dzuhur": "11:47", "ashr": "15:09", "magrib": "17:40", "isya": "18:53"}, {"tanggal": "2021-07-27", "imsyak": "04:22", "shubuh": "04:32", "terbit": "05:50", "dhuha": "06:14", "dzuhur": "11:47", "ashr": "15:09", "magrib": "17:40", "isya": "18:53"}, {"tanggal": "2021-07-28", "imsyak": "04:22", "shubuh": "04:32", "terbit": "05:50", "dhuha": "06:14", "dzuhur": "11:47", "ashr": "15:09", "magrib": "17:40", "isya": "18:53"}, {"tanggal": "2021-07-29", "imsyak": "04:22", "shubuh": "04:32", "terbit": "05:49", "dhuha": "06:13", "dzuhur": "11:47", "ashr": "15:09", "magrib": "17:40", "isya": "18:53"}, {"tanggal": "2021-07-30", "imsyak": "04:22", "shubuh": "04:32", "terbit": "05:49", "dhuha": "06:13", "dzuhur": "11:47", "ashr": "15:09", "magrib": "17:41", "isya": "18:53"}, {"tanggal": "2021-07-31", "imsyak": "04:22", "shubuh": "04:32", "terbit": "05:49", "dhuha": "06:13", "dzuhur": "11:47", "ashr": "15:09", "magrib": "17:41", "isya": "18:53"}]