[{"tanggal": "2021-08-01", "imsyak": "04:22", "shubuh": "04:32", "terbit": "05:49", "dhuha": "06:13", "dzuhur": "11:47", "ashr": "15:09", "magrib": "17:41", "isya": "18:53"}, {"tanggal": "2021-08-02", "imsyak": "04:22", "shubuh": "04:32", "terbit": "05:49", "dhuha": "06:13", "dzuhur": "11:47", "ashr": "15:09", "magrib": "17:41", "isya": "18:53"}, {"tanggal": "2021-08-03", "imsyak": "04:22", "shubuh": "04:32", "terbit": "05:49", "dhuha": "06:13", "dzuhur": "11:47", "ashr": "15:08", "magrib": "17:41", "isya": "18:53"}, {"tanggal": "2021-08-04", "imsyak": "04:22", "shubuh": "04:32", "terbit": "05:48", "dhuha": "06:12", "dzuhur": "11:47", "ashr": "15:08", "magrib": "17:41", "isya": "18:53"}, {"tanggal": "2021-08-05", "imsyak": "04:22", "shubuh": "04:32", "terbit": "05:48", "dhuha": "06:12", "dzuhur": "11:47", "ashr": "15:08", "magrib": "17:41", "isya": "18:53"}, {"tanggal": "2021-08-06", "imsyak": "04:21", "shubuh": "04:31", "terbit": "05:48", "dhuha": "06:12", "dzuhur": "11:46", "ashr": "15:08", "magrib": "17:41", "isya": "18:53"}, {"tanggal": "2021-08-07", "imsyak": "04:21", "shubuh": "04:31", "terbit": "05:48", "dhuha": "06:12", "dzuhur": "11:46", "ashr": "15:08", "magrib": "17:41", "isya": "18:53"}, {"tanggal": "2021-08-08", "imsyak": "04:21", "shubuh": "04:31", "terbit": "05:47", "dhuha": "06:11", "dzuhur": "11:46", "ashr": "15:08", "magrib": "17:41", "isya": "18:53"}, {"tanggal": "2021-08-09", "imsyak": "04:21", "shubuh": "04:31", "terbit": "05:47", "dhuha": "06:11", "dzuhur": "11:46", "ashr": "15:08", "magrib": "17:41", "isya": "18:53"}, {"tanggal": "2021-08-10", "imsyak": "04:21", "shubuh": "04:31", "terbit": "05:47", "dhuha": "06:11", "dzuhur": "11:46", "ashr": "15:08", "magrib": "17:41", "isya": "18:53"}, {"tanggal": "2021-08-11", "imsyak": "04:21", "shubuh": "04:31", "terbit": "05:47", "dhuha": "06:11", "dzuhur": "11:46", "ashr": "15:07", "magrib": "17:41", "isya": "18:53"}, {"tanggal": "2021-08-12", "imsyak": "04:20", "shubuh": "04:30", "terbit": "05:46", "dhuha": "06:10", "dzuhur": "11:46", "ashr": "15:07", "magrib": "17:41", "isya": "18:53"}, {"tanggal": "2021-08-13", "imsyak": "04:20", "shubuh": "04:30", "terbit": "05:46", "dhuha": "06:10", "dzuhur": "11:46", "ashr": "15:07", "magrib": "17:41", "isya": "18:53"}, {"tanggal": "2021-08-14", "imsyak": "04:20", "shubuh": "04:30", "terbit": "05:46", "dhuha": "06:10", "dzuhur": "11:45", "ashr": "15:07", "magrib": "17:41", "isya": "18:52"}, {"tanggal": "2021-08-15", "imsyak": "04:20", "shubuh": "04:30", "terbit": "05:45", "dhuha": "06:09", "dzuhur": "11:45", "ashr": "15:06", "magrib": "17:41", "isya": "18:52"}, {"tanggal": "2021-08-16", "imsyak": "04:20", "shubuh": "04:30", "terbit": "05:45", "dhuha": "06:09", "dzuhur": "11:45", "ashr": "15:06", "magrib": "17:41", "isya": "18:52"}, {"tanggal": "2021-08-17", "imsyak": "04:19", "shubuh": "04:29", "terbit": "05:45", "dhuha": "06:09", "dzuhur": "11:45", "ashr": "15:06", "magrib": "17:41", "isya": "18:52"}, {"tanggal": "2021-08-18", "imsyak": "04:19", "shubuh": "04:29", "terbit": "05:44", "dhuha": "06:08", "dzuhur": "11:45", "ashr": "15:06", "magrib": "17:41", "isya": "18:52"}, {"tanggal": "2021-08-19", "imsyak": "04:19", "shubuh": "04:29", "terbit": "05:44", "dhuha": "06:08", "dzuhur": "11:44", "ashr": "15:05", "magrib": "17:41", "isya": "18:52"}, {"tanggal": "2021-08-20", "imsyak": "04:18", "shubuh": "04:28", "terbit": "05:43", "dhuha": "06:07", "dzuhur": "11:44", "ashr": "15:05", "magrib": "17:41", "isya": "18:52"}, {"tanggal": "2021-08-21", "imsyak": "04:18", "shubuh": "04:28", "terbit": "05:43", "dhuha": "06:07", "dzuhur": "11:44", "ashr": "15:05", "magrib": "17:41", "isya": "18:51"}, {"tanggal": "2021-08-22", "imsyak": "04:18", "shubuh": "04:28", "terbit": "05:43", "dhuha": "06:07", "dzuhur": "11:44", "ashr": "15:04", "magrib": "17:41", "isya": "18:51"}, {"tanggal": "2021-08-23", "imsyak": "04:17", "shubuh": "04:27", "terbit": "05:42", "dhuha": "06:06", "dzuhur": "11:43", "ashr": "15:04", "magrib": "17:41", "isya": "18:51"}, {"tanggal": "2021-08-24", "imsyak": "04:17", "shubuh": "04:27", "terbit": "05:42", "dhuha": "06:06", "dzuhur": "11:43", "ashr": "15:04", "magrib": "17:41", "isya": "18:51"}, {"tanggal": "2021-08-25", "imsyak": "04:17", "shubuh": "04:27", "terbit": "05:41", "dhuha": "06:05", "dzuhur": "11:43", "ashr": "15:03", "magrib": "17:41", "isya": "18:51"}, {"tanggal": "2021-08-26", "imsyak": "04:16", "shubuh": "04:26", "terbit": "05:41", "dhuha": "06:05", "dzuhur": "11:43", "ashr": "15:03", "magrib": "17:40", "isya": "18:51"}, {"tanggal": "2021-08-27", "imsyak": "04:16", "shubuh": "04:26", "terbit": "05:40", "dhuha": "06:04", "dzuhur": "11:42", "ashr": "15:02", "magrib": "17:40", "isya": "18:50"}, {"tanggal": "2021-08-28", "imsyak": "04:16", "shubuh": "04:26", "terbit": "05:40", "dhuha": "06:04", "dzuhur": "11:42", "ashr": "15:02", "magrib": "17:40", "isya": "18:50"}, {"tanggal": "2021-08-29", "imsyak": "04:15", "shubuh": "04:25", "terbit": "05:39", "dhuha": "06:03", "dzuhur": "11:42", "ashr": "15:01", "magrib": "17:40", "isya": "18:50"}, {"tanggal": "2021-08-30", "imsyak": "04:15", "shubuh": "04:25", "terbit": "05:39", "dhuha": "06:03", "dzuhur": "11:41", "ashr": "15:01", "magrib": "17:40", "isya": "18:50"}, {"tanggal": "2021-08-31", "imsyak": "04:14", "shubuh": "04:24", "terbit": "05:38", "dhuha": "06:02", "dzuhur": "11:41", "ashr": "15:00", "magrib": "17:40", "isya": "18:50"}]