[{"tanggal": "2022-04-01", "imsyak": "04:34", "shubuh": "04:44", "terbit": "05:58", "dhuha": "06:22", "dzuhur": "12:02", "ashr": "15:20", "magrib": "18:03", "isya": "19:13"}, {"tanggal": "2022-04-02", "imsyak": "04:34", "shubuh": "04:44", "terbit": "05:58", "dhuha": "06:22", "dzuhur": "12:02", "ashr": "15:20", "magrib": "18:03", "isya": "19:12"}, {"tanggal": "2022-04-03", "imsyak": "04:34", "shubuh": "04:44", "terbit": "05:57", "dhuha": "06:21", "dzuhur": "12:02", "ashr": "15:20", "magrib": "18:02", "isya": "19:12"}, {"tanggal": "2022-04-04", "imsyak": "04:34", "shubuh": "04:44", "terbit": "05:57", "dhuha": "06:21", "dzuhur": "12:02", "ashr": "15:20", "magrib": "18:01", "isya": "19:11"}, {"tanggal": "2022-04-05", "imsyak": "04:34", "shubuh": "04:44", "terbit": "05:57", "dhuha": "06:21", "dzuhur": "12:01", "ashr": "15:20", "magrib": "18:01", "isya": "19:11"}, {"tanggal": "2022-04-06", "imsyak": "04:33", "shubuh": "04:43", "terbit": "05:57", "dhuha": "06:21", "dzuhur": "12:01", "ashr": "15:19", "magrib": "18:00", "isya": "19:10"}, {"tanggal": "2022-04-07", "imsyak": "04:33", "shubuh": "04:43", "terbit": "05:57", "dhuha": "06:21", "dzuhur": "12:01", "ashr": "15:19", "magrib": "18:00", "isya": "19:10"}, {"tanggal": "2022-04-08", "imsyak": "04:33", "shubuh": "04:43", "terbit": "05:57", "dhuha": "06:21", "dzuhur": "12:00", "ashr": "15:19", "magrib": "17:59", "isya": "19:09"}, {"tanggal": "2022-04-09", "imsyak": "04:33", "shubuh": "04:43", "terbit": "05:57", "dhuha": "06:21", "dzuhur": "12:00", "ashr": "15:19", "magrib": "17:59", "isya": "19:09"}, {"tanggal": "2022-04-10", "imsyak": "04:33", "shubuh": "04:43", "terbit": "05:57", "dhuha": "06:21", "dzuhur": "12:00", "ashr": "15:19", "magrib": "17:58", "isya": "19:08"}, {"tanggal": "2022-04-11", "imsyak": "04:33", "shubuh": "04:43", "terbit": "05:57", "dhuha": "06:21", "dzuhur": "12:00", "ashr": "15:19", "magrib": "17:58", "isya": "19:08"}, {"tanggal": "2022-04-12", "imsyak": "04:33", "shubuh": "04:43", "terbit": "05:57", "dhuha": "06:21", "dzuhur": "11:59", "ashr": "15:19", "magrib": "17:57", "isya": "19:07"}, {"tanggal": "2022-04-13", "imsyak": "04:33", "shubuh": "04:43", "terbit": "05:57", "dhuha": "06:21", "dzuhur": "11:59", "ashr": "15:19", "magrib": "17:57", "isya": "19:07"}, {"tanggal": "2022-04-14", "imsyak": "04:33", "shubuh": "04:43", "terbit": "05:57", "dhuha": "06:21", "dzuhur": "11:59", "ashr": "15:19", "magrib": "17:56", "isya": "19:07"}, {"tanggal": "2022-04-15", "imsyak": "04:33", "shubuh": "04:43", "terbit": "05:57", "dhuha": "06:21", "dzuhur": "11:59", "ashr": "15:19", "magrib": "17:56", "isya": "19:06"}, {"tanggal": "2022-04-16", "imsyak": "04:33", "shubuh": "04:43", "terbit": "05:57", "dhuha": "06:21", "dzuhur": "11:58", "ashr": "15:18", "magrib": "17:55", "isya": "19:06"}, {"tanggal": "2022-04-17", "imsyak": "04:32", "shubuh": "04:42", "terbit": "05:57", "dhuha": "06:21", "dzuhur": "11:58", "ashr": "15:18", "magrib": "17:55", "isya": "19:05"}, {"tanggal": "2022-04-18", "imsyak": "04:32", "shubuh": "04:42", "terbit": "05:57", "dhuha": "06:21", "dzuhur": "11:58", "ashr": "15:18", "magrib": "17:55", "isya": "19:05"}, {"tanggal": "2022-04-19", "imsyak": "04:32", "shubuh": "04:42", "terbit": "05:57", "dhuha": "06:21", "dzuhur": "11:58", "ashr": "15:18", "magrib": "17:54", "isya": "19:05"}, {"tanggal": "2022-04-20", "imsyak": "04:32", "shubuh": "04:42", "terbit": "05:57", "dhuha": "06:21", "dzuhur": "11:57", "ashr": "15:18", "magrib": "17:54", "isya": "19:04"}, {"tanggal": "2022-04-21", "imsyak": "04:32", "shubuh": "04:42", "terbit": "05:57", "dhuha": "06:21", "dzuhur": "11:57", "ashr": "15:18", "magrib": "17:53", "isya": "19:04"}, {"tanggal": "2022-04-22", "imsyak": "04:32", "shubuh": "04:42", "terbit": "05:57", "dhuha": "06:21", "dzuhur": "11:57", "ashr": "15:18", "magrib": "17:53", "isya": "19:04"}, {"tanggal": "2022-04-23", "imsyak": "04:32", "shubuh": "04:42", "terbit": "05:57", "dhuha": "06:21", "dzuhur": "11:57", "ashr": "15:18", "magrib": "17:52", "isya": "19:03"}, {"tanggal": "2022-04-24", "imsyak": "04:32", "shubuh": "04:42", "terbit": "05:57", "dhuha": "06:21", "dzuhur": "11:57", "ashr": "15:17", "magrib": "17:52", "isya": "19:03"}, {"tanggal": "2022-04-25", "imsyak": "04:32", "shubuh": "04:42", "terbit": "05:57", "dhuha": "06:21", "dzuhur": "11:56", "ashr": "15:17", "magrib": "17:52", "isya": "19:03"}, {"tanggal": "2022-04-26", "imsyak": "04:32", "shubuh": "04:42", "terbit": "05:57", "dhuha": "06:21", "dzuhur": "11:56", "ashr": "15:17", "magrib": "17:51", "isya": "19:02"}, {"tanggal": "2022-04-27", "imsyak": "04:32", "shubuh": "04:42", "terbit": "05:57", "dhuha": "06:21", "dzuhur": "11:56", "ashr": "15:17", "magrib": "17:51", "isya": "19:02"}, {"tanggal": "2022-04-28", "imsyak": "04:32", "shubuh": "04:42", "terbit": "05:57", "dhuha": "06:21", "dzuhur": "11:56", "ashr": "15:17", "magrib": "17:51", "isya": "19:02"}, {"tanggal": "2022-04-29", "imsyak": "04:32", "shubuh": "04:42", "terbit": "05:57", "dhuha": "06:21", "dzuhur": "11:56", "ashr": "15:17", "magrib": "17:50", "isya": "19:01"}, {"tanggal": "2022-04-30", "imsyak": "04:32", "shubuh": "04:42", "terbit": "05:57", "dhuha": "06:21", "dzuhur": "11:56", "ashr": "15:17", "magrib": "17:50", "isya": "19:01"}]