[{"tanggal": "2022-06-01", "imsyak": "04:33", "shubuh": "04:43", "terbit": "06:02", "dhuha": "06:26", "dzuhur": "11:56", "ashr": "15:16", "magrib": "17:45", "isya": "19:00"}, {"tanggal": "2022-06-02", "imsyak": "04:33", "shubuh": "04:43", "terbit": "06:03", "dhuha": "06:27", "dzuhur": "11:56", "ashr": "15:16", "magrib": "17:45", "isya": "19:00"}, {"tanggal": "2022-06-03", "imsyak": "04:34", "shubuh": "04:44", "terbit": "06:03", "dhuha": "06:27", "dzuhur": "11:56", "ashr": "15:16", "magrib": "17:45", "isya": "19:00"}, {"tanggal": "2022-06-04", "imsyak": "04:34", "shubuh": "04:44", "terbit": "06:03", "dhuha": "06:27", "dzuhur": "11:56", "ashr": "15:16", "magrib": "17:45", "isya": "19:00"}, {"tanggal": "2022-06-05", "imsyak": "04:34", "shubuh": "04:44", "terbit": "06:03", "dhuha": "06:27", "dzuhur": "11:56", "ashr": "15:17", "magrib": "17:46", "isya": "19:00"}, {"tanggal": "2022-06-06", "imsyak": "04:34", "shubuh": "04:44", "terbit": "06:04", "dhuha": "06:28", "dzuhur": "11:57", "ashr": "15:17", "magrib": "17:46", "isya": "19:00"}, {"tanggal": "2022-06-07", "imsyak": "04:34", "shubuh": "04:44", "terbit": "06:04", "dhuha": "06:28", "dzuhur": "11:57", "ashr": "15:17", "magrib": "17:46", "isya": "19:01"}, {"tanggal": "2022-06-08", "imsyak": "04:35", "shubuh": "04:45", "terbit": "06:04", "dhuha": "06:28", "dzuhur": "11:57", "ashr": "15:17", "magrib": "17:46", "isya": "19:01"}, {"tanggal": "2022-06-09", "imsyak": "04:35", "shubuh": "04:45", "terbit": "06:04", "dhuha": "06:28", "dzuhur": "11:57", "ashr": "15:17", "magrib": "17:46", "isya": "19:01"}, {"tanggal": "2022-06-10", "imsyak": "04:35", "shubuh": "04:45", "terbit": "06:05", "dhuha": "06:29", "dzuhur": "11:57", "ashr": "15:17", "magrib": "17:46", "isya": "19:01"}, {"tanggal": "2022-06-11", "imsyak": "04:35", "shubuh": "04:45", "terbit": "06:05", "dhuha": "06:29", "dzuhur": "11:58", "ashr": "15:17", "magrib": "17:46", "isya": "19:01"}, {"tanggal": "2022-06-12", "imsyak": "04:35", "shubuh": "04:45", "terbit": "06:05", "dhuha": "06:29", "dzuhur": "11:58", "ashr": "15:18", "magrib": "17:46", "isya": "19:01"}, {"tanggal": "2022-06-13", "imsyak": "04:36", "shubuh": "04:46", "terbit": "06:05", "dhuha": "06:29", "dzuhur": "11:58", "ashr": "15:18", "magrib": "17:47", "isya": "19:02"}, {"tanggal": "2022-06-14", "imsyak": "04:36", "shubuh": "04:46", "terbit": "06:06", "dhuha": "06:30", "dzuhur": "11:58", "ashr": "15:18", "magrib": "17:47", "isya": "19:02"}, {"tanggal": "2022-06-15", "imsyak": "04:36", "shubuh": "04:46", "terbit": "06:06", "dhuha": "06:30", "dzuhur": "11:58", "ashr": "15:18", "magrib": "17:47", "isya": "19:02"}, {"tanggal": "2022-06-16", "imsyak": "04:36", "shubuh": "04:46", "terbit": "06:06", "dhuha": "06:30", "dzuhur": "11:59", "ashr": "15:18", "magrib": "17:47", "isya": "19:02"}, {"tanggal": "2022-06-17", "imsyak": "04:36", "shubuh": "04:46", "terbit": "06:06", "dhuha": "06:30", "dzuhur": "11:59", "ashr": "15:19", "magrib": "17:47", "isya": "19:02"}, {"tanggal": "2022-06-18", "imsyak": "04:37", "shubuh": "04:47", "terbit": "06:07", "dhuha": "06:31", "dzuhur": "11:59", "ashr": "15:19", "magrib": "17:47", "isya": "19:03"}, {"tanggal": "2022-06-19", "imsyak": "04:37", "shubuh": "04:47", "terbit": "06:07", "dhuha": "06:31", "dzuhur": "11:59", "ashr": "15:19", "magrib": "17:48", "isya": "19:03"}, {"tanggal": "2022-06-20", "imsyak": "04:37", "shubuh": "04:47", "terbit": "06:07", "dhuha": "06:31", "dzuhur": "11:59", "ashr": "15:19", "magrib": "17:48", "isya": "19:03"}, {"tanggal": "2022-06-21", "imsyak": "04:37", "shubuh": "04:47", "terbit": "06:07", "dhuha": "06:31", "dzuhur": "12:00", "ashr": "15:19", "magrib": "17:48", "isya": "19:03"}, {"tanggal": "2022-06-22", "imsyak": "04:38", "shubuh": "04:48", "terbit": "06:08", "dhuha": "06:32", "dzuhur": "12:00", "ashr": "15:20", "magrib": "17:48", "isya": "19:04"}, {"tanggal": "2022-06-23", "imsyak": "04:38", "shubuh": "04:48", "terbit": "06:08", "dhuha": "06:32", "dzuhur": "12:00", "ashr": "15:20", "magrib": "17:49", "isya": "19:04"}, {"tanggal": "2022-06-24", "imsyak": "04:38", "shubuh": "04:48", "terbit": "06:08", "dhuha": "06:32", "dzuhur": "12:00", "ashr": "15:20", "magrib": "17:49", "isya": "19:04"}, {"tanggal": "2022-06-25", "imsyak": "04:38", "shubuh": "04:48", "terbit": "06:08", "dhuha": "06:32", "dzuhur": "12:01", "ashr": "15:20", "magrib": "17:49", "isya": "19:04"}, {"tanggal": "2022-06-26", "imsyak": "04:38", "shubuh": "04:48", "terbit": "06:08", "dhuha": "06:32", "dzuhur": "12:01", "ashr": "15:21", "magrib": "17:49", "isya": "19:04"}, {"tanggal": "2022-06-27", "imsyak": "04:39", "shubuh": "04:49", "terbit": "06:09", "dhuha": "06:33", "dzuhur": "12:01", "ashr": "15:21", "magrib": "17:49", "isya": "19:05"}, {"tanggal": "2022-06-28", "imsyak": "04:39", "shubuh": "04:49", "terbit": "06:09", "dhuha": "06:33", "dzuhur": "12:01", "ashr": "15:21", "magrib": "17:50", "isya": "19:05"}, {"tanggal": "2022-06-29", "imsyak": "04:39", "shubuh": "04:49", "terbit": "06:09", "dhuha": "06:33", "dzuhur": "12:01", "ashr": "15:21", "magrib": "17:50", "isya": "19:05"}, {"tanggal": "2022-06-30", "imsyak": "04:39", "shubuh": "04:49", "terbit": "06:09", "dhuha": "06:33", "dzuhur": "12:02", "ashr": "15:21", "magrib": "17:50", "isya": "19:05"}]