[{"tanggal": "2022-07-01", "imsyak": "04:39", "shubuh": "04:49", "terbit": "06:09", "dhuha": "06:33", "dzuhur": "12:02", "ashr": "15:22", "magrib": "17:50", "isya": "19:05"}, {"tanggal": "2022-07-02", "imsyak": "04:40", "shubuh": "04:50", "terbit": "06:09", "dhuha": "06:33", "dzuhur": "12:02", "ashr": "15:22", "magrib": "17:51", "isya": "19:06"}, {"tanggal": "2022-07-03", "imsyak": "04:40", "shubuh": "04:50", "terbit": "06:10", "dhuha": "06:34", "dzuhur": "12:02", "ashr": "15:22", "magrib": "17:51", "isya": "19:06"}, {"tanggal": "2022-07-04", "imsyak": "04:40", "shubuh": "04:50", "terbit": "06:10", "dhuha": "06:34", "dzuhur": "12:02", "ashr": "15:22", "magrib": "17:51", "isya": "19:06"}, {"tanggal": "2022-07-05", "imsyak": "04:40", "shubuh": "04:50", "terbit": "06:10", "dhuha": "06:34", "dzuhur": "12:03", "ashr": "15:23", "magrib": "17:51", "isya": "19:06"}, {"tanggal": "2022-07-06", "imsyak": "04:40", "shubuh": "04:50", "terbit": "06:10", "dhuha": "06:34", "dzuhur": "12:03", "ashr": "15:23", "magrib": "17:52", "isya": "19:06"}, {"tanggal": "2022-07-07", "imsyak": "04:41", "shubuh": "04:51", "terbit": "06:10", "dhuha": "06:34", "dzuhur": "12:03", "ashr": "15:23", "magrib": "17:52", "isya": "19:07"}, {"tanggal": "2022-07-08", "imsyak": "04:41", "shubuh": "04:51", "terbit": "06:10", "dhuha": "06:34", "dzuhur": "12:03", "ashr": "15:23", "magrib": "17:52", "isya": "19:07"}, {"tanggal": "2022-07-09", "imsyak": "04:41", "shubuh": "04:51", "terbit": "06:10", "dhuha": "06:34", "dzuhur": "12:03", "ashr": "15:23", "magrib": "17:52", "isya": "19:07"}, {"tanggal": "2022-07-10", "imsyak": "04:41", "shubuh": "04:51", "terbit": "06:10", "dhuha": "06:34", "dzuhur": "12:03", "ashr": "15:24", "magrib": "17:53", "isya": "19:07"}, {"tanggal": "2022-07-11", "imsyak": "04:41", "shubuh": "04:51", "terbit": "06:10", "dhuha": "06:34", "dzuhur": "12:04", "ashr": "15:24", "magrib": "17:53", "isya": "19:07"}, {"tanggal": "2022-07-12", "imsyak": "04:41", "shubuh": "04:51", "terbit": "06:10", "dhuha": "06:34", "dzuhur": "12:04", "ashr": "15:24", "magrib": "17:53", "isya": "19:07"}, {"tanggal": "2022-07-13", "imsyak": "04:41", "shubuh": "04:51", "terbit": "06:10", "dhuha": "06:34", "dzuhur": "12:04", "ashr": "15:24", "magrib": "17:53", "isya": "19:08"}, {"tanggal": "2022-07-14", "imsyak": "04:41", "shubuh": "04:51", "terbit": "06:10", "dhuha": "06:34", "dzuhur": "12:04", "ashr": "15:24", "magrib": "17:53", "isya": "19:08"}, {"tanggal": "2022-07-15", "imsyak": "04:42", "shubuh": "04:52", "terbit": "06:10", "dhuha": "06:34", "dzuhur": "12:04", "ashr": "15:24", "magrib": "17:54", "isya": "19:08"}, {"tanggal": "2022-07-16", "imsyak": "04:42", "shubuh": "04:52", "terbit": "06:10", "dhuha": "06:34", "dzuhur": "12:04", "ashr": "15:25", "magrib": "17:54", "isya": "19:08"}, {"tanggal": "2022-07-17", "imsyak": "04:42", "shubuh": "04:52", "terbit": "06:10", "dhuha": "06:34", "dzuhur": "12:04", "ashr": "15:25", "magrib": "17:54", "isya": "19:08"}, {"tanggal": "2022-07-18", "imsyak": "04:42", "shubuh": "04:52", "terbit": "06:10", "dhuha": "06:34", "dzuhur": "12:04", "ashr": "15:25", "magrib": "17:54", "isya": "19:08"}, {"tanggal": "2022-07-19", "imsyak": "04:42", "shubuh": "04:52", "terbit": "06:10", "dhuha": "06:34", "dzuhur": "12:04", "ashr": "15:25", "magrib": "17:54", "isya": "19:08"}, {"tanggal": "2022-07-20", "imsyak": "04:42", "shubuh": "04:52", "terbit": "06:10", "dhuha": "06:34", "dzuhur": "12:04", "ashr": "15:25", "magrib": "17:55", "isya": "19:09"}, {"tanggal": "2022-07-21", "imsyak": "04:42", "shubuh": "04:52", "terbit": "06:10", "dhuha": "06:34", "dzuhur": "12:05", "ashr": "15:25", "magrib": "17:55", "isya": "19:09"}, {"tanggal": "2022-07-22", "imsyak": "04:42", "shubuh": "04:52", "terbit": "06:10", "dhuha": "06:34", "dzuhur": "12:05", "ashr": "15:25", "magrib": "17:55", "isya": "19:09"}, {"tanggal": "2022-07-23", "imsyak": "04:42", "shubuh": "04:52", "terbit": "06:10", "dhuha": "06:34", "dzuhur": "12:05", "ashr": "15:25", "magrib": "17:55", "isya": "19:09"}, {"tanggal": "2022-07-24", "imsyak": "04:42", "shubuh": "04:52", "terbit": "06:10", "dhuha": "06:34", "dzuhur": "12:05", "ashr": "15:26", "magrib": "17:55", "isya": "19:09"}, {"tanggal": "2022-07-25", "imsyak": "04:42", "shubuh": "04:52", "terbit": "06:10", "dhuha": "06:34", "dzuhur": "12:05", "ashr": "15:26", "magrib": "17:56", "isya": "19:09"}, {"tanggal": "2022-07-26", "imsyak": "04:42", "shubuh": "04:52", "terbit": "06:10", "dhuha": "06:34", "dzuhur": "12:05", "ashr": "15:26", "magrib": "17:56", "isya": "19:09"}, {"tanggal": "2022-07-27", "imsyak": "04:42", "shubuh": "04:52", "terbit": "06:10", "dhuha": "06:34", "dzuhur": "12:05", "ashr": "15:26", "magrib": "17:56", "isya": "19:09"}, {"tanggal": "2022-07-28", "imsyak": "04:42", "shubuh": "04:52", "terbit": "06:10", "dhuha": "06:34", "dzuhur": "12:05", "ashr": "15:26", "magrib": "17:56", "isya": "19:09"}, {"tanggal": "2022-07-29", "imsyak": "04:42", "shubuh": "04:52", "terbit": "06:09", "dhuha": "06:33", "dzuhur": "12:05", "ashr": "15:26", "magrib": "17:56", "isya": "19:09"}, {"tanggal": "2022-07-30", "imsyak": "04:42", "shubuh": "04:52", "terbit": "06:09", "dhuha": "06:33", "dzuhur": "12:05", "ashr": "15:26", "magrib": "17:56", "isya": "19:09"}, {"tanggal": "2022-07-31", "imsyak": "04:42", "shubuh": "04:52", "terbit": "06:09", "dhuha": "06:33", "dzuhur": "12:05", "ashr": "15:26", "magrib": "17:56", "isya": "19:09"}]