[{"tanggal": "2022-11-01", "imsyak": "03:59", "shubuh": "04:09", "terbit": "05:25", "dhuha": "05:49", "dzuhur": "11:42", "ashr": "14:55", "magrib": "17:54", "isya": "19:07"}, {"tanggal": "2022-11-02", "imsyak": "03:58", "shubuh": "04:08", "terbit": "05:25", "dhuha": "05:49", "dzuhur": "11:42", "ashr": "14:55", "magrib": "17:54", "isya": "19:07"}, {"tanggal": "2022-11-03", "imsyak": "03:58", "shubuh": "04:08", "terbit": "05:25", "dhuha": "05:49", "dzuhur": "11:42", "ashr": "14:56", "magrib": "17:55", "isya": "19:07"}, {"tanggal": "2022-11-04", "imsyak": "03:58", "shubuh": "04:08", "terbit": "05:25", "dhuha": "05:49", "dzuhur": "11:42", "ashr": "14:57", "magrib": "17:55", "isya": "19:08"}, {"tanggal": "2022-11-05", "imsyak": "03:57", "shubuh": "04:07", "terbit": "05:25", "dhuha": "05:49", "dzuhur": "11:42", "ashr": "14:57", "magrib": "17:55", "isya": "19:08"}, {"tanggal": "2022-11-06", "imsyak": "03:57", "shubuh": "04:07", "terbit": "05:24", "dhuha": "05:48", "dzuhur": "11:42", "ashr": "14:58", "magrib": "17:55", "isya": "19:08"}, {"tanggal": "2022-11-07", "imsyak": "03:57", "shubuh": "04:07", "terbit": "05:24", "dhuha": "05:48", "dzuhur": "11:42", "ashr": "14:58", "magrib": "17:55", "isya": "19:09"}, {"tanggal": "2022-11-08", "imsyak": "03:56", "shubuh": "04:06", "terbit": "05:24", "dhuha": "05:48", "dzuhur": "11:42", "ashr": "14:59", "magrib": "17:56", "isya": "19:09"}, {"tanggal": "2022-11-09", "imsyak": "03:56", "shubuh": "04:06", "terbit": "05:24", "dhuha": "05:48", "dzuhur": "11:42", "ashr": "14:59", "magrib": "17:56", "isya": "19:09"}, {"tanggal": "2022-11-10", "imsyak": "03:56", "shubuh": "04:06", "terbit": "05:24", "dhuha": "05:48", "dzuhur": "11:42", "ashr": "15:00", "magrib": "17:56", "isya": "19:10"}, {"tanggal": "2022-11-11", "imsyak": "03:55", "shubuh": "04:05", "terbit": "05:24", "dhuha": "05:48", "dzuhur": "11:42", "ashr": "15:00", "magrib": "17:57", "isya": "19:10"}, {"tanggal": "2022-11-12", "imsyak": "03:55", "shubuh": "04:05", "terbit": "05:24", "dhuha": "05:48", "dzuhur": "11:42", "ashr": "15:01", "magrib": "17:57", "isya": "19:11"}, {"tanggal": "2022-11-13", "imsyak": "03:55", "shubuh": "04:05", "terbit": "05:23", "dhuha": "05:47", "dzuhur": "11:42", "ashr": "15:02", "magrib": "17:57", "isya": "19:11"}, {"tanggal": "2022-11-14", "imsyak": "03:55", "shubuh": "04:05", "terbit": "05:23", "dhuha": "05:47", "dzuhur": "11:42", "ashr": "15:02", "magrib": "17:58", "isya": "19:12"}, {"tanggal": "2022-11-15", "imsyak": "03:54", "shubuh": "04:04", "terbit": "05:23", "dhuha": "05:47", "dzuhur": "11:43", "ashr": "15:03", "magrib": "17:58", "isya": "19:12"}, {"tanggal": "2022-11-16", "imsyak": "03:54", "shubuh": "04:04", "terbit": "05:23", "dhuha": "05:47", "dzuhur": "11:43", "ashr": "15:03", "magrib": "17:58", "isya": "19:13"}, {"tanggal": "2022-11-17", "imsyak": "03:54", "shubuh": "04:04", "terbit": "05:23", "dhuha": "05:47", "dzuhur": "11:43", "ashr": "15:04", "magrib": "17:59", "isya": "19:13"}, {"tanggal": "2022-11-18", "imsyak": "03:54", "shubuh": "04:04", "terbit": "05:23", "dhuha": "05:47", "dzuhur": "11:43", "ashr": "15:04", "magrib": "17:59", "isya": "19:13"}, {"tanggal": "2022-11-19", "imsyak": "03:54", "shubuh": "04:04", "terbit": "05:23", "dhuha": "05:47", "dzuhur": "11:43", "ashr": "15:05", "magrib": "17:59", "isya": "19:14"}, {"tanggal": "2022-11-20", "imsyak": "03:54", "shubuh": "04:04", "terbit": "05:23", "dhuha": "05:47", "dzuhur": "11:43", "ashr": "15:05", "magrib": "18:00", "isya": "19:15"}, {"tanggal": "2022-11-21", "imsyak": "03:54", "shubuh": "04:04", "terbit": "05:23", "dhuha": "05:47", "dzuhur": "11:44", "ashr": "15:06", "magrib": "18:00", "isya": "19:15"}, {"tanggal": "2022-11-22", "imsyak": "03:54", "shubuh": "04:04", "terbit": "05:23", "dhuha": "05:47", "dzuhur": "11:44", "ashr": "15:07", "magrib": "18:00", "isya": "19:16"}, {"tanggal": "2022-11-23", "imsyak": "03:54", "shubuh": "04:04", "terbit": "05:24", "dhuha": "05:48", "dzuhur": "11:44", "ashr": "15:07", "magrib": "18:01", "isya": "19:16"}, {"tanggal": "2022-11-24", "imsyak": "03:54", "shubuh": "04:04", "terbit": "05:24", "dhuha": "05:48", "dzuhur": "11:44", "ashr": "15:08", "magrib": "18:01", "isya": "19:17"}, {"tanggal": "2022-11-25", "imsyak": "03:54", "shubuh": "04:04", "terbit": "05:24", "dhuha": "05:48", "dzuhur": "11:45", "ashr": "15:08", "magrib": "18:02", "isya": "19:17"}, {"tanggal": "2022-11-26", "imsyak": "03:54", "shubuh": "04:04", "terbit": "05:24", "dhuha": "05:48", "dzuhur": "11:45", "ashr": "15:09", "magrib": "18:02", "isya": "19:18"}, {"tanggal": "2022-11-27", "imsyak": "03:54", "shubuh": "04:04", "terbit": "05:24", "dhuha": "05:48", "dzuhur": "11:45", "ashr": "15:09", "magrib": "18:03", "isya": "19:18"}, {"tanggal": "2022-11-28", "imsyak": "03:54", "shubuh": "04:04", "terbit": "05:24", "dhuha": "05:48", "dzuhur": "11:46", "ashr": "15:10", "magrib": "18:03", "isya": "19:19"}, {"tanggal": "2022-11-29", "imsyak": "03:54", "shubuh": "04:04", "terbit": "05:25", "dhuha": "05:49", "dzuhur": "11:46", "ashr": "15:11", "magrib": "18:04", "isya": "19:19"}, {"tanggal": "2022-11-30", "imsyak": "03:54", "shubuh": "04:04", "terbit": "05:25", "dhuha": "05:49", "dzuhur": "11:46", "ashr": "15:11", "magrib": "18:04", "isya": "19:20"}]