[{"tanggal": "2022-12-01", "imsyak": "03:54", "shubuh": "04:04", "terbit": "05:25", "dhuha": "05:49", "dzuhur": "11:47", "ashr": "15:12", "magrib": "18:05", "isya": "19:21"}, {"tanggal": "2022-12-02", "imsyak": "03:54", "shubuh": "04:04", "terbit": "05:25", "dhuha": "05:49", "dzuhur": "11:47", "ashr": "15:12", "magrib": "18:05", "isya": "19:21"}, {"tanggal": "2022-12-03", "imsyak": "03:54", "shubuh": "04:04", "terbit": "05:25", "dhuha": "05:49", "dzuhur": "11:47", "ashr": "15:13", "magrib": "18:06", "isya": "19:22"}, {"tanggal": "2022-12-04", "imsyak": "03:54", "shubuh": "04:04", "terbit": "05:26", "dhuha": "05:50", "dzuhur": "11:48", "ashr": "15:13", "magrib": "18:06", "isya": "19:22"}, {"tanggal": "2022-12-05", "imsyak": "03:55", "shubuh": "04:05", "terbit": "05:26", "dhuha": "05:50", "dzuhur": "11:48", "ashr": "15:14", "magrib": "18:07", "isya": "19:23"}, {"tanggal": "2022-12-06", "imsyak": "03:55", "shubuh": "04:05", "terbit": "05:26", "dhuha": "05:50", "dzuhur": "11:49", "ashr": "15:15", "magrib": "18:07", "isya": "19:24"}, {"tanggal": "2022-12-07", "imsyak": "03:55", "shubuh": "04:05", "terbit": "05:27", "dhuha": "05:51", "dzuhur": "11:49", "ashr": "15:15", "magrib": "18:08", "isya": "19:24"}, {"tanggal": "2022-12-08", "imsyak": "03:55", "shubuh": "04:05", "terbit": "05:27", "dhuha": "05:51", "dzuhur": "11:49", "ashr": "15:16", "magrib": "18:08", "isya": "19:25"}, {"tanggal": "2022-12-09", "imsyak": "03:55", "shubuh": "04:05", "terbit": "05:27", "dhuha": "05:51", "dzuhur": "11:50", "ashr": "15:16", "magrib": "18:09", "isya": "19:25"}, {"tanggal": "2022-12-10", "imsyak": "03:56", "shubuh": "04:06", "terbit": "05:28", "dhuha": "05:52", "dzuhur": "11:50", "ashr": "15:17", "magrib": "18:09", "isya": "19:26"}, {"tanggal": "2022-12-11", "imsyak": "03:56", "shubuh": "04:06", "terbit": "05:28", "dhuha": "05:52", "dzuhur": "11:51", "ashr": "15:17", "magrib": "18:10", "isya": "19:26"}, {"tanggal": "2022-12-12", "imsyak": "03:56", "shubuh": "04:06", "terbit": "05:28", "dhuha": "05:52", "dzuhur": "11:51", "ashr": "15:18", "magrib": "18:10", "isya": "19:27"}, {"tanggal": "2022-12-13", "imsyak": "03:57", "shubuh": "04:07", "terbit": "05:29", "dhuha": "05:53", "dzuhur": "11:52", "ashr": "15:19", "magrib": "18:11", "isya": "19:28"}, {"tanggal": "2022-12-14", "imsyak": "03:57", "shubuh": "04:07", "terbit": "05:29", "dhuha": "05:53", "dzuhur": "11:52", "ashr": "15:19", "magrib": "18:11", "isya": "19:28"}, {"tanggal": "2022-12-15", "imsyak": "03:57", "shubuh": "04:07", "terbit": "05:30", "dhuha": "05:54", "dzuhur": "11:53", "ashr": "15:20", "magrib": "18:12", "isya": "19:29"}, {"tanggal": "2022-12-16", "imsyak": "03:58", "shubuh": "04:08", "terbit": "05:30", "dhuha": "05:54", "dzuhur": "11:53", "ashr": "15:20", "magrib": "18:12", "isya": "19:29"}, {"tanggal": "2022-12-17", "imsyak": "03:58", "shubuh": "04:08", "terbit": "05:31", "dhuha": "05:55", "dzuhur": "11:54", "ashr": "15:21", "magrib": "18:13", "isya": "19:30"}, {"tanggal": "2022-12-18", "imsyak": "03:59", "shubuh": "04:09", "terbit": "05:31", "dhuha": "05:55", "dzuhur": "11:54", "ashr": "15:21", "magrib": "18:13", "isya": "19:30"}, {"tanggal": "2022-12-19", "imsyak": "03:59", "shubuh": "04:09", "terbit": "05:31", "dhuha": "05:55", "dzuhur": "11:55", "ashr": "15:22", "magrib": "18:14", "isya": "19:31"}, {"tanggal": "2022-12-20", "imsyak": "04:00", "shubuh": "04:10", "terbit": "05:32", "dhuha": "05:56", "dzuhur": "11:55", "ashr": "15:22", "magrib": "18:14", "isya": "19:31"}, {"tanggal": "2022-12-21", "imsyak": "04:00", "shubuh": "04:10", "terbit": "05:32", "dhuha": "05:56", "dzuhur": "11:56", "ashr": "15:23", "magrib": "18:15", "isya": "19:32"}, {"tanggal": "2022-12-22", "imsyak": "04:00", "shubuh": "04:10", "terbit": "05:33", "dhuha": "05:57", "dzuhur": "11:56", "ashr": "15:23", "magrib": "18:15", "isya": "19:33"}, {"tanggal": "2022-12-23", "imsyak": "04:01", "shubuh": "04:11", "terbit": "05:33", "dhuha": "05:57", "dzuhur": "11:57", "ashr": "15:24", "magrib": "18:16", "isya": "19:33"}, {"tanggal": "2022-12-24", "imsyak": "04:01", "shubuh": "04:11", "terbit": "05:34", "dhuha": "05:58", "dzuhur": "11:57", "ashr": "15:24", "magrib": "18:16", "isya": "19:33"}, {"tanggal": "2022-12-25", "imsyak": "04:02", "shubuh": "04:12", "terbit": "05:34", "dhuha": "05:58", "dzuhur": "11:58", "ashr": "15:25", "magrib": "18:17", "isya": "19:34"}, {"tanggal": "2022-12-26", "imsyak": "04:02", "shubuh": "04:12", "terbit": "05:35", "dhuha": "05:59", "dzuhur": "11:58", "ashr": "15:25", "magrib": "18:17", "isya": "19:34"}, {"tanggal": "2022-12-27", "imsyak": "04:03", "shubuh": "04:13", "terbit": "05:35", "dhuha": "05:59", "dzuhur": "11:59", "ashr": "15:26", "magrib": "18:18", "isya": "19:35"}, {"tanggal": "2022-12-28", "imsyak": "04:04", "shubuh": "04:14", "terbit": "05:36", "dhuha": "06:00", "dzuhur": "11:59", "ashr": "15:26", "magrib": "18:18", "isya": "19:35"}, {"tanggal": "2022-12-29", "imsyak": "04:04", "shubuh": "04:14", "terbit": "05:36", "dhuha": "06:00", "dzuhur": "12:00", "ashr": "15:27", "magrib": "18:19", "isya": "19:36"}, {"tanggal": "2022-12-30", "imsyak": "04:05", "shubuh": "04:15", "terbit": "05:37", "dhuha": "06:01", "dzuhur": "12:00", "ashr": "15:27", "magrib": "18:19", "isya": "19:36"}, {"tanggal": "2022-12-31", "imsyak": "04:05", "shubuh": "04:15", "terbit": "05:38", "dhuha": "06:02", "dzuhur": "12:01", "ashr": "15:28", "magrib": "18:19", "isya": "19:37"}]