[{"tanggal": "2023-04-01", "imsyak": "04:43", "shubuh": "04:53", "terbit": "06:06", "dhuha": "06:30", "dzuhur": "12:12", "ashr": "15:23", "magrib": "18:15", "isya": "19:24"}, {"tanggal": "2023-04-02", "imsyak": "04:43", "shubuh": "04:53", "terbit": "06:05", "dhuha": "06:29", "dzuhur": "12:12", "ashr": "15:23", "magrib": "18:14", "isya": "19:23"}, {"tanggal": "2023-04-03", "imsyak": "04:42", "shubuh": "04:52", "terbit": "06:05", "dhuha": "06:29", "dzuhur": "12:12", "ashr": "15:24", "magrib": "18:14", "isya": "19:23"}, {"tanggal": "2023-04-04", "imsyak": "04:42", "shubuh": "04:52", "terbit": "06:05", "dhuha": "06:29", "dzuhur": "12:11", "ashr": "15:24", "magrib": "18:14", "isya": "19:23"}, {"tanggal": "2023-04-05", "imsyak": "04:42", "shubuh": "04:52", "terbit": "06:05", "dhuha": "06:29", "dzuhur": "12:11", "ashr": "15:24", "magrib": "18:13", "isya": "19:22"}, {"tanggal": "2023-04-06", "imsyak": "04:41", "shubuh": "04:51", "terbit": "06:05", "dhuha": "06:29", "dzuhur": "12:11", "ashr": "15:24", "magrib": "18:13", "isya": "19:22"}, {"tanggal": "2023-04-07", "imsyak": "04:41", "shubuh": "04:51", "terbit": "06:04", "dhuha": "06:28", "dzuhur": "12:11", "ashr": "15:24", "magrib": "18:13", "isya": "19:22"}, {"tanggal": "2023-04-08", "imsyak": "04:41", "shubuh": "04:51", "terbit": "06:04", "dhuha": "06:28", "dzuhur": "12:10", "ashr": "15:24", "magrib": "18:12", "isya": "19:21"}, {"tanggal": "2023-04-09", "imsyak": "04:41", "shubuh": "04:51", "terbit": "06:04", "dhuha": "06:28", "dzuhur": "12:10", "ashr": "15:24", "magrib": "18:12", "isya": "19:21"}, {"tanggal": "2023-04-10", "imsyak": "04:40", "shubuh": "04:50", "terbit": "06:04", "dhuha": "06:28", "dzuhur": "12:10", "ashr": "15:25", "magrib": "18:12", "isya": "19:21"}, {"tanggal": "2023-04-11", "imsyak": "04:40", "shubuh": "04:50", "terbit": "06:03", "dhuha": "06:27", "dzuhur": "12:09", "ashr": "15:25", "magrib": "18:11", "isya": "19:21"}, {"tanggal": "2023-04-12", "imsyak": "04:40", "shubuh": "04:50", "terbit": "06:03", "dhuha": "06:27", "dzuhur": "12:09", "ashr": "15:25", "magrib": "18:11", "isya": "19:20"}, {"tanggal": "2023-04-13", "imsyak": "04:40", "shubuh": "04:50", "terbit": "06:03", "dhuha": "06:27", "dzuhur": "12:09", "ashr": "15:25", "magrib": "18:11", "isya": "19:20"}, {"tanggal": "2023-04-14", "imsyak": "04:39", "shubuh": "04:49", "terbit": "06:03", "dhuha": "06:27", "dzuhur": "12:09", "ashr": "15:25", "magrib": "18:10", "isya": "19:20"}, {"tanggal": "2023-04-15", "imsyak": "04:39", "shubuh": "04:49", "terbit": "06:03", "dhuha": "06:27", "dzuhur": "12:08", "ashr": "15:25", "magrib": "18:10", "isya": "19:20"}, {"tanggal": "2023-04-16", "imsyak": "04:39", "shubuh": "04:49", "terbit": "06:03", "dhuha": "06:27", "dzuhur": "12:08", "ashr": "15:25", "magrib": "18:10", "isya": "19:19"}, {"tanggal": "2023-04-17", "imsyak": "04:38", "shubuh": "04:48", "terbit": "06:02", "dhuha": "06:26", "dzuhur": "12:08", "ashr": "15:25", "magrib": "18:09", "isya": "19:19"}, {"tanggal": "2023-04-18", "imsyak": "04:38", "shubuh": "04:48", "terbit": "06:02", "dhuha": "06:26", "dzuhur": "12:08", "ashr": "15:25", "magrib": "18:09", "isya": "19:19"}, {"tanggal": "2023-04-19", "imsyak": "04:38", "shubuh": "04:48", "terbit": "06:02", "dhuha": "06:26", "dzuhur": "12:07", "ashr": "15:25", "magrib": "18:09", "isya": "19:19"}, {"tanggal": "2023-04-20", "imsyak": "04:38", "shubuh": "04:48", "terbit": "06:02", "dhuha": "06:26", "dzuhur": "12:07", "ashr": "15:26", "magrib": "18:09", "isya": "19:19"}, {"tanggal": "2023-04-21", "imsyak": "04:37", "shubuh": "04:47", "terbit": "06:02", "dhuha": "06:26", "dzuhur": "12:07", "ashr": "15:26", "magrib": "18:08", "isya": "19:18"}, {"tanggal": "2023-04-22", "imsyak": "04:37", "shubuh": "04:47", "terbit": "06:02", "dhuha": "06:26", "dzuhur": "12:07", "ashr": "15:26", "magrib": "18:08", "isya": "19:18"}, {"tanggal": "2023-04-23", "imsyak": "04:37", "shubuh": "04:47", "terbit": "06:01", "dhuha": "06:25", "dzuhur": "12:07", "ashr": "15:26", "magrib": "18:08", "isya": "19:18"}, {"tanggal": "2023-04-24", "imsyak": "04:37", "shubuh": "04:47", "terbit": "06:01", "dhuha": "06:25", "dzuhur": "12:06", "ashr": "15:26", "magrib": "18:08", "isya": "19:18"}, {"tanggal": "2023-04-25", "imsyak": "04:36", "shubuh": "04:46", "terbit": "06:01", "dhuha": "06:25", "dzuhur": "12:06", "ashr": "15:26", "magrib": "18:07", "isya": "19:18"}, {"tanggal": "2023-04-26", "imsyak": "04:36", "shubuh": "04:46", "terbit": "06:01", "dhuha": "06:25", "dzuhur": "12:06", "ashr": "15:26", "magrib": "18:07", "isya": "19:18"}, {"tanggal": "2023-04-27", "imsyak": "04:36", "shubuh": "04:46", "terbit": "06:01", "dhuha": "06:25", "dzuhur": "12:06", "ashr": "15:26", "magrib": "18:07", "isya": "19:18"}, {"tanggal": "2023-04-28", "imsyak": "04:36", "shubuh": "04:46", "terbit": "06:01", "dhuha": "06:25", "dzuhur": "12:06", "ashr": "15:26", "magrib": "18:07", "isya": "19:17"}, {"tanggal": "2023-04-29", "imsyak": "04:36", "shubuh": "04:46", "terbit": "06:01", "dhuha": "06:25", "dzuhur": "12:06", "ashr": "15:26", "magrib": "18:06", "isya": "19:17"}, {"tanggal": "2023-04-30", "imsyak": "04:35", "shubuh": "04:45", "terbit": "06:01", "dhuha": "06:25", "dzuhur": "12:05", "ashr": "15:26", "magrib": "18:06", "isya": "19:17"}]