[{"tanggal": "2022-02-01", "imsyak": "05:01", "shubuh": "05:11", "terbit": "06:27", "dhuha": "06:51", "dzuhur": "12:32", "ashr": "15:55", "magrib": "18:33", "isya": "19:45"}, {"tanggal": "2022-02-02", "imsyak": "05:01", "shubuh": "05:11", "terbit": "06:27", "dhuha": "06:51", "dzuhur": "12:32", "ashr": "15:55", "magrib": "18:33", "isya": "19:45"}, {"tanggal": "2022-02-03", "imsyak": "05:01", "shubuh": "05:11", "terbit": "06:28", "dhuha": "06:52", "dzuhur": "12:32", "ashr": "15:55", "magrib": "18:33", "isya": "19:45"}, {"tanggal": "2022-02-04", "imsyak": "05:02", "shubuh": "05:12", "terbit": "06:28", "dhuha": "06:52", "dzuhur": "12:32", "ashr": "15:55", "magrib": "18:33", "isya": "19:45"}, {"tanggal": "2022-02-05", "imsyak": "05:02", "shubuh": "05:12", "terbit": "06:28", "dhuha": "06:52", "dzuhur": "12:33", "ashr": "15:54", "magrib": "18:34", "isya": "19:45"}, {"tanggal": "2022-02-06", "imsyak": "05:02", "shubuh": "05:12", "terbit": "06:28", "dhuha": "06:52", "dzuhur": "12:33", "ashr": "15:54", "magrib": "18:34", "isya": "19:45"}, {"tanggal": "2022-02-07", "imsyak": "05:02", "shubuh": "05:12", "terbit": "06:28", "dhuha": "06:52", "dzuhur": "12:33", "ashr": "15:54", "magrib": "18:34", "isya": "19:45"}, {"tanggal": "2022-02-08", "imsyak": "05:02", "shubuh": "05:12", "terbit": "06:28", "dhuha": "06:52", "dzuhur": "12:33", "ashr": "15:54", "magrib": "18:34", "isya": "19:45"}, {"tanggal": "2022-02-09", "imsyak": "05:02", "shubuh": "05:12", "terbit": "06:28", "dhuha": "06:52", "dzuhur": "12:33", "ashr": "15:54", "magrib": "18:34", "isya": "19:45"}, {"tanggal": "2022-02-10", "imsyak": "05:02", "shubuh": "05:12", "terbit": "06:28", "dhuha": "06:52", "dzuhur": "12:33", "ashr": "15:54", "magrib": "18:34", "isya": "19:45"}, {"tanggal": "2022-02-11", "imsyak": "05:03", "shubuh": "05:13", "terbit": "06:28", "dhuha": "06:52", "dzuhur": "12:33", "ashr": "15:54", "magrib": "18:34", "isya": "19:45"}, {"tanggal": "2022-02-12", "imsyak": "05:03", "shubuh": "05:13", "terbit": "06:28", "dhuha": "06:52", "dzuhur": "12:33", "ashr": "15:53", "magrib": "18:34", "isya": "19:45"}, {"tanggal": "2022-02-13", "imsyak": "05:03", "shubuh": "05:13", "terbit": "06:28", "dhuha": "06:52", "dzuhur": "12:33", "ashr": "15:53", "magrib": "18:34", "isya": "19:45"}, {"tanggal": "2022-02-14", "imsyak": "05:03", "shubuh": "05:13", "terbit": "06:28", "dhuha": "06:52", "dzuhur": "12:33", "ashr": "15:53", "magrib": "18:34", "isya": "19:45"}, {"tanggal": "2022-02-15", "imsyak": "05:03", "shubuh": "05:13", "terbit": "06:27", "dhuha": "06:51", "dzuhur": "12:33", "ashr": "15:53", "magrib": "18:34", "isya": "19:45"}, {"tanggal": "2022-02-16", "imsyak": "05:03", "shubuh": "05:13", "terbit": "06:27", "dhuha": "06:51", "dzuhur": "12:33", "ashr": "15:52", "magrib": "18:34", "isya": "19:45"}, {"tanggal": "2022-02-17", "imsyak": "05:03", "shubuh": "05:13", "terbit": "06:27", "dhuha": "06:51", "dzuhur": "12:33", "ashr": "15:52", "magrib": "18:34", "isya": "19:44"}, {"tanggal": "2022-02-18", "imsyak": "05:03", "shubuh": "05:13", "terbit": "06:27", "dhuha": "06:51", "dzuhur": "12:33", "ashr": "15:52", "magrib": "18:34", "isya": "19:44"}, {"tanggal": "2022-02-19", "imsyak": "05:03", "shubuh": "05:13", "terbit": "06:27", "dhuha": "06:51", "dzuhur": "12:33", "ashr": "15:51", "magrib": "18:34", "isya": "19:44"}, {"tanggal": "2022-02-20", "imsyak": "05:03", "shubuh": "05:13", "terbit": "06:27", "dhuha": "06:51", "dzuhur": "12:33", "ashr": "15:51", "magrib": "18:34", "isya": "19:44"}, {"tanggal": "2022-02-21", "imsyak": "05:03", "shubuh": "05:13", "terbit": "06:27", "dhuha": "06:51", "dzuhur": "12:32", "ashr": "15:50", "magrib": "18:34", "isya": "19:44"}, {"tanggal": "2022-02-22", "imsyak": "05:03", "shubuh": "05:13", "terbit": "06:27", "dhuha": "06:51", "dzuhur": "12:32", "ashr": "15:50", "magrib": "18:34", "isya": "19:44"}, {"tanggal": "2022-02-23", "imsyak": "05:02", "shubuh": "05:12", "terbit": "06:26", "dhuha": "06:50", "dzuhur": "12:32", "ashr": "15:50", "magrib": "18:34", "isya": "19:44"}, {"tanggal": "2022-02-24", "imsyak": "05:02", "shubuh": "05:12", "terbit": "06:26", "dhuha": "06:50", "dzuhur": "12:32", "ashr": "15:49", "magrib": "18:34", "isya": "19:44"}, {"tanggal": "2022-02-25", "imsyak": "05:02", "shubuh": "05:12", "terbit": "06:26", "dhuha": "06:50", "dzuhur": "12:32", "ashr": "15:49", "magrib": "18:34", "isya": "19:43"}, {"tanggal": "2022-02-26", "imsyak": "05:02", "shubuh": "05:12", "terbit": "06:26", "dhuha": "06:50", "dzuhur": "12:32", "ashr": "15:48", "magrib": "18:34", "isya": "19:43"}, {"tanggal": "2022-02-27", "imsyak": "05:02", "shubuh": "05:12", "terbit": "06:26", "dhuha": "06:50", "dzuhur": "12:32", "ashr": "15:47", "magrib": "18:34", "isya": "19:43"}, {"tanggal": "2022-02-28", "imsyak": "05:02", "shubuh": "05:12", "terbit": "06:25", "dhuha": "06:49", "dzuhur": "12:31", "ashr": "15:47", "magrib": "18:33", "isya": "19:43"}]