[{"tanggal": "2022-04-01", "imsyak": "04:52", "shubuh": "05:02", "terbit": "06:15", "dhuha": "06:39", "dzuhur": "12:23", "ashr": "15:27", "magrib": "18:27", "isya": "19:36"}, {"tanggal": "2022-04-02", "imsyak": "04:52", "shubuh": "05:02", "terbit": "06:15", "dhuha": "06:39", "dzuhur": "12:23", "ashr": "15:27", "magrib": "18:27", "isya": "19:36"}, {"tanggal": "2022-04-03", "imsyak": "04:51", "shubuh": "05:01", "terbit": "06:14", "dhuha": "06:38", "dzuhur": "12:22", "ashr": "15:28", "magrib": "18:26", "isya": "19:35"}, {"tanggal": "2022-04-04", "imsyak": "04:51", "shubuh": "05:01", "terbit": "06:14", "dhuha": "06:38", "dzuhur": "12:22", "ashr": "15:28", "magrib": "18:26", "isya": "19:35"}, {"tanggal": "2022-04-05", "imsyak": "04:50", "shubuh": "05:00", "terbit": "06:14", "dhuha": "06:38", "dzuhur": "12:22", "ashr": "15:28", "magrib": "18:26", "isya": "19:35"}, {"tanggal": "2022-04-06", "imsyak": "04:50", "shubuh": "05:00", "terbit": "06:13", "dhuha": "06:37", "dzuhur": "12:21", "ashr": "15:29", "magrib": "18:26", "isya": "19:35"}, {"tanggal": "2022-04-07", "imsyak": "04:50", "shubuh": "05:00", "terbit": "06:13", "dhuha": "06:37", "dzuhur": "12:21", "ashr": "15:29", "magrib": "18:25", "isya": "19:35"}, {"tanggal": "2022-04-08", "imsyak": "04:49", "shubuh": "04:59", "terbit": "06:13", "dhuha": "06:37", "dzuhur": "12:21", "ashr": "15:30", "magrib": "18:25", "isya": "19:35"}, {"tanggal": "2022-04-09", "imsyak": "04:49", "shubuh": "04:59", "terbit": "06:12", "dhuha": "06:36", "dzuhur": "12:21", "ashr": "15:30", "magrib": "18:25", "isya": "19:34"}, {"tanggal": "2022-04-10", "imsyak": "04:48", "shubuh": "04:58", "terbit": "06:12", "dhuha": "06:36", "dzuhur": "12:20", "ashr": "15:30", "magrib": "18:25", "isya": "19:34"}, {"tanggal": "2022-04-11", "imsyak": "04:48", "shubuh": "04:58", "terbit": "06:12", "dhuha": "06:36", "dzuhur": "12:20", "ashr": "15:31", "magrib": "18:25", "isya": "19:34"}, {"tanggal": "2022-04-12", "imsyak": "04:48", "shubuh": "04:58", "terbit": "06:11", "dhuha": "06:35", "dzuhur": "12:20", "ashr": "15:31", "magrib": "18:24", "isya": "19:34"}, {"tanggal": "2022-04-13", "imsyak": "04:47", "shubuh": "04:57", "terbit": "06:11", "dhuha": "06:35", "dzuhur": "12:20", "ashr": "15:31", "magrib": "18:24", "isya": "19:34"}, {"tanggal": "2022-04-14", "imsyak": "04:47", "shubuh": "04:57", "terbit": "06:11", "dhuha": "06:35", "dzuhur": "12:19", "ashr": "15:31", "magrib": "18:24", "isya": "19:34"}, {"tanggal": "2022-04-15", "imsyak": "04:46", "shubuh": "04:56", "terbit": "06:10", "dhuha": "06:34", "dzuhur": "12:19", "ashr": "15:32", "magrib": "18:24", "isya": "19:34"}, {"tanggal": "2022-04-16", "imsyak": "04:46", "shubuh": "04:56", "terbit": "06:10", "dhuha": "06:34", "dzuhur": "12:19", "ashr": "15:32", "magrib": "18:24", "isya": "19:34"}, {"tanggal": "2022-04-17", "imsyak": "04:46", "shubuh": "04:56", "terbit": "06:10", "dhuha": "06:34", "dzuhur": "12:19", "ashr": "15:32", "magrib": "18:23", "isya": "19:33"}, {"tanggal": "2022-04-18", "imsyak": "04:45", "shubuh": "04:55", "terbit": "06:09", "dhuha": "06:33", "dzuhur": "12:18", "ashr": "15:32", "magrib": "18:23", "isya": "19:33"}, {"tanggal": "2022-04-19", "imsyak": "04:45", "shubuh": "04:55", "terbit": "06:09", "dhuha": "06:33", "dzuhur": "12:18", "ashr": "15:33", "magrib": "18:23", "isya": "19:33"}, {"tanggal": "2022-04-20", "imsyak": "04:44", "shubuh": "04:54", "terbit": "06:09", "dhuha": "06:33", "dzuhur": "12:18", "ashr": "15:33", "magrib": "18:23", "isya": "19:33"}, {"tanggal": "2022-04-21", "imsyak": "04:44", "shubuh": "04:54", "terbit": "06:09", "dhuha": "06:33", "dzuhur": "12:18", "ashr": "15:33", "magrib": "18:23", "isya": "19:33"}, {"tanggal": "2022-04-22", "imsyak": "04:44", "shubuh": "04:54", "terbit": "06:08", "dhuha": "06:32", "dzuhur": "12:17", "ashr": "15:33", "magrib": "18:23", "isya": "19:33"}, {"tanggal": "2022-04-23", "imsyak": "04:43", "shubuh": "04:53", "terbit": "06:08", "dhuha": "06:32", "dzuhur": "12:17", "ashr": "15:34", "magrib": "18:23", "isya": "19:33"}, {"tanggal": "2022-04-24", "imsyak": "04:43", "shubuh": "04:53", "terbit": "06:08", "dhuha": "06:32", "dzuhur": "12:17", "ashr": "15:34", "magrib": "18:22", "isya": "19:33"}, {"tanggal": "2022-04-25", "imsyak": "04:43", "shubuh": "04:53", "terbit": "06:07", "dhuha": "06:31", "dzuhur": "12:17", "ashr": "15:34", "magrib": "18:22", "isya": "19:33"}, {"tanggal": "2022-04-26", "imsyak": "04:42", "shubuh": "04:52", "terbit": "06:07", "dhuha": "06:31", "dzuhur": "12:17", "ashr": "15:34", "magrib": "18:22", "isya": "19:33"}, {"tanggal": "2022-04-27", "imsyak": "04:42", "shubuh": "04:52", "terbit": "06:07", "dhuha": "06:31", "dzuhur": "12:17", "ashr": "15:34", "magrib": "18:22", "isya": "19:33"}, {"tanggal": "2022-04-28", "imsyak": "04:42", "shubuh": "04:52", "terbit": "06:07", "dhuha": "06:31", "dzuhur": "12:16", "ashr": "15:35", "magrib": "18:22", "isya": "19:33"}, {"tanggal": "2022-04-29", "imsyak": "04:41", "shubuh": "04:51", "terbit": "06:07", "dhuha": "06:31", "dzuhur": "12:16", "ashr": "15:35", "magrib": "18:22", "isya": "19:33"}, {"tanggal": "2022-04-30", "imsyak": "04:41", "shubuh": "04:51", "terbit": "06:06", "dhuha": "06:30", "dzuhur": "12:16", "ashr": "15:35", "magrib": "18:22", "isya": "19:33"}]