[{"tanggal": "2022-06-01", "imsyak": "04:36", "shubuh": "04:46", "terbit": "06:05", "dhuha": "06:29", "dzuhur": "12:16", "ashr": "15:42", "magrib": "18:24", "isya": "19:38"}, {"tanggal": "2022-06-02", "imsyak": "04:36", "shubuh": "04:46", "terbit": "06:05", "dhuha": "06:29", "dzuhur": "12:17", "ashr": "15:42", "magrib": "18:24", "isya": "19:38"}, {"tanggal": "2022-06-03", "imsyak": "04:36", "shubuh": "04:46", "terbit": "06:05", "dhuha": "06:29", "dzuhur": "12:17", "ashr": "15:42", "magrib": "18:24", "isya": "19:39"}, {"tanggal": "2022-06-04", "imsyak": "04:36", "shubuh": "04:46", "terbit": "06:06", "dhuha": "06:30", "dzuhur": "12:17", "ashr": "15:43", "magrib": "18:24", "isya": "19:39"}, {"tanggal": "2022-06-05", "imsyak": "04:36", "shubuh": "04:46", "terbit": "06:06", "dhuha": "06:30", "dzuhur": "12:17", "ashr": "15:43", "magrib": "18:24", "isya": "19:39"}, {"tanggal": "2022-06-06", "imsyak": "04:36", "shubuh": "04:46", "terbit": "06:06", "dhuha": "06:30", "dzuhur": "12:17", "ashr": "15:43", "magrib": "18:24", "isya": "19:39"}, {"tanggal": "2022-06-07", "imsyak": "04:36", "shubuh": "04:46", "terbit": "06:06", "dhuha": "06:30", "dzuhur": "12:17", "ashr": "15:43", "magrib": "18:25", "isya": "19:40"}, {"tanggal": "2022-06-08", "imsyak": "04:36", "shubuh": "04:46", "terbit": "06:06", "dhuha": "06:30", "dzuhur": "12:18", "ashr": "15:44", "magrib": "18:25", "isya": "19:40"}, {"tanggal": "2022-06-09", "imsyak": "04:36", "shubuh": "04:46", "terbit": "06:06", "dhuha": "06:30", "dzuhur": "12:18", "ashr": "15:44", "magrib": "18:25", "isya": "19:40"}, {"tanggal": "2022-06-10", "imsyak": "04:37", "shubuh": "04:47", "terbit": "06:07", "dhuha": "06:31", "dzuhur": "12:18", "ashr": "15:44", "magrib": "18:25", "isya": "19:40"}, {"tanggal": "2022-06-11", "imsyak": "04:37", "shubuh": "04:47", "terbit": "06:07", "dhuha": "06:31", "dzuhur": "12:18", "ashr": "15:44", "magrib": "18:26", "isya": "19:41"}, {"tanggal": "2022-06-12", "imsyak": "04:37", "shubuh": "04:47", "terbit": "06:07", "dhuha": "06:31", "dzuhur": "12:18", "ashr": "15:45", "magrib": "18:26", "isya": "19:41"}, {"tanggal": "2022-06-13", "imsyak": "04:37", "shubuh": "04:47", "terbit": "06:07", "dhuha": "06:31", "dzuhur": "12:19", "ashr": "15:45", "magrib": "18:26", "isya": "19:41"}, {"tanggal": "2022-06-14", "imsyak": "04:37", "shubuh": "04:47", "terbit": "06:07", "dhuha": "06:31", "dzuhur": "12:19", "ashr": "15:45", "magrib": "18:26", "isya": "19:41"}, {"tanggal": "2022-06-15", "imsyak": "04:37", "shubuh": "04:47", "terbit": "06:07", "dhuha": "06:31", "dzuhur": "12:19", "ashr": "15:45", "magrib": "18:26", "isya": "19:42"}, {"tanggal": "2022-06-16", "imsyak": "04:37", "shubuh": "04:47", "terbit": "06:08", "dhuha": "06:32", "dzuhur": "12:19", "ashr": "15:46", "magrib": "18:27", "isya": "19:42"}, {"tanggal": "2022-06-17", "imsyak": "04:38", "shubuh": "04:48", "terbit": "06:08", "dhuha": "06:32", "dzuhur": "12:19", "ashr": "15:46", "magrib": "18:27", "isya": "19:42"}, {"tanggal": "2022-06-18", "imsyak": "04:38", "shubuh": "04:48", "terbit": "06:08", "dhuha": "06:32", "dzuhur": "12:20", "ashr": "15:46", "magrib": "18:27", "isya": "19:42"}, {"tanggal": "2022-06-19", "imsyak": "04:38", "shubuh": "04:48", "terbit": "06:08", "dhuha": "06:32", "dzuhur": "12:20", "ashr": "15:46", "magrib": "18:27", "isya": "19:43"}, {"tanggal": "2022-06-20", "imsyak": "04:38", "shubuh": "04:48", "terbit": "06:09", "dhuha": "06:33", "dzuhur": "12:20", "ashr": "15:47", "magrib": "18:28", "isya": "19:43"}, {"tanggal": "2022-06-21", "imsyak": "04:38", "shubuh": "04:48", "terbit": "06:09", "dhuha": "06:33", "dzuhur": "12:20", "ashr": "15:47", "magrib": "18:28", "isya": "19:43"}, {"tanggal": "2022-06-22", "imsyak": "04:39", "shubuh": "04:49", "terbit": "06:09", "dhuha": "06:33", "dzuhur": "12:20", "ashr": "15:47", "magrib": "18:28", "isya": "19:43"}, {"tanggal": "2022-06-23", "imsyak": "04:39", "shubuh": "04:49", "terbit": "06:09", "dhuha": "06:33", "dzuhur": "12:21", "ashr": "15:47", "magrib": "18:28", "isya": "19:44"}, {"tanggal": "2022-06-24", "imsyak": "04:39", "shubuh": "04:49", "terbit": "06:09", "dhuha": "06:33", "dzuhur": "12:21", "ashr": "15:47", "magrib": "18:28", "isya": "19:44"}, {"tanggal": "2022-06-25", "imsyak": "04:39", "shubuh": "04:49", "terbit": "06:10", "dhuha": "06:34", "dzuhur": "12:21", "ashr": "15:48", "magrib": "18:29", "isya": "19:44"}, {"tanggal": "2022-06-26", "imsyak": "04:40", "shubuh": "04:50", "terbit": "06:10", "dhuha": "06:34", "dzuhur": "12:21", "ashr": "15:48", "magrib": "18:29", "isya": "19:44"}, {"tanggal": "2022-06-27", "imsyak": "04:40", "shubuh": "04:50", "terbit": "06:10", "dhuha": "06:34", "dzuhur": "12:22", "ashr": "15:48", "magrib": "18:29", "isya": "19:44"}, {"tanggal": "2022-06-28", "imsyak": "04:40", "shubuh": "04:50", "terbit": "06:10", "dhuha": "06:34", "dzuhur": "12:22", "ashr": "15:48", "magrib": "18:29", "isya": "19:45"}, {"tanggal": "2022-06-29", "imsyak": "04:40", "shubuh": "04:50", "terbit": "06:10", "dhuha": "06:34", "dzuhur": "12:22", "ashr": "15:48", "magrib": "18:29", "isya": "19:45"}, {"tanggal": "2022-06-30", "imsyak": "04:41", "shubuh": "04:51", "terbit": "06:11", "dhuha": "06:35", "dzuhur": "12:22", "ashr": "15:49", "magrib": "18:30", "isya": "19:45"}]