[{"tanggal": "2022-07-01", "imsyak": "04:41", "shubuh": "04:51", "terbit": "06:11", "dhuha": "06:35", "dzuhur": "12:22", "ashr": "15:49", "magrib": "18:30", "isya": "19:45"}, {"tanggal": "2022-07-02", "imsyak": "04:41", "shubuh": "04:51", "terbit": "06:11", "dhuha": "06:35", "dzuhur": "12:23", "ashr": "15:49", "magrib": "18:30", "isya": "19:45"}, {"tanggal": "2022-07-03", "imsyak": "04:41", "shubuh": "04:51", "terbit": "06:11", "dhuha": "06:35", "dzuhur": "12:23", "ashr": "15:49", "magrib": "18:30", "isya": "19:45"}, {"tanggal": "2022-07-04", "imsyak": "04:42", "shubuh": "04:52", "terbit": "06:12", "dhuha": "06:36", "dzuhur": "12:23", "ashr": "15:49", "magrib": "18:30", "isya": "19:45"}, {"tanggal": "2022-07-05", "imsyak": "04:42", "shubuh": "04:52", "terbit": "06:12", "dhuha": "06:36", "dzuhur": "12:23", "ashr": "15:49", "magrib": "18:30", "isya": "19:46"}, {"tanggal": "2022-07-06", "imsyak": "04:42", "shubuh": "04:52", "terbit": "06:12", "dhuha": "06:36", "dzuhur": "12:23", "ashr": "15:49", "magrib": "18:31", "isya": "19:46"}, {"tanggal": "2022-07-07", "imsyak": "04:42", "shubuh": "04:52", "terbit": "06:12", "dhuha": "06:36", "dzuhur": "12:23", "ashr": "15:50", "magrib": "18:31", "isya": "19:46"}, {"tanggal": "2022-07-08", "imsyak": "04:43", "shubuh": "04:53", "terbit": "06:12", "dhuha": "06:36", "dzuhur": "12:24", "ashr": "15:50", "magrib": "18:31", "isya": "19:46"}, {"tanggal": "2022-07-09", "imsyak": "04:43", "shubuh": "04:53", "terbit": "06:12", "dhuha": "06:36", "dzuhur": "12:24", "ashr": "15:50", "magrib": "18:31", "isya": "19:46"}, {"tanggal": "2022-07-10", "imsyak": "04:43", "shubuh": "04:53", "terbit": "06:13", "dhuha": "06:37", "dzuhur": "12:24", "ashr": "15:50", "magrib": "18:31", "isya": "19:46"}, {"tanggal": "2022-07-11", "imsyak": "04:43", "shubuh": "04:53", "terbit": "06:13", "dhuha": "06:37", "dzuhur": "12:24", "ashr": "15:50", "magrib": "18:31", "isya": "19:46"}, {"tanggal": "2022-07-12", "imsyak": "04:44", "shubuh": "04:54", "terbit": "06:13", "dhuha": "06:37", "dzuhur": "12:24", "ashr": "15:50", "magrib": "18:31", "isya": "19:46"}, {"tanggal": "2022-07-13", "imsyak": "04:44", "shubuh": "04:54", "terbit": "06:13", "dhuha": "06:37", "dzuhur": "12:24", "ashr": "15:50", "magrib": "18:32", "isya": "19:46"}, {"tanggal": "2022-07-14", "imsyak": "04:44", "shubuh": "04:54", "terbit": "06:13", "dhuha": "06:37", "dzuhur": "12:24", "ashr": "15:50", "magrib": "18:32", "isya": "19:46"}, {"tanggal": "2022-07-15", "imsyak": "04:44", "shubuh": "04:54", "terbit": "06:13", "dhuha": "06:37", "dzuhur": "12:25", "ashr": "15:50", "magrib": "18:32", "isya": "19:46"}, {"tanggal": "2022-07-16", "imsyak": "04:45", "shubuh": "04:55", "terbit": "06:14", "dhuha": "06:38", "dzuhur": "12:25", "ashr": "15:50", "magrib": "18:32", "isya": "19:46"}, {"tanggal": "2022-07-17", "imsyak": "04:45", "shubuh": "04:55", "terbit": "06:14", "dhuha": "06:38", "dzuhur": "12:25", "ashr": "15:50", "magrib": "18:32", "isya": "19:46"}, {"tanggal": "2022-07-18", "imsyak": "04:45", "shubuh": "04:55", "terbit": "06:14", "dhuha": "06:38", "dzuhur": "12:25", "ashr": "15:50", "magrib": "18:32", "isya": "19:46"}, {"tanggal": "2022-07-19", "imsyak": "04:45", "shubuh": "04:55", "terbit": "06:14", "dhuha": "06:38", "dzuhur": "12:25", "ashr": "15:50", "magrib": "18:32", "isya": "19:46"}, {"tanggal": "2022-07-20", "imsyak": "04:45", "shubuh": "04:55", "terbit": "06:14", "dhuha": "06:38", "dzuhur": "12:25", "ashr": "15:50", "magrib": "18:32", "isya": "19:46"}, {"tanggal": "2022-07-21", "imsyak": "04:46", "shubuh": "04:56", "terbit": "06:14", "dhuha": "06:38", "dzuhur": "12:25", "ashr": "15:50", "magrib": "18:32", "isya": "19:46"}, {"tanggal": "2022-07-22", "imsyak": "04:46", "shubuh": "04:56", "terbit": "06:14", "dhuha": "06:38", "dzuhur": "12:25", "ashr": "15:50", "magrib": "18:32", "isya": "19:46"}, {"tanggal": "2022-07-23", "imsyak": "04:46", "shubuh": "04:56", "terbit": "06:14", "dhuha": "06:38", "dzuhur": "12:25", "ashr": "15:50", "magrib": "18:32", "isya": "19:46"}, {"tanggal": "2022-07-24", "imsyak": "04:46", "shubuh": "04:56", "terbit": "06:14", "dhuha": "06:38", "dzuhur": "12:25", "ashr": "15:49", "magrib": "18:32", "isya": "19:45"}, {"tanggal": "2022-07-25", "imsyak": "04:46", "shubuh": "04:56", "terbit": "06:14", "dhuha": "06:38", "dzuhur": "12:25", "ashr": "15:49", "magrib": "18:32", "isya": "19:45"}, {"tanggal": "2022-07-26", "imsyak": "04:47", "shubuh": "04:57", "terbit": "06:15", "dhuha": "06:39", "dzuhur": "12:25", "ashr": "15:49", "magrib": "18:32", "isya": "19:45"}, {"tanggal": "2022-07-27", "imsyak": "04:47", "shubuh": "04:57", "terbit": "06:15", "dhuha": "06:39", "dzuhur": "12:25", "ashr": "15:49", "magrib": "18:32", "isya": "19:45"}, {"tanggal": "2022-07-28", "imsyak": "04:47", "shubuh": "04:57", "terbit": "06:15", "dhuha": "06:39", "dzuhur": "12:25", "ashr": "15:49", "magrib": "18:32", "isya": "19:45"}, {"tanggal": "2022-07-29", "imsyak": "04:47", "shubuh": "04:57", "terbit": "06:15", "dhuha": "06:39", "dzuhur": "12:25", "ashr": "15:49", "magrib": "18:32", "isya": "19:45"}, {"tanggal": "2022-07-30", "imsyak": "04:47", "shubuh": "04:57", "terbit": "06:15", "dhuha": "06:39", "dzuhur": "12:25", "ashr": "15:48", "magrib": "18:32", "isya": "19:45"}, {"tanggal": "2022-07-31", "imsyak": "04:47", "shubuh": "04:57", "terbit": "06:15", "dhuha": "06:39", "dzuhur": "12:25", "ashr": "15:48", "magrib": "18:32", "isya": "19:44"}]