[{"tanggal": "2022-08-01", "imsyak": "04:47", "shubuh": "04:57", "terbit": "06:15", "dhuha": "06:39", "dzuhur": "12:25", "ashr": "15:48", "magrib": "18:32", "isya": "19:44"}, {"tanggal": "2022-08-02", "imsyak": "04:48", "shubuh": "04:58", "terbit": "06:15", "dhuha": "06:39", "dzuhur": "12:25", "ashr": "15:48", "magrib": "18:31", "isya": "19:44"}, {"tanggal": "2022-08-03", "imsyak": "04:48", "shubuh": "04:58", "terbit": "06:15", "dhuha": "06:39", "dzuhur": "12:25", "ashr": "15:47", "magrib": "18:31", "isya": "19:44"}, {"tanggal": "2022-08-04", "imsyak": "04:48", "shubuh": "04:58", "terbit": "06:15", "dhuha": "06:39", "dzuhur": "12:25", "ashr": "15:47", "magrib": "18:31", "isya": "19:43"}, {"tanggal": "2022-08-05", "imsyak": "04:48", "shubuh": "04:58", "terbit": "06:15", "dhuha": "06:39", "dzuhur": "12:25", "ashr": "15:47", "magrib": "18:31", "isya": "19:43"}, {"tanggal": "2022-08-06", "imsyak": "04:48", "shubuh": "04:58", "terbit": "06:15", "dhuha": "06:39", "dzuhur": "12:25", "ashr": "15:46", "magrib": "18:31", "isya": "19:43"}, {"tanggal": "2022-08-07", "imsyak": "04:48", "shubuh": "04:58", "terbit": "06:15", "dhuha": "06:39", "dzuhur": "12:25", "ashr": "15:46", "magrib": "18:31", "isya": "19:43"}, {"tanggal": "2022-08-08", "imsyak": "04:48", "shubuh": "04:58", "terbit": "06:14", "dhuha": "06:38", "dzuhur": "12:25", "ashr": "15:46", "magrib": "18:31", "isya": "19:42"}, {"tanggal": "2022-08-09", "imsyak": "04:48", "shubuh": "04:58", "terbit": "06:14", "dhuha": "06:38", "dzuhur": "12:24", "ashr": "15:45", "magrib": "18:30", "isya": "19:42"}, {"tanggal": "2022-08-10", "imsyak": "04:48", "shubuh": "04:58", "terbit": "06:14", "dhuha": "06:38", "dzuhur": "12:24", "ashr": "15:45", "magrib": "18:30", "isya": "19:42"}, {"tanggal": "2022-08-11", "imsyak": "04:48", "shubuh": "04:58", "terbit": "06:14", "dhuha": "06:38", "dzuhur": "12:24", "ashr": "15:44", "magrib": "18:30", "isya": "19:41"}, {"tanggal": "2022-08-12", "imsyak": "04:48", "shubuh": "04:58", "terbit": "06:14", "dhuha": "06:38", "dzuhur": "12:24", "ashr": "15:44", "magrib": "18:30", "isya": "19:41"}, {"tanggal": "2022-08-13", "imsyak": "04:48", "shubuh": "04:58", "terbit": "06:14", "dhuha": "06:38", "dzuhur": "12:24", "ashr": "15:43", "magrib": "18:30", "isya": "19:41"}, {"tanggal": "2022-08-14", "imsyak": "04:48", "shubuh": "04:58", "terbit": "06:14", "dhuha": "06:38", "dzuhur": "12:24", "ashr": "15:43", "magrib": "18:29", "isya": "19:40"}, {"tanggal": "2022-08-15", "imsyak": "04:48", "shubuh": "04:58", "terbit": "06:14", "dhuha": "06:38", "dzuhur": "12:23", "ashr": "15:42", "magrib": "18:29", "isya": "19:40"}, {"tanggal": "2022-08-16", "imsyak": "04:48", "shubuh": "04:58", "terbit": "06:14", "dhuha": "06:38", "dzuhur": "12:23", "ashr": "15:42", "magrib": "18:29", "isya": "19:40"}, {"tanggal": "2022-08-17", "imsyak": "04:48", "shubuh": "04:58", "terbit": "06:13", "dhuha": "06:37", "dzuhur": "12:23", "ashr": "15:41", "magrib": "18:29", "isya": "19:39"}, {"tanggal": "2022-08-18", "imsyak": "04:48", "shubuh": "04:58", "terbit": "06:13", "dhuha": "06:37", "dzuhur": "12:23", "ashr": "15:41", "magrib": "18:28", "isya": "19:39"}, {"tanggal": "2022-08-19", "imsyak": "04:48", "shubuh": "04:58", "terbit": "06:13", "dhuha": "06:37", "dzuhur": "12:23", "ashr": "15:40", "magrib": "18:28", "isya": "19:39"}, {"tanggal": "2022-08-20", "imsyak": "04:48", "shubuh": "04:58", "terbit": "06:13", "dhuha": "06:37", "dzuhur": "12:22", "ashr": "15:39", "magrib": "18:28", "isya": "19:38"}, {"tanggal": "2022-08-21", "imsyak": "04:48", "shubuh": "04:58", "terbit": "06:13", "dhuha": "06:37", "dzuhur": "12:22", "ashr": "15:39", "magrib": "18:27", "isya": "19:38"}, {"tanggal": "2022-08-22", "imsyak": "04:48", "shubuh": "04:58", "terbit": "06:13", "dhuha": "06:37", "dzuhur": "12:22", "ashr": "15:38", "magrib": "18:27", "isya": "19:37"}, {"tanggal": "2022-08-23", "imsyak": "04:48", "shubuh": "04:58", "terbit": "06:12", "dhuha": "06:36", "dzuhur": "12:22", "ashr": "15:37", "magrib": "18:27", "isya": "19:37"}, {"tanggal": "2022-08-24", "imsyak": "04:48", "shubuh": "04:58", "terbit": "06:12", "dhuha": "06:36", "dzuhur": "12:21", "ashr": "15:37", "magrib": "18:26", "isya": "19:37"}, {"tanggal": "2022-08-25", "imsyak": "04:48", "shubuh": "04:58", "terbit": "06:12", "dhuha": "06:36", "dzuhur": "12:21", "ashr": "15:36", "magrib": "18:26", "isya": "19:36"}, {"tanggal": "2022-08-26", "imsyak": "04:48", "shubuh": "04:58", "terbit": "06:12", "dhuha": "06:36", "dzuhur": "12:21", "ashr": "15:35", "magrib": "18:26", "isya": "19:36"}, {"tanggal": "2022-08-27", "imsyak": "04:47", "shubuh": "04:57", "terbit": "06:12", "dhuha": "06:36", "dzuhur": "12:21", "ashr": "15:35", "magrib": "18:25", "isya": "19:35"}, {"tanggal": "2022-08-28", "imsyak": "04:47", "shubuh": "04:57", "terbit": "06:11", "dhuha": "06:35", "dzuhur": "12:20", "ashr": "15:34", "magrib": "18:25", "isya": "19:35"}, {"tanggal": "2022-08-29", "imsyak": "04:47", "shubuh": "04:57", "terbit": "06:11", "dhuha": "06:35", "dzuhur": "12:20", "ashr": "15:33", "magrib": "18:25", "isya": "19:35"}, {"tanggal": "2022-08-30", "imsyak": "04:47", "shubuh": "04:57", "terbit": "06:11", "dhuha": "06:35", "dzuhur": "12:20", "ashr": "15:32", "magrib": "18:24", "isya": "19:34"}, {"tanggal": "2022-08-31", "imsyak": "04:47", "shubuh": "04:57", "terbit": "06:11", "dhuha": "06:35", "dzuhur": "12:19", "ashr": "15:31", "magrib": "18:24", "isya": "19:34"}]