[{"tanggal": "2023-02-01", "imsyak": "04:24", "shubuh": "04:34", "terbit": "05:53", "dhuha": "06:17", "dzuhur": "12:12", "ashr": "15:30", "magrib": "18:26", "isya": "19:40"}, {"tanggal": "2023-02-02", "imsyak": "04:25", "shubuh": "04:35", "terbit": "05:53", "dhuha": "06:17", "dzuhur": "12:12", "ashr": "15:30", "magrib": "18:26", "isya": "19:40"}, {"tanggal": "2023-02-03", "imsyak": "04:25", "shubuh": "04:35", "terbit": "05:54", "dhuha": "06:18", "dzuhur": "12:12", "ashr": "15:30", "magrib": "18:26", "isya": "19:39"}, {"tanggal": "2023-02-04", "imsyak": "04:26", "shubuh": "04:36", "terbit": "05:54", "dhuha": "06:18", "dzuhur": "12:12", "ashr": "15:29", "magrib": "18:26", "isya": "19:39"}, {"tanggal": "2023-02-05", "imsyak": "04:26", "shubuh": "04:36", "terbit": "05:54", "dhuha": "06:18", "dzuhur": "12:12", "ashr": "15:29", "magrib": "18:26", "isya": "19:39"}, {"tanggal": "2023-02-06", "imsyak": "04:27", "shubuh": "04:37", "terbit": "05:54", "dhuha": "06:18", "dzuhur": "12:12", "ashr": "15:28", "magrib": "18:26", "isya": "19:39"}, {"tanggal": "2023-02-07", "imsyak": "04:27", "shubuh": "04:37", "terbit": "05:55", "dhuha": "06:19", "dzuhur": "12:12", "ashr": "15:28", "magrib": "18:26", "isya": "19:38"}, {"tanggal": "2023-02-08", "imsyak": "04:28", "shubuh": "04:38", "terbit": "05:55", "dhuha": "06:19", "dzuhur": "12:12", "ashr": "15:28", "magrib": "18:25", "isya": "19:38"}, {"tanggal": "2023-02-09", "imsyak": "04:28", "shubuh": "04:38", "terbit": "05:55", "dhuha": "06:19", "dzuhur": "12:12", "ashr": "15:27", "magrib": "18:25", "isya": "19:38"}, {"tanggal": "2023-02-10", "imsyak": "04:28", "shubuh": "04:38", "terbit": "05:56", "dhuha": "06:20", "dzuhur": "12:12", "ashr": "15:26", "magrib": "18:25", "isya": "19:38"}, {"tanggal": "2023-02-11", "imsyak": "04:29", "shubuh": "04:39", "terbit": "05:56", "dhuha": "06:20", "dzuhur": "12:12", "ashr": "15:26", "magrib": "18:25", "isya": "19:37"}, {"tanggal": "2023-02-12", "imsyak": "04:29", "shubuh": "04:39", "terbit": "05:56", "dhuha": "06:20", "dzuhur": "12:12", "ashr": "15:25", "magrib": "18:25", "isya": "19:37"}, {"tanggal": "2023-02-13", "imsyak": "04:29", "shubuh": "04:39", "terbit": "05:56", "dhuha": "06:20", "dzuhur": "12:12", "ashr": "15:25", "magrib": "18:24", "isya": "19:36"}, {"tanggal": "2023-02-14", "imsyak": "04:30", "shubuh": "04:40", "terbit": "05:56", "dhuha": "06:20", "dzuhur": "12:12", "ashr": "15:24", "magrib": "18:24", "isya": "19:36"}, {"tanggal": "2023-02-15", "imsyak": "04:30", "shubuh": "04:40", "terbit": "05:57", "dhuha": "06:21", "dzuhur": "12:12", "ashr": "15:23", "magrib": "18:24", "isya": "19:36"}, {"tanggal": "2023-02-16", "imsyak": "04:30", "shubuh": "04:40", "terbit": "05:57", "dhuha": "06:21", "dzuhur": "12:12", "ashr": "15:23", "magrib": "18:24", "isya": "19:35"}, {"tanggal": "2023-02-17", "imsyak": "04:31", "shubuh": "04:41", "terbit": "05:57", "dhuha": "06:21", "dzuhur": "12:12", "ashr": "15:22", "magrib": "18:23", "isya": "19:35"}, {"tanggal": "2023-02-18", "imsyak": "04:31", "shubuh": "04:41", "terbit": "05:57", "dhuha": "06:21", "dzuhur": "12:12", "ashr": "15:21", "magrib": "18:23", "isya": "19:35"}, {"tanggal": "2023-02-19", "imsyak": "04:31", "shubuh": "04:41", "terbit": "05:57", "dhuha": "06:21", "dzuhur": "12:12", "ashr": "15:20", "magrib": "18:23", "isya": "19:34"}, {"tanggal": "2023-02-20", "imsyak": "04:32", "shubuh": "04:42", "terbit": "05:57", "dhuha": "06:21", "dzuhur": "12:12", "ashr": "15:20", "magrib": "18:22", "isya": "19:34"}, {"tanggal": "2023-02-21", "imsyak": "04:32", "shubuh": "04:42", "terbit": "05:58", "dhuha": "06:22", "dzuhur": "12:12", "ashr": "15:19", "magrib": "18:22", "isya": "19:33"}, {"tanggal": "2023-02-22", "imsyak": "04:32", "shubuh": "04:42", "terbit": "05:58", "dhuha": "06:22", "dzuhur": "12:12", "ashr": "15:18", "magrib": "18:22", "isya": "19:33"}, {"tanggal": "2023-02-23", "imsyak": "04:32", "shubuh": "04:42", "terbit": "05:58", "dhuha": "06:22", "dzuhur": "12:12", "ashr": "15:17", "magrib": "18:21", "isya": "19:32"}, {"tanggal": "2023-02-24", "imsyak": "04:33", "shubuh": "04:43", "terbit": "05:58", "dhuha": "06:22", "dzuhur": "12:12", "ashr": "15:16", "magrib": "18:21", "isya": "19:32"}, {"tanggal": "2023-02-25", "imsyak": "04:33", "shubuh": "04:43", "terbit": "05:58", "dhuha": "06:22", "dzuhur": "12:11", "ashr": "15:15", "magrib": "18:21", "isya": "19:31"}, {"tanggal": "2023-02-26", "imsyak": "04:33", "shubuh": "04:43", "terbit": "05:58", "dhuha": "06:22", "dzuhur": "12:11", "ashr": "15:14", "magrib": "18:20", "isya": "19:31"}, {"tanggal": "2023-02-27", "imsyak": "04:33", "shubuh": "04:43", "terbit": "05:58", "dhuha": "06:22", "dzuhur": "12:11", "ashr": "15:13", "magrib": "18:20", "isya": "19:30"}, {"tanggal": "2023-02-28", "imsyak": "04:33", "shubuh": "04:43", "terbit": "05:58", "dhuha": "06:22", "dzuhur": "12:11", "ashr": "15:14", "magrib": "18:19", "isya": "19:30"}]