[{"tanggal": "2023-05-01", "imsyak": "04:31", "shubuh": "04:41", "terbit": "05:57", "dhuha": "06:21", "dzuhur": "11:55", "ashr": "15:17", "magrib": "17:49", "isya": "19:01"}, {"tanggal": "2023-05-02", "imsyak": "04:31", "shubuh": "04:41", "terbit": "05:57", "dhuha": "06:21", "dzuhur": "11:55", "ashr": "15:16", "magrib": "17:49", "isya": "19:01"}, {"tanggal": "2023-05-03", "imsyak": "04:31", "shubuh": "04:41", "terbit": "05:57", "dhuha": "06:21", "dzuhur": "11:55", "ashr": "15:16", "magrib": "17:49", "isya": "19:01"}, {"tanggal": "2023-05-04", "imsyak": "04:31", "shubuh": "04:41", "terbit": "05:57", "dhuha": "06:21", "dzuhur": "11:55", "ashr": "15:16", "magrib": "17:49", "isya": "19:00"}, {"tanggal": "2023-05-05", "imsyak": "04:31", "shubuh": "04:41", "terbit": "05:58", "dhuha": "06:22", "dzuhur": "11:55", "ashr": "15:16", "magrib": "17:48", "isya": "19:00"}, {"tanggal": "2023-05-06", "imsyak": "04:31", "shubuh": "04:41", "terbit": "05:58", "dhuha": "06:22", "dzuhur": "11:55", "ashr": "15:16", "magrib": "17:48", "isya": "19:00"}, {"tanggal": "2023-05-07", "imsyak": "04:31", "shubuh": "04:41", "terbit": "05:58", "dhuha": "06:22", "dzuhur": "11:55", "ashr": "15:16", "magrib": "17:48", "isya": "19:00"}, {"tanggal": "2023-05-08", "imsyak": "04:31", "shubuh": "04:41", "terbit": "05:58", "dhuha": "06:22", "dzuhur": "11:55", "ashr": "15:16", "magrib": "17:47", "isya": "19:00"}, {"tanggal": "2023-05-09", "imsyak": "04:31", "shubuh": "04:41", "terbit": "05:58", "dhuha": "06:22", "dzuhur": "11:55", "ashr": "15:16", "magrib": "17:47", "isya": "19:00"}, {"tanggal": "2023-05-10", "imsyak": "04:31", "shubuh": "04:41", "terbit": "05:58", "dhuha": "06:22", "dzuhur": "11:55", "ashr": "15:16", "magrib": "17:47", "isya": "18:59"}, {"tanggal": "2023-05-11", "imsyak": "04:31", "shubuh": "04:41", "terbit": "05:58", "dhuha": "06:22", "dzuhur": "11:55", "ashr": "15:16", "magrib": "17:47", "isya": "18:59"}, {"tanggal": "2023-05-12", "imsyak": "04:31", "shubuh": "04:41", "terbit": "05:58", "dhuha": "06:22", "dzuhur": "11:55", "ashr": "15:16", "magrib": "17:47", "isya": "18:59"}, {"tanggal": "2023-05-13", "imsyak": "04:31", "shubuh": "04:41", "terbit": "05:59", "dhuha": "06:23", "dzuhur": "11:55", "ashr": "15:16", "magrib": "17:46", "isya": "18:59"}, {"tanggal": "2023-05-14", "imsyak": "04:31", "shubuh": "04:41", "terbit": "05:59", "dhuha": "06:23", "dzuhur": "11:55", "ashr": "15:16", "magrib": "17:46", "isya": "18:59"}, {"tanggal": "2023-05-15", "imsyak": "04:32", "shubuh": "04:42", "terbit": "05:59", "dhuha": "06:23", "dzuhur": "11:55", "ashr": "15:15", "magrib": "17:46", "isya": "18:59"}, {"tanggal": "2023-05-16", "imsyak": "04:32", "shubuh": "04:42", "terbit": "05:59", "dhuha": "06:23", "dzuhur": "11:55", "ashr": "15:15", "magrib": "17:46", "isya": "18:59"}, {"tanggal": "2023-05-17", "imsyak": "04:32", "shubuh": "04:42", "terbit": "05:59", "dhuha": "06:23", "dzuhur": "11:55", "ashr": "15:15", "magrib": "17:46", "isya": "18:59"}, {"tanggal": "2023-05-18", "imsyak": "04:32", "shubuh": "04:42", "terbit": "05:59", "dhuha": "06:23", "dzuhur": "11:55", "ashr": "15:15", "magrib": "17:46", "isya": "18:59"}, {"tanggal": "2023-05-19", "imsyak": "04:32", "shubuh": "04:42", "terbit": "06:00", "dhuha": "06:24", "dzuhur": "11:55", "ashr": "15:15", "magrib": "17:46", "isya": "18:59"}, {"tanggal": "2023-05-20", "imsyak": "04:32", "shubuh": "04:42", "terbit": "06:00", "dhuha": "06:24", "dzuhur": "11:55", "ashr": "15:15", "magrib": "17:45", "isya": "18:59"}, {"tanggal": "2023-05-21", "imsyak": "04:32", "shubuh": "04:42", "terbit": "06:00", "dhuha": "06:24", "dzuhur": "11:55", "ashr": "15:15", "magrib": "17:45", "isya": "18:59"}, {"tanggal": "2023-05-22", "imsyak": "04:32", "shubuh": "04:42", "terbit": "06:00", "dhuha": "06:24", "dzuhur": "11:55", "ashr": "15:15", "magrib": "17:45", "isya": "18:59"}, {"tanggal": "2023-05-23", "imsyak": "04:32", "shubuh": "04:42", "terbit": "06:00", "dhuha": "06:24", "dzuhur": "11:55", "ashr": "15:15", "magrib": "17:45", "isya": "18:59"}, {"tanggal": "2023-05-24", "imsyak": "04:32", "shubuh": "04:42", "terbit": "06:01", "dhuha": "06:25", "dzuhur": "11:55", "ashr": "15:16", "magrib": "17:45", "isya": "18:59"}, {"tanggal": "2023-05-25", "imsyak": "04:32", "shubuh": "04:42", "terbit": "06:01", "dhuha": "06:25", "dzuhur": "11:55", "ashr": "15:16", "magrib": "17:45", "isya": "18:59"}, {"tanggal": "2023-05-26", "imsyak": "04:32", "shubuh": "04:42", "terbit": "06:01", "dhuha": "06:25", "dzuhur": "11:55", "ashr": "15:16", "magrib": "17:45", "isya": "18:59"}, {"tanggal": "2023-05-27", "imsyak": "04:33", "shubuh": "04:43", "terbit": "06:01", "dhuha": "06:25", "dzuhur": "11:55", "ashr": "15:16", "magrib": "17:45", "isya": "18:59"}, {"tanggal": "2023-05-28", "imsyak": "04:33", "shubuh": "04:43", "terbit": "06:01", "dhuha": "06:25", "dzuhur": "11:55", "ashr": "15:16", "magrib": "17:45", "isya": "18:59"}, {"tanggal": "2023-05-29", "imsyak": "04:33", "shubuh": "04:43", "terbit": "06:02", "dhuha": "06:26", "dzuhur": "11:55", "ashr": "15:16", "magrib": "17:45", "isya": "18:59"}, {"tanggal": "2023-05-30", "imsyak": "04:33", "shubuh": "04:43", "terbit": "06:02", "dhuha": "06:26", "dzuhur": "11:56", "ashr": "15:16", "magrib": "17:45", "isya": "18:59"}, {"tanggal": "2023-05-31", "imsyak": "04:33", "shubuh": "04:43", "terbit": "06:02", "dhuha": "06:26", "dzuhur": "11:56", "ashr": "15:16", "magrib": "17:45", "isya": "19:00"}]