[{"tanggal": "2021-08-01", "imsyak": "04:42", "shubuh": "04:52", "terbit": "06:09", "dhuha": "06:33", "dzuhur": "12:05", "ashr": "15:26", "magrib": "17:56", "isya": "19:09"}, {"tanggal": "2021-08-02", "imsyak": "04:41", "shubuh": "04:51", "terbit": "06:09", "dhuha": "06:33", "dzuhur": "12:05", "ashr": "15:26", "magrib": "17:57", "isya": "19:09"}, {"tanggal": "2021-08-03", "imsyak": "04:41", "shubuh": "04:51", "terbit": "06:08", "dhuha": "06:32", "dzuhur": "12:04", "ashr": "15:26", "magrib": "17:57", "isya": "19:09"}, {"tanggal": "2021-08-04", "imsyak": "04:41", "shubuh": "04:51", "terbit": "06:08", "dhuha": "06:32", "dzuhur": "12:04", "ashr": "15:26", "magrib": "17:57", "isya": "19:09"}, {"tanggal": "2021-08-05", "imsyak": "04:41", "shubuh": "04:51", "terbit": "06:08", "dhuha": "06:32", "dzuhur": "12:04", "ashr": "15:26", "magrib": "17:57", "isya": "19:09"}, {"tanggal": "2021-08-06", "imsyak": "04:41", "shubuh": "04:51", "terbit": "06:08", "dhuha": "06:32", "dzuhur": "12:04", "ashr": "15:25", "magrib": "17:57", "isya": "19:09"}, {"tanggal": "2021-08-07", "imsyak": "04:41", "shubuh": "04:51", "terbit": "06:07", "dhuha": "06:31", "dzuhur": "12:04", "ashr": "15:25", "magrib": "17:57", "isya": "19:09"}, {"tanggal": "2021-08-08", "imsyak": "04:41", "shubuh": "04:51", "terbit": "06:07", "dhuha": "06:31", "dzuhur": "12:04", "ashr": "15:25", "magrib": "17:57", "isya": "19:09"}, {"tanggal": "2021-08-09", "imsyak": "04:40", "shubuh": "04:50", "terbit": "06:07", "dhuha": "06:31", "dzuhur": "12:04", "ashr": "15:25", "magrib": "17:57", "isya": "19:09"}, {"tanggal": "2021-08-10", "imsyak": "04:40", "shubuh": "04:50", "terbit": "06:06", "dhuha": "06:30", "dzuhur": "12:04", "ashr": "15:25", "magrib": "17:57", "isya": "19:09"}, {"tanggal": "2021-08-11", "imsyak": "04:40", "shubuh": "04:50", "terbit": "06:06", "dhuha": "06:30", "dzuhur": "12:04", "ashr": "15:25", "magrib": "17:57", "isya": "19:09"}, {"tanggal": "2021-08-12", "imsyak": "04:40", "shubuh": "04:50", "terbit": "06:06", "dhuha": "06:30", "dzuhur": "12:03", "ashr": "15:25", "magrib": "17:57", "isya": "19:09"}, {"tanggal": "2021-08-13", "imsyak": "04:39", "shubuh": "04:49", "terbit": "06:05", "dhuha": "06:29", "dzuhur": "12:03", "ashr": "15:25", "magrib": "17:57", "isya": "19:09"}, {"tanggal": "2021-08-14", "imsyak": "04:39", "shubuh": "04:49", "terbit": "06:05", "dhuha": "06:29", "dzuhur": "12:03", "ashr": "15:24", "magrib": "17:57", "isya": "19:09"}, {"tanggal": "2021-08-15", "imsyak": "04:39", "shubuh": "04:49", "terbit": "06:05", "dhuha": "06:29", "dzuhur": "12:03", "ashr": "15:24", "magrib": "17:57", "isya": "19:09"}, {"tanggal": "2021-08-16", "imsyak": "04:39", "shubuh": "04:49", "terbit": "06:04", "dhuha": "06:28", "dzuhur": "12:03", "ashr": "15:24", "magrib": "17:57", "isya": "19:09"}, {"tanggal": "2021-08-17", "imsyak": "04:38", "shubuh": "04:48", "terbit": "06:04", "dhuha": "06:28", "dzuhur": "12:03", "ashr": "15:24", "magrib": "17:57", "isya": "19:09"}, {"tanggal": "2021-08-18", "imsyak": "04:38", "shubuh": "04:48", "terbit": "06:03", "dhuha": "06:27", "dzuhur": "12:02", "ashr": "15:23", "magrib": "17:57", "isya": "19:08"}, {"tanggal": "2021-08-19", "imsyak": "04:38", "shubuh": "04:48", "terbit": "06:03", "dhuha": "06:27", "dzuhur": "12:02", "ashr": "15:23", "magrib": "17:57", "isya": "19:08"}, {"tanggal": "2021-08-20", "imsyak": "04:37", "shubuh": "04:47", "terbit": "06:03", "dhuha": "06:27", "dzuhur": "12:02", "ashr": "15:23", "magrib": "17:57", "isya": "19:08"}, {"tanggal": "2021-08-21", "imsyak": "04:37", "shubuh": "04:47", "terbit": "06:02", "dhuha": "06:26", "dzuhur": "12:02", "ashr": "15:23", "magrib": "17:57", "isya": "19:08"}, {"tanggal": "2021-08-22", "imsyak": "04:37", "shubuh": "04:47", "terbit": "06:02", "dhuha": "06:26", "dzuhur": "12:01", "ashr": "15:22", "magrib": "17:57", "isya": "19:08"}, {"tanggal": "2021-08-23", "imsyak": "04:36", "shubuh": "04:46", "terbit": "06:01", "dhuha": "06:25", "dzuhur": "12:01", "ashr": "15:22", "magrib": "17:57", "isya": "19:08"}, {"tanggal": "2021-08-24", "imsyak": "04:36", "shubuh": "04:46", "terbit": "06:01", "dhuha": "06:25", "dzuhur": "12:01", "ashr": "15:22", "magrib": "17:57", "isya": "19:08"}, {"tanggal": "2021-08-25", "imsyak": "04:35", "shubuh": "04:45", "terbit": "06:00", "dhuha": "06:24", "dzuhur": "12:01", "ashr": "15:21", "magrib": "17:57", "isya": "19:08"}, {"tanggal": "2021-08-26", "imsyak": "04:35", "shubuh": "04:45", "terbit": "06:00", "dhuha": "06:24", "dzuhur": "12:00", "ashr": "15:21", "magrib": "17:57", "isya": "19:07"}, {"tanggal": "2021-08-27", "imsyak": "04:35", "shubuh": "04:45", "terbit": "05:59", "dhuha": "06:23", "dzuhur": "12:00", "ashr": "15:21", "magrib": "17:57", "isya": "19:07"}, {"tanggal": "2021-08-28", "imsyak": "04:34", "shubuh": "04:44", "terbit": "05:59", "dhuha": "06:23", "dzuhur": "12:00", "ashr": "15:20", "magrib": "17:57", "isya": "19:07"}, {"tanggal": "2021-08-29", "imsyak": "04:34", "shubuh": "04:44", "terbit": "05:58", "dhuha": "06:22", "dzuhur": "11:59", "ashr": "15:20", "magrib": "17:57", "isya": "19:07"}, {"tanggal": "2021-08-30", "imsyak": "04:33", "shubuh": "04:43", "terbit": "05:58", "dhuha": "06:22", "dzuhur": "11:59", "ashr": "15:19", "magrib": "17:57", "isya": "19:07"}, {"tanggal": "2021-08-31", "imsyak": "04:33", "shubuh": "04:43", "terbit": "05:57", "dhuha": "06:21", "dzuhur": "11:59", "ashr": "15:19", "magrib": "17:57", "isya": "19:07"}]