[{"imsyak": "04:48", "shubuh": "04:58", "dzuhur": "12:18", "tanggal": "2020-05-01", "terbit": "06:13", "magrib": "18:19", "isya": "19:30", "dhuha": "06:37", "ashr": "15:39"}, {"imsyak": "04:48", "shubuh": "04:58", "dzuhur": "12:18", "tanggal": "2020-05-02", "terbit": "06:13", "magrib": "18:19", "isya": "19:30", "dhuha": "06:37", "ashr": "15:39"}, {"imsyak": "04:48", "shubuh": "04:58", "dzuhur": "12:18", "tanggal": "2020-05-03", "terbit": "06:13", "magrib": "18:19", "isya": "19:30", "dhuha": "06:37", "ashr": "15:39"}, {"imsyak": "04:47", "shubuh": "04:57", "dzuhur": "12:18", "tanggal": "2020-05-04", "terbit": "06:13", "magrib": "18:19", "isya": "19:30", "dhuha": "06:37", "ashr": "15:39"}, {"imsyak": "04:47", "shubuh": "04:57", "dzuhur": "12:18", "tanggal": "2020-05-05", "terbit": "06:13", "magrib": "18:18", "isya": "19:30", "dhuha": "06:37", "ashr": "15:40"}, {"imsyak": "04:47", "shubuh": "04:57", "dzuhur": "12:18", "tanggal": "2020-05-06", "terbit": "06:13", "magrib": "18:18", "isya": "19:30", "dhuha": "06:37", "ashr": "15:40"}, {"imsyak": "04:47", "shubuh": "04:57", "dzuhur": "12:18", "tanggal": "2020-05-07", "terbit": "06:13", "magrib": "18:18", "isya": "19:30", "dhuha": "06:37", "ashr": "15:40"}, {"imsyak": "04:47", "shubuh": "04:57", "dzuhur": "12:18", "tanggal": "2020-05-08", "terbit": "06:13", "magrib": "18:18", "isya": "19:30", "dhuha": "06:37", "ashr": "15:40"}, {"imsyak": "04:47", "shubuh": "04:57", "dzuhur": "12:17", "tanggal": "2020-05-09", "terbit": "06:13", "magrib": "18:18", "isya": "19:30", "dhuha": "06:37", "ashr": "15:40"}, {"imsyak": "04:47", "shubuh": "04:57", "dzuhur": "12:17", "tanggal": "2020-05-10", "terbit": "06:13", "magrib": "18:18", "isya": "19:30", "dhuha": "06:37", "ashr": "15:40"}, {"imsyak": "04:46", "shubuh": "04:56", "dzuhur": "12:17", "tanggal": "2020-05-11", "terbit": "06:13", "magrib": "18:18", "isya": "19:30", "dhuha": "06:37", "ashr": "15:40"}, {"imsyak": "04:46", "shubuh": "04:56", "dzuhur": "12:17", "tanggal": "2020-05-12", "terbit": "06:13", "magrib": "18:18", "isya": "19:30", "dhuha": "06:37", "ashr": "15:40"}, {"imsyak": "04:46", "shubuh": "04:56", "dzuhur": "12:17", "tanggal": "2020-05-13", "terbit": "06:13", "magrib": "18:18", "isya": "19:30", "dhuha": "06:37", "ashr": "15:40"}, {"imsyak": "04:46", "shubuh": "04:56", "dzuhur": "12:17", "tanggal": "2020-05-14", "terbit": "06:13", "magrib": "18:18", "isya": "19:30", "dhuha": "06:37", "ashr": "15:40"}, {"imsyak": "04:46", "shubuh": "04:56", "dzuhur": "12:17", "tanggal": "2020-05-15", "terbit": "06:13", "magrib": "18:18", "isya": "19:30", "dhuha": "06:37", "ashr": "15:40"}, {"imsyak": "04:46", "shubuh": "04:56", "dzuhur": "12:17", "tanggal": "2020-05-16", "terbit": "06:13", "magrib": "18:18", "isya": "19:30", "dhuha": "06:37", "ashr": "15:41"}, {"imsyak": "04:46", "shubuh": "04:56", "dzuhur": "12:17", "tanggal": "2020-05-17", "terbit": "06:13", "magrib": "18:18", "isya": "19:30", "dhuha": "06:37", "ashr": "15:41"}, {"imsyak": "04:46", "shubuh": "04:56", "dzuhur": "12:17", "tanggal": "2020-05-18", "terbit": "06:13", "magrib": "18:18", "isya": "19:31", "dhuha": "06:37", "ashr": "15:41"}, {"imsyak": "04:46", "shubuh": "04:56", "dzuhur": "12:17", "tanggal": "2020-05-19", "terbit": "06:13", "magrib": "18:18", "isya": "19:31", "dhuha": "06:37", "ashr": "15:41"}, {"imsyak": "04:46", "shubuh": "04:56", "dzuhur": "12:18", "tanggal": "2020-05-20", "terbit": "06:13", "magrib": "18:18", "isya": "19:31", "dhuha": "06:37", "ashr": "15:41"}, {"imsyak": "04:46", "shubuh": "04:56", "dzuhur": "12:18", "tanggal": "2020-05-21", "terbit": "06:14", "magrib": "18:18", "isya": "19:31", "dhuha": "06:38", "ashr": "15:41"}, {"imsyak": "04:46", "shubuh": "04:56", "dzuhur": "12:18", "tanggal": "2020-05-22", "terbit": "06:14", "magrib": "18:18", "isya": "19:31", "dhuha": "06:38", "ashr": "15:41"}, {"imsyak": "04:46", "shubuh": "04:56", "dzuhur": "12:18", "tanggal": "2020-05-23", "terbit": "06:14", "magrib": "18:18", "isya": "19:31", "dhuha": "06:38", "ashr": "15:41"}, {"imsyak": "04:46", "shubuh": "04:56", "dzuhur": "12:18", "tanggal": "2020-05-24", "terbit": "06:14", "magrib": "18:18", "isya": "19:31", "dhuha": "06:38", "ashr": "15:42"}, {"imsyak": "04:46", "shubuh": "04:56", "dzuhur": "12:18", "tanggal": "2020-05-25", "terbit": "06:14", "magrib": "18:18", "isya": "19:31", "dhuha": "06:38", "ashr": "15:42"}, {"imsyak": "04:46", "shubuh": "04:56", "dzuhur": "12:18", "tanggal": "2020-05-26", "terbit": "06:14", "magrib": "18:18", "isya": "19:32", "dhuha": "06:38", "ashr": "15:42"}, {"imsyak": "04:46", "shubuh": "04:56", "dzuhur": "12:18", "tanggal": "2020-05-27", "terbit": "06:14", "magrib": "18:18", "isya": "19:32", "dhuha": "06:38", "ashr": "15:42"}, {"imsyak": "04:46", "shubuh": "04:56", "dzuhur": "12:18", "tanggal": "2020-05-28", "terbit": "06:14", "magrib": "18:18", "isya": "19:32", "dhuha": "06:38", "ashr": "15:42"}, {"imsyak": "04:46", "shubuh": "04:56", "dzuhur": "12:18", "tanggal": "2020-05-29", "terbit": "06:15", "magrib": "18:18", "isya": "19:32", "dhuha": "06:39", "ashr": "15:42"}, {"imsyak": "04:46", "shubuh": "04:56", "dzuhur": "12:19", "tanggal": "2020-05-30", "terbit": "06:15", "magrib": "18:18", "isya": "19:32", "dhuha": "06:39", "ashr": "15:43"}, {"imsyak": "04:46", "shubuh": "04:56", "dzuhur": "12:19", "tanggal": "2020-05-31", "terbit": "06:15", "magrib": "18:18", "isya": "19:33", "dhuha": "06:39", "ashr": "15:43"}]