[{"imsyak": "04:46", "shubuh": "04:56", "dzuhur": "12:19", "tanggal": "2020-06-01", "terbit": "06:15", "magrib": "18:19", "isya": "19:33", "dhuha": "06:39", "ashr": "15:43"}, {"imsyak": "04:46", "shubuh": "04:56", "dzuhur": "12:19", "tanggal": "2020-06-02", "terbit": "06:15", "magrib": "18:19", "isya": "19:33", "dhuha": "06:39", "ashr": "15:43"}, {"imsyak": "04:46", "shubuh": "04:56", "dzuhur": "12:19", "tanggal": "2020-06-03", "terbit": "06:15", "magrib": "18:19", "isya": "19:33", "dhuha": "06:39", "ashr": "15:43"}, {"imsyak": "04:47", "shubuh": "04:57", "dzuhur": "12:19", "tanggal": "2020-06-04", "terbit": "06:16", "magrib": "18:19", "isya": "19:33", "dhuha": "06:40", "ashr": "15:44"}, {"imsyak": "04:47", "shubuh": "04:57", "dzuhur": "12:19", "tanggal": "2020-06-05", "terbit": "06:16", "magrib": "18:19", "isya": "19:34", "dhuha": "06:40", "ashr": "15:44"}, {"imsyak": "04:47", "shubuh": "04:57", "dzuhur": "12:20", "tanggal": "2020-06-06", "terbit": "06:16", "magrib": "18:19", "isya": "19:34", "dhuha": "06:40", "ashr": "15:44"}, {"imsyak": "04:47", "shubuh": "04:57", "dzuhur": "12:20", "tanggal": "2020-06-07", "terbit": "06:16", "magrib": "18:19", "isya": "19:34", "dhuha": "06:40", "ashr": "15:44"}, {"imsyak": "04:47", "shubuh": "04:57", "dzuhur": "12:20", "tanggal": "2020-06-08", "terbit": "06:16", "magrib": "18:20", "isya": "19:34", "dhuha": "06:40", "ashr": "15:44"}, {"imsyak": "04:47", "shubuh": "04:57", "dzuhur": "12:20", "tanggal": "2020-06-09", "terbit": "06:17", "magrib": "18:20", "isya": "19:35", "dhuha": "06:41", "ashr": "15:45"}, {"imsyak": "04:47", "shubuh": "04:57", "dzuhur": "12:20", "tanggal": "2020-06-10", "terbit": "06:17", "magrib": "18:20", "isya": "19:35", "dhuha": "06:41", "ashr": "15:45"}, {"imsyak": "04:48", "shubuh": "04:58", "dzuhur": "12:21", "tanggal": "2020-06-11", "terbit": "06:17", "magrib": "18:20", "isya": "19:35", "dhuha": "06:41", "ashr": "15:45"}, {"imsyak": "04:48", "shubuh": "04:58", "dzuhur": "12:21", "tanggal": "2020-06-12", "terbit": "06:17", "magrib": "18:20", "isya": "19:35", "dhuha": "06:41", "ashr": "15:45"}, {"imsyak": "04:48", "shubuh": "04:58", "dzuhur": "12:21", "tanggal": "2020-06-13", "terbit": "06:17", "magrib": "18:21", "isya": "19:35", "dhuha": "06:41", "ashr": "15:46"}, {"imsyak": "04:48", "shubuh": "04:58", "dzuhur": "12:21", "tanggal": "2020-06-14", "terbit": "06:18", "magrib": "18:21", "isya": "19:36", "dhuha": "06:42", "ashr": "15:46"}, {"imsyak": "04:48", "shubuh": "04:58", "dzuhur": "12:21", "tanggal": "2020-06-15", "terbit": "06:18", "magrib": "18:21", "isya": "19:36", "dhuha": "06:42", "ashr": "15:46"}, {"imsyak": "04:49", "shubuh": "04:59", "dzuhur": "12:22", "tanggal": "2020-06-16", "terbit": "06:18", "magrib": "18:21", "isya": "19:36", "dhuha": "06:42", "ashr": "15:46"}, {"imsyak": "04:49", "shubuh": "04:59", "dzuhur": "12:22", "tanggal": "2020-06-17", "terbit": "06:18", "magrib": "18:21", "isya": "19:36", "dhuha": "06:42", "ashr": "15:46"}, {"imsyak": "04:49", "shubuh": "04:59", "dzuhur": "12:22", "tanggal": "2020-06-18", "terbit": "06:19", "magrib": "18:22", "isya": "19:37", "dhuha": "06:43", "ashr": "15:47"}, {"imsyak": "04:49", "shubuh": "04:59", "dzuhur": "12:22", "tanggal": "2020-06-19", "terbit": "06:19", "magrib": "18:22", "isya": "19:37", "dhuha": "06:43", "ashr": "15:47"}, {"imsyak": "04:49", "shubuh": "04:59", "dzuhur": "12:23", "tanggal": "2020-06-20", "terbit": "06:19", "magrib": "18:22", "isya": "19:37", "dhuha": "06:43", "ashr": "15:47"}, {"imsyak": "04:50", "shubuh": "05:00", "dzuhur": "12:23", "tanggal": "2020-06-21", "terbit": "06:19", "magrib": "18:22", "isya": "19:37", "dhuha": "06:43", "ashr": "15:47"}, {"imsyak": "04:50", "shubuh": "05:00", "dzuhur": "12:23", "tanggal": "2020-06-22", "terbit": "06:19", "magrib": "18:23", "isya": "19:37", "dhuha": "06:43", "ashr": "15:48"}, {"imsyak": "04:50", "shubuh": "05:00", "dzuhur": "12:23", "tanggal": "2020-06-23", "terbit": "06:20", "magrib": "18:23", "isya": "19:38", "dhuha": "06:44", "ashr": "15:48"}, {"imsyak": "04:50", "shubuh": "05:00", "dzuhur": "12:23", "tanggal": "2020-06-24", "terbit": "06:20", "magrib": "18:23", "isya": "19:38", "dhuha": "06:44", "ashr": "15:48"}, {"imsyak": "04:50", "shubuh": "05:00", "dzuhur": "12:24", "tanggal": "2020-06-25", "terbit": "06:20", "magrib": "18:23", "isya": "19:38", "dhuha": "06:44", "ashr": "15:48"}, {"imsyak": "04:51", "shubuh": "05:01", "dzuhur": "12:24", "tanggal": "2020-06-26", "terbit": "06:20", "magrib": "18:23", "isya": "19:38", "dhuha": "06:44", "ashr": "15:48"}, {"imsyak": "04:51", "shubuh": "05:01", "dzuhur": "12:24", "tanggal": "2020-06-27", "terbit": "06:21", "magrib": "18:24", "isya": "19:38", "dhuha": "06:45", "ashr": "15:49"}, {"imsyak": "04:51", "shubuh": "05:01", "dzuhur": "12:24", "tanggal": "2020-06-28", "terbit": "06:21", "magrib": "18:24", "isya": "19:39", "dhuha": "06:45", "ashr": "15:49"}, {"imsyak": "04:51", "shubuh": "05:01", "dzuhur": "12:24", "tanggal": "2020-06-29", "terbit": "06:21", "magrib": "18:24", "isya": "19:39", "dhuha": "06:45", "ashr": "15:49"}, {"imsyak": "04:52", "shubuh": "05:02", "dzuhur": "12:25", "tanggal": "2020-06-30", "terbit": "06:21", "magrib": "18:24", "isya": "19:39", "dhuha": "06:45", "ashr": "15:49"}]