[{"imsyak": "04:52", "shubuh": "05:02", "dzuhur": "12:25", "tanggal": "2020-07-01", "terbit": "06:21", "magrib": "18:24", "isya": "19:39", "dhuha": "06:45", "ashr": "15:49"}, {"imsyak": "04:52", "shubuh": "05:02", "dzuhur": "12:25", "tanggal": "2020-07-02", "terbit": "06:21", "magrib": "18:25", "isya": "19:39", "dhuha": "06:45", "ashr": "15:50"}, {"imsyak": "04:52", "shubuh": "05:02", "dzuhur": "12:25", "tanggal": "2020-07-03", "terbit": "06:22", "magrib": "18:25", "isya": "19:39", "dhuha": "06:46", "ashr": "15:50"}, {"imsyak": "04:52", "shubuh": "05:02", "dzuhur": "12:25", "tanggal": "2020-07-04", "terbit": "06:22", "magrib": "18:25", "isya": "19:40", "dhuha": "06:46", "ashr": "15:50"}, {"imsyak": "04:53", "shubuh": "05:03", "dzuhur": "12:26", "tanggal": "2020-07-05", "terbit": "06:22", "magrib": "18:25", "isya": "19:40", "dhuha": "06:46", "ashr": "15:50"}, {"imsyak": "04:53", "shubuh": "05:03", "dzuhur": "12:26", "tanggal": "2020-07-06", "terbit": "06:22", "magrib": "18:25", "isya": "19:40", "dhuha": "06:46", "ashr": "15:50"}, {"imsyak": "04:53", "shubuh": "05:03", "dzuhur": "12:26", "tanggal": "2020-07-07", "terbit": "06:22", "magrib": "18:26", "isya": "19:40", "dhuha": "06:46", "ashr": "15:50"}, {"imsyak": "04:53", "shubuh": "05:03", "dzuhur": "12:26", "tanggal": "2020-07-08", "terbit": "06:22", "magrib": "18:26", "isya": "19:40", "dhuha": "06:46", "ashr": "15:50"}, {"imsyak": "04:54", "shubuh": "05:04", "dzuhur": "12:26", "tanggal": "2020-07-09", "terbit": "06:23", "magrib": "18:26", "isya": "19:40", "dhuha": "06:47", "ashr": "15:51"}, {"imsyak": "04:54", "shubuh": "05:04", "dzuhur": "12:26", "tanggal": "2020-07-10", "terbit": "06:23", "magrib": "18:26", "isya": "19:40", "dhuha": "06:47", "ashr": "15:51"}, {"imsyak": "04:54", "shubuh": "05:04", "dzuhur": "12:27", "tanggal": "2020-07-11", "terbit": "06:23", "magrib": "18:26", "isya": "19:40", "dhuha": "06:47", "ashr": "15:51"}, {"imsyak": "04:54", "shubuh": "05:04", "dzuhur": "12:27", "tanggal": "2020-07-12", "terbit": "06:23", "magrib": "18:26", "isya": "19:41", "dhuha": "06:47", "ashr": "15:51"}, {"imsyak": "04:54", "shubuh": "05:04", "dzuhur": "12:27", "tanggal": "2020-07-13", "terbit": "06:23", "magrib": "18:27", "isya": "19:41", "dhuha": "06:47", "ashr": "15:51"}, {"imsyak": "04:54", "shubuh": "05:04", "dzuhur": "12:27", "tanggal": "2020-07-14", "terbit": "06:23", "magrib": "18:27", "isya": "19:41", "dhuha": "06:47", "ashr": "15:51"}, {"imsyak": "04:55", "shubuh": "05:05", "dzuhur": "12:27", "tanggal": "2020-07-15", "terbit": "06:23", "magrib": "18:27", "isya": "19:41", "dhuha": "06:47", "ashr": "15:51"}, {"imsyak": "04:55", "shubuh": "05:05", "dzuhur": "12:27", "tanggal": "2020-07-16", "terbit": "06:23", "magrib": "18:27", "isya": "19:41", "dhuha": "06:47", "ashr": "15:51"}, {"imsyak": "04:55", "shubuh": "05:05", "dzuhur": "12:27", "tanggal": "2020-07-17", "terbit": "06:23", "magrib": "18:27", "isya": "19:41", "dhuha": "06:47", "ashr": "15:51"}, {"imsyak": "04:55", "shubuh": "05:05", "dzuhur": "12:27", "tanggal": "2020-07-18", "terbit": "06:23", "magrib": "18:27", "isya": "19:41", "dhuha": "06:47", "ashr": "15:51"}, {"imsyak": "04:55", "shubuh": "05:05", "dzuhur": "12:27", "tanggal": "2020-07-19", "terbit": "06:23", "magrib": "18:27", "isya": "19:41", "dhuha": "06:47", "ashr": "15:51"}, {"imsyak": "04:55", "shubuh": "05:05", "dzuhur": "12:27", "tanggal": "2020-07-20", "terbit": "06:23", "magrib": "18:27", "isya": "19:41", "dhuha": "06:47", "ashr": "15:51"}, {"imsyak": "04:56", "shubuh": "05:06", "dzuhur": "12:27", "tanggal": "2020-07-21", "terbit": "06:23", "magrib": "18:27", "isya": "19:41", "dhuha": "06:47", "ashr": "15:51"}, {"imsyak": "04:56", "shubuh": "05:06", "dzuhur": "12:27", "tanggal": "2020-07-22", "terbit": "06:23", "magrib": "18:28", "isya": "19:41", "dhuha": "06:47", "ashr": "15:51"}, {"imsyak": "04:56", "shubuh": "05:06", "dzuhur": "12:28", "tanggal": "2020-07-23", "terbit": "06:23", "magrib": "18:28", "isya": "19:41", "dhuha": "06:47", "ashr": "15:51"}, {"imsyak": "04:56", "shubuh": "05:06", "dzuhur": "12:28", "tanggal": "2020-07-24", "terbit": "06:23", "magrib": "18:28", "isya": "19:41", "dhuha": "06:47", "ashr": "15:51"}, {"imsyak": "04:56", "shubuh": "05:06", "dzuhur": "12:28", "tanggal": "2020-07-25", "terbit": "06:23", "magrib": "18:28", "isya": "19:41", "dhuha": "06:47", "ashr": "15:51"}, {"imsyak": "04:56", "shubuh": "05:06", "dzuhur": "12:28", "tanggal": "2020-07-26", "terbit": "06:23", "magrib": "18:28", "isya": "19:41", "dhuha": "06:47", "ashr": "15:51"}, {"imsyak": "04:56", "shubuh": "05:06", "dzuhur": "12:28", "tanggal": "2020-07-27", "terbit": "06:23", "magrib": "18:28", "isya": "19:40", "dhuha": "06:47", "ashr": "15:51"}, {"imsyak": "04:56", "shubuh": "05:06", "dzuhur": "12:28", "tanggal": "2020-07-28", "terbit": "06:23", "magrib": "18:28", "isya": "19:40", "dhuha": "06:47", "ashr": "15:51"}, {"imsyak": "04:56", "shubuh": "05:06", "dzuhur": "12:28", "tanggal": "2020-07-29", "terbit": "06:23", "magrib": "18:28", "isya": "19:40", "dhuha": "06:47", "ashr": "15:51"}, {"imsyak": "04:56", "shubuh": "05:06", "dzuhur": "12:27", "tanggal": "2020-07-30", "terbit": "06:23", "magrib": "18:28", "isya": "19:40", "dhuha": "06:47", "ashr": "15:51"}, {"imsyak": "04:56", "shubuh": "05:06", "dzuhur": "12:27", "tanggal": "2020-07-31", "terbit": "06:23", "magrib": "18:28", "isya": "19:40", "dhuha": "06:47", "ashr": "15:50"}]