[{"imsyak": "04:56", "shubuh": "05:06", "dzuhur": "12:27", "tanggal": "2020-08-01", "terbit": "06:23", "magrib": "18:28", "isya": "19:40", "dhuha": "06:47", "ashr": "15:50"}, {"imsyak": "04:56", "shubuh": "05:06", "dzuhur": "12:27", "tanggal": "2020-08-02", "terbit": "06:23", "magrib": "18:28", "isya": "19:40", "dhuha": "06:47", "ashr": "15:50"}, {"imsyak": "04:56", "shubuh": "05:06", "dzuhur": "12:27", "tanggal": "2020-08-03", "terbit": "06:23", "magrib": "18:28", "isya": "19:40", "dhuha": "06:47", "ashr": "15:50"}, {"imsyak": "04:56", "shubuh": "05:06", "dzuhur": "12:27", "tanggal": "2020-08-04", "terbit": "06:23", "magrib": "18:28", "isya": "19:40", "dhuha": "06:47", "ashr": "15:50"}, {"imsyak": "04:56", "shubuh": "05:06", "dzuhur": "12:27", "tanggal": "2020-08-05", "terbit": "06:23", "magrib": "18:28", "isya": "19:39", "dhuha": "06:47", "ashr": "15:49"}, {"imsyak": "04:56", "shubuh": "05:06", "dzuhur": "12:27", "tanggal": "2020-08-06", "terbit": "06:22", "magrib": "18:28", "isya": "19:39", "dhuha": "06:46", "ashr": "15:49"}, {"imsyak": "04:56", "shubuh": "05:06", "dzuhur": "12:27", "tanggal": "2020-08-07", "terbit": "06:22", "magrib": "18:27", "isya": "19:39", "dhuha": "06:46", "ashr": "15:49"}, {"imsyak": "04:56", "shubuh": "05:06", "dzuhur": "12:27", "tanggal": "2020-08-08", "terbit": "06:22", "magrib": "18:27", "isya": "19:39", "dhuha": "06:46", "ashr": "15:49"}, {"imsyak": "04:56", "shubuh": "05:06", "dzuhur": "12:27", "tanggal": "2020-08-09", "terbit": "06:22", "magrib": "18:27", "isya": "19:39", "dhuha": "06:46", "ashr": "15:48"}, {"imsyak": "04:56", "shubuh": "05:06", "dzuhur": "12:26", "tanggal": "2020-08-10", "terbit": "06:22", "magrib": "18:27", "isya": "19:38", "dhuha": "06:46", "ashr": "15:48"}, {"imsyak": "04:56", "shubuh": "05:06", "dzuhur": "12:26", "tanggal": "2020-08-11", "terbit": "06:21", "magrib": "18:27", "isya": "19:38", "dhuha": "06:45", "ashr": "15:48"}, {"imsyak": "04:56", "shubuh": "05:06", "dzuhur": "12:26", "tanggal": "2020-08-12", "terbit": "06:21", "magrib": "18:27", "isya": "19:38", "dhuha": "06:45", "ashr": "15:47"}, {"imsyak": "04:56", "shubuh": "05:06", "dzuhur": "12:26", "tanggal": "2020-08-13", "terbit": "06:21", "magrib": "18:27", "isya": "19:38", "dhuha": "06:45", "ashr": "15:47"}, {"imsyak": "04:56", "shubuh": "05:06", "dzuhur": "12:26", "tanggal": "2020-08-14", "terbit": "06:21", "magrib": "18:27", "isya": "19:38", "dhuha": "06:45", "ashr": "15:47"}, {"imsyak": "04:56", "shubuh": "05:06", "dzuhur": "12:26", "tanggal": "2020-08-15", "terbit": "06:21", "magrib": "18:27", "isya": "19:37", "dhuha": "06:45", "ashr": "15:46"}, {"imsyak": "04:55", "shubuh": "05:05", "dzuhur": "12:25", "tanggal": "2020-08-16", "terbit": "06:20", "magrib": "18:26", "isya": "19:37", "dhuha": "06:44", "ashr": "15:46"}, {"imsyak": "04:55", "shubuh": "05:05", "dzuhur": "12:25", "tanggal": "2020-08-17", "terbit": "06:20", "magrib": "18:26", "isya": "19:37", "dhuha": "06:44", "ashr": "15:45"}, {"imsyak": "04:55", "shubuh": "05:05", "dzuhur": "12:25", "tanggal": "2020-08-18", "terbit": "06:20", "magrib": "18:26", "isya": "19:37", "dhuha": "06:44", "ashr": "15:45"}, {"imsyak": "04:55", "shubuh": "05:05", "dzuhur": "12:25", "tanggal": "2020-08-19", "terbit": "06:20", "magrib": "18:26", "isya": "19:36", "dhuha": "06:44", "ashr": "15:44"}, {"imsyak": "04:55", "shubuh": "05:05", "dzuhur": "12:24", "tanggal": "2020-08-20", "terbit": "06:19", "magrib": "18:26", "isya": "19:36", "dhuha": "06:43", "ashr": "15:44"}, {"imsyak": "04:55", "shubuh": "05:05", "dzuhur": "12:24", "tanggal": "2020-08-21", "terbit": "06:19", "magrib": "18:26", "isya": "19:36", "dhuha": "06:43", "ashr": "15:43"}, {"imsyak": "04:54", "shubuh": "05:04", "dzuhur": "12:24", "tanggal": "2020-08-22", "terbit": "06:19", "magrib": "18:25", "isya": "19:35", "dhuha": "06:43", "ashr": "15:43"}, {"imsyak": "04:54", "shubuh": "05:04", "dzuhur": "12:24", "tanggal": "2020-08-23", "terbit": "06:18", "magrib": "18:25", "isya": "19:35", "dhuha": "06:42", "ashr": "15:42"}, {"imsyak": "04:54", "shubuh": "05:04", "dzuhur": "12:23", "tanggal": "2020-08-24", "terbit": "06:18", "magrib": "18:25", "isya": "19:35", "dhuha": "06:42", "ashr": "15:42"}, {"imsyak": "04:54", "shubuh": "05:04", "dzuhur": "12:23", "tanggal": "2020-08-25", "terbit": "06:18", "magrib": "18:25", "isya": "19:35", "dhuha": "06:42", "ashr": "15:41"}, {"imsyak": "04:53", "shubuh": "05:03", "dzuhur": "12:23", "tanggal": "2020-08-26", "terbit": "06:17", "magrib": "18:24", "isya": "19:34", "dhuha": "06:41", "ashr": "15:41"}, {"imsyak": "04:53", "shubuh": "05:03", "dzuhur": "12:23", "tanggal": "2020-08-27", "terbit": "06:17", "magrib": "18:24", "isya": "19:34", "dhuha": "06:41", "ashr": "15:40"}, {"imsyak": "04:53", "shubuh": "05:03", "dzuhur": "12:22", "tanggal": "2020-08-28", "terbit": "06:17", "magrib": "18:24", "isya": "19:34", "dhuha": "06:41", "ashr": "15:39"}, {"imsyak": "04:53", "shubuh": "05:03", "dzuhur": "12:22", "tanggal": "2020-08-29", "terbit": "06:16", "magrib": "18:24", "isya": "19:33", "dhuha": "06:40", "ashr": "15:39"}, {"imsyak": "04:52", "shubuh": "05:02", "dzuhur": "12:22", "tanggal": "2020-08-30", "terbit": "06:16", "magrib": "18:24", "isya": "19:33", "dhuha": "06:40", "ashr": "15:38"}, {"imsyak": "04:52", "shubuh": "05:02", "dzuhur": "12:21", "tanggal": "2020-08-31", "terbit": "06:16", "magrib": "18:23", "isya": "19:33", "dhuha": "06:40", "ashr": "15:37"}]