[{"tanggal": "2020-10-01", "imsyak": "04:40", "shubuh": "04:50", "terbit": "06:03", "dhuha": "06:27", "dzuhur": "12:11", "ashr": "15:13", "magrib": "18:15", "isya": "19:23"}, {"tanggal": "2020-10-02", "imsyak": "04:40", "shubuh": "04:50", "terbit": "06:03", "dhuha": "06:27", "dzuhur": "12:10", "ashr": "15:13", "magrib": "18:14", "isya": "19:23"}, {"tanggal": "2020-10-03", "imsyak": "04:39", "shubuh": "04:49", "terbit": "06:02", "dhuha": "06:26", "dzuhur": "12:10", "ashr": "15:13", "magrib": "18:14", "isya": "19:23"}, {"tanggal": "2020-10-04", "imsyak": "04:39", "shubuh": "04:49", "terbit": "06:02", "dhuha": "06:26", "dzuhur": "12:10", "ashr": "15:14", "magrib": "18:14", "isya": "19:23"}, {"tanggal": "2020-10-05", "imsyak": "04:38", "shubuh": "04:48", "terbit": "06:01", "dhuha": "06:25", "dzuhur": "12:10", "ashr": "15:14", "magrib": "18:14", "isya": "19:23"}, {"tanggal": "2020-10-06", "imsyak": "04:38", "shubuh": "04:48", "terbit": "06:01", "dhuha": "06:25", "dzuhur": "12:09", "ashr": "15:15", "magrib": "18:13", "isya": "19:22"}, {"tanggal": "2020-10-07", "imsyak": "04:38", "shubuh": "04:48", "terbit": "06:01", "dhuha": "06:25", "dzuhur": "12:09", "ashr": "15:15", "magrib": "18:13", "isya": "19:22"}, {"tanggal": "2020-10-08", "imsyak": "04:37", "shubuh": "04:47", "terbit": "06:00", "dhuha": "06:24", "dzuhur": "12:09", "ashr": "15:15", "magrib": "18:13", "isya": "19:22"}, {"tanggal": "2020-10-09", "imsyak": "04:37", "shubuh": "04:47", "terbit": "06:00", "dhuha": "06:24", "dzuhur": "12:08", "ashr": "15:16", "magrib": "18:13", "isya": "19:22"}, {"tanggal": "2020-10-10", "imsyak": "04:36", "shubuh": "04:46", "terbit": "06:00", "dhuha": "06:24", "dzuhur": "12:08", "ashr": "15:16", "magrib": "18:13", "isya": "19:22"}, {"tanggal": "2020-10-11", "imsyak": "04:36", "shubuh": "04:46", "terbit": "05:59", "dhuha": "06:23", "dzuhur": "12:08", "ashr": "15:17", "magrib": "18:12", "isya": "19:22"}, {"tanggal": "2020-10-12", "imsyak": "04:36", "shubuh": "04:46", "terbit": "05:59", "dhuha": "06:23", "dzuhur": "12:08", "ashr": "15:17", "magrib": "18:12", "isya": "19:22"}, {"tanggal": "2020-10-13", "imsyak": "04:35", "shubuh": "04:45", "terbit": "05:59", "dhuha": "06:23", "dzuhur": "12:07", "ashr": "15:17", "magrib": "18:12", "isya": "19:21"}, {"tanggal": "2020-10-14", "imsyak": "04:35", "shubuh": "04:45", "terbit": "05:58", "dhuha": "06:22", "dzuhur": "12:07", "ashr": "15:18", "magrib": "18:12", "isya": "19:21"}, {"tanggal": "2020-10-15", "imsyak": "04:34", "shubuh": "04:44", "terbit": "05:58", "dhuha": "06:22", "dzuhur": "12:07", "ashr": "15:18", "magrib": "18:12", "isya": "19:21"}, {"tanggal": "2020-10-16", "imsyak": "04:34", "shubuh": "04:44", "terbit": "05:58", "dhuha": "06:22", "dzuhur": "12:07", "ashr": "15:18", "magrib": "18:11", "isya": "19:21"}, {"tanggal": "2020-10-17", "imsyak": "04:34", "shubuh": "04:44", "terbit": "05:58", "dhuha": "06:22", "dzuhur": "12:06", "ashr": "15:19", "magrib": "18:11", "isya": "19:21"}, {"tanggal": "2020-10-18", "imsyak": "04:33", "shubuh": "04:43", "terbit": "05:57", "dhuha": "06:21", "dzuhur": "12:06", "ashr": "15:19", "magrib": "18:11", "isya": "19:21"}, {"tanggal": "2020-10-19", "imsyak": "04:33", "shubuh": "04:43", "terbit": "05:57", "dhuha": "06:21", "dzuhur": "12:06", "ashr": "15:19", "magrib": "18:11", "isya": "19:21"}, {"tanggal": "2020-10-20", "imsyak": "04:33", "shubuh": "04:43", "terbit": "05:57", "dhuha": "06:21", "dzuhur": "12:06", "ashr": "15:20", "magrib": "18:11", "isya": "19:21"}, {"tanggal": "2020-10-21", "imsyak": "04:32", "shubuh": "04:42", "terbit": "05:57", "dhuha": "06:21", "dzuhur": "12:06", "ashr": "15:20", "magrib": "18:11", "isya": "19:21"}, {"tanggal": "2020-10-22", "imsyak": "04:32", "shubuh": "04:42", "terbit": "05:56", "dhuha": "06:20", "dzuhur": "12:06", "ashr": "15:20", "magrib": "18:11", "isya": "19:21"}, {"tanggal": "2020-10-23", "imsyak": "04:32", "shubuh": "04:42", "terbit": "05:56", "dhuha": "06:20", "dzuhur": "12:05", "ashr": "15:21", "magrib": "18:11", "isya": "19:21"}, {"tanggal": "2020-10-24", "imsyak": "04:31", "shubuh": "04:41", "terbit": "05:56", "dhuha": "06:20", "dzuhur": "12:05", "ashr": "15:21", "magrib": "18:11", "isya": "19:21"}, {"tanggal": "2020-10-25", "imsyak": "04:31", "shubuh": "04:41", "terbit": "05:56", "dhuha": "06:20", "dzuhur": "12:05", "ashr": "15:21", "magrib": "18:11", "isya": "19:21"}, {"tanggal": "2020-10-26", "imsyak": "04:31", "shubuh": "04:41", "terbit": "05:56", "dhuha": "06:20", "dzuhur": "12:05", "ashr": "15:22", "magrib": "18:11", "isya": "19:21"}, {"tanggal": "2020-10-27", "imsyak": "04:30", "shubuh": "04:40", "terbit": "05:55", "dhuha": "06:19", "dzuhur": "12:05", "ashr": "15:22", "magrib": "18:11", "isya": "19:21"}, {"tanggal": "2020-10-28", "imsyak": "04:30", "shubuh": "04:40", "terbit": "05:55", "dhuha": "06:19", "dzuhur": "12:05", "ashr": "15:22", "magrib": "18:10", "isya": "19:21"}, {"tanggal": "2020-10-29", "imsyak": "04:30", "shubuh": "04:40", "terbit": "05:55", "dhuha": "06:19", "dzuhur": "12:05", "ashr": "15:22", "magrib": "18:10", "isya": "19:21"}, {"tanggal": "2020-10-30", "imsyak": "04:30", "shubuh": "04:40", "terbit": "05:55", "dhuha": "06:19", "dzuhur": "12:05", "ashr": "15:23", "magrib": "18:10", "isya": "19:22"}, {"tanggal": "2020-10-31", "imsyak": "04:29", "shubuh": "04:39", "terbit": "05:55", "dhuha": "06:19", "dzuhur": "12:05", "ashr": "15:23", "magrib": "18:11", "isya": "19:22"}]