[{"imsyak": "04:48", "shubuh": "04:58", "dzuhur": "12:17", "tanggal": "2020-04-01", "terbit": "06:11", "magrib": "18:19", "isya": "19:28", "dhuha": "06:35", "ashr": "15:29"}, {"imsyak": "04:47", "shubuh": "04:57", "dzuhur": "12:17", "tanggal": "2020-04-02", "terbit": "06:10", "magrib": "18:19", "isya": "19:28", "dhuha": "06:34", "ashr": "15:30"}, {"imsyak": "04:47", "shubuh": "04:57", "dzuhur": "12:16", "tanggal": "2020-04-03", "terbit": "06:10", "magrib": "18:18", "isya": "19:27", "dhuha": "06:34", "ashr": "15:30"}, {"imsyak": "04:47", "shubuh": "04:57", "dzuhur": "12:16", "tanggal": "2020-04-04", "terbit": "06:10", "magrib": "18:18", "isya": "19:27", "dhuha": "06:34", "ashr": "15:30"}, {"imsyak": "04:47", "shubuh": "04:57", "dzuhur": "12:16", "tanggal": "2020-04-05", "terbit": "06:10", "magrib": "18:18", "isya": "19:27", "dhuha": "06:34", "ashr": "15:30"}, {"imsyak": "04:46", "shubuh": "04:56", "dzuhur": "12:15", "tanggal": "2020-04-06", "terbit": "06:10", "magrib": "18:17", "isya": "19:26", "dhuha": "06:34", "ashr": "15:30"}, {"imsyak": "04:46", "shubuh": "04:56", "dzuhur": "12:15", "tanggal": "2020-04-07", "terbit": "06:09", "magrib": "18:17", "isya": "19:26", "dhuha": "06:33", "ashr": "15:30"}, {"imsyak": "04:46", "shubuh": "04:56", "dzuhur": "12:15", "tanggal": "2020-04-08", "terbit": "06:09", "magrib": "18:16", "isya": "19:26", "dhuha": "06:33", "ashr": "15:30"}, {"imsyak": "04:46", "shubuh": "04:56", "dzuhur": "12:15", "tanggal": "2020-04-09", "terbit": "06:09", "magrib": "18:16", "isya": "19:25", "dhuha": "06:33", "ashr": "15:30"}, {"imsyak": "04:45", "shubuh": "04:55", "dzuhur": "12:14", "tanggal": "2020-04-10", "terbit": "06:09", "magrib": "18:16", "isya": "19:25", "dhuha": "06:33", "ashr": "15:30"}, {"imsyak": "04:45", "shubuh": "04:55", "dzuhur": "12:14", "tanggal": "2020-04-11", "terbit": "06:09", "magrib": "18:15", "isya": "19:25", "dhuha": "06:33", "ashr": "15:31"}, {"imsyak": "04:45", "shubuh": "04:55", "dzuhur": "12:14", "tanggal": "2020-04-12", "terbit": "06:09", "magrib": "18:15", "isya": "19:24", "dhuha": "06:33", "ashr": "15:31"}, {"imsyak": "04:45", "shubuh": "04:55", "dzuhur": "12:14", "tanggal": "2020-04-13", "terbit": "06:08", "magrib": "18:15", "isya": "19:24", "dhuha": "06:32", "ashr": "15:31"}, {"imsyak": "04:44", "shubuh": "04:54", "dzuhur": "12:13", "tanggal": "2020-04-14", "terbit": "06:08", "magrib": "18:14", "isya": "19:24", "dhuha": "06:32", "ashr": "15:31"}, {"imsyak": "04:44", "shubuh": "04:54", "dzuhur": "12:13", "tanggal": "2020-04-15", "terbit": "06:08", "magrib": "18:14", "isya": "19:24", "dhuha": "06:32", "ashr": "15:31"}, {"imsyak": "04:44", "shubuh": "04:54", "dzuhur": "12:13", "tanggal": "2020-04-16", "terbit": "06:08", "magrib": "18:14", "isya": "19:23", "dhuha": "06:32", "ashr": "15:31"}, {"imsyak": "04:44", "shubuh": "04:54", "dzuhur": "12:13", "tanggal": "2020-04-17", "terbit": "06:08", "magrib": "18:13", "isya": "19:23", "dhuha": "06:32", "ashr": "15:31"}, {"imsyak": "04:44", "shubuh": "04:54", "dzuhur": "12:12", "tanggal": "2020-04-18", "terbit": "06:08", "magrib": "18:13", "isya": "19:23", "dhuha": "06:32", "ashr": "15:31"}, {"imsyak": "04:43", "shubuh": "04:53", "dzuhur": "12:12", "tanggal": "2020-04-19", "terbit": "06:07", "magrib": "18:13", "isya": "19:23", "dhuha": "06:31", "ashr": "15:31"}, {"imsyak": "04:43", "shubuh": "04:53", "dzuhur": "12:12", "tanggal": "2020-04-20", "terbit": "06:07", "magrib": "18:12", "isya": "19:23", "dhuha": "06:31", "ashr": "15:31"}, {"imsyak": "04:43", "shubuh": "04:53", "dzuhur": "12:12", "tanggal": "2020-04-21", "terbit": "06:07", "magrib": "18:12", "isya": "19:22", "dhuha": "06:31", "ashr": "15:31"}, {"imsyak": "04:43", "shubuh": "04:53", "dzuhur": "12:12", "tanggal": "2020-04-22", "terbit": "06:07", "magrib": "18:12", "isya": "19:22", "dhuha": "06:31", "ashr": "15:31"}, {"imsyak": "04:42", "shubuh": "04:52", "dzuhur": "12:11", "tanggal": "2020-04-23", "terbit": "06:07", "magrib": "18:12", "isya": "19:22", "dhuha": "06:31", "ashr": "15:31"}, {"imsyak": "04:42", "shubuh": "04:52", "dzuhur": "12:11", "tanggal": "2020-04-24", "terbit": "06:07", "magrib": "18:11", "isya": "19:22", "dhuha": "06:31", "ashr": "15:31"}, {"imsyak": "04:42", "shubuh": "04:52", "dzuhur": "12:11", "tanggal": "2020-04-25", "terbit": "06:07", "magrib": "18:11", "isya": "19:22", "dhuha": "06:31", "ashr": "15:31"}, {"imsyak": "04:42", "shubuh": "04:52", "dzuhur": "12:11", "tanggal": "2020-04-26", "terbit": "06:07", "magrib": "18:11", "isya": "19:22", "dhuha": "06:31", "ashr": "15:31"}, {"imsyak": "04:42", "shubuh": "04:52", "dzuhur": "12:11", "tanggal": "2020-04-27", "terbit": "06:07", "magrib": "18:11", "isya": "19:21", "dhuha": "06:31", "ashr": "15:31"}, {"imsyak": "04:41", "shubuh": "04:51", "dzuhur": "12:10", "tanggal": "2020-04-28", "terbit": "06:07", "magrib": "18:10", "isya": "19:21", "dhuha": "06:31", "ashr": "15:31"}, {"imsyak": "04:41", "shubuh": "04:51", "dzuhur": "12:10", "tanggal": "2020-04-29", "terbit": "06:06", "magrib": "18:10", "isya": "19:21", "dhuha": "06:30", "ashr": "15:31"}, {"imsyak": "04:41", "shubuh": "04:51", "dzuhur": "12:10", "tanggal": "2020-04-30", "terbit": "06:06", "magrib": "18:10", "isya": "19:21", "dhuha": "06:30", "ashr": "15:31"}]