[{"imsyak": "04:41", "shubuh": "04:51", "dzuhur": "12:10", "tanggal": "2020-05-01", "terbit": "06:06", "magrib": "18:10", "isya": "19:21", "dhuha": "06:30", "ashr": "15:31"}, {"imsyak": "04:41", "shubuh": "04:51", "dzuhur": "12:10", "tanggal": "2020-05-02", "terbit": "06:06", "magrib": "18:10", "isya": "19:21", "dhuha": "06:30", "ashr": "15:31"}, {"imsyak": "04:41", "shubuh": "04:51", "dzuhur": "12:10", "tanggal": "2020-05-03", "terbit": "06:06", "magrib": "18:09", "isya": "19:21", "dhuha": "06:30", "ashr": "15:31"}, {"imsyak": "04:40", "shubuh": "04:50", "dzuhur": "12:10", "tanggal": "2020-05-04", "terbit": "06:06", "magrib": "18:09", "isya": "19:21", "dhuha": "06:30", "ashr": "15:32"}, {"imsyak": "04:40", "shubuh": "04:50", "dzuhur": "12:10", "tanggal": "2020-05-05", "terbit": "06:06", "magrib": "18:09", "isya": "19:21", "dhuha": "06:30", "ashr": "15:32"}, {"imsyak": "04:40", "shubuh": "04:50", "dzuhur": "12:10", "tanggal": "2020-05-06", "terbit": "06:06", "magrib": "18:09", "isya": "19:21", "dhuha": "06:30", "ashr": "15:32"}, {"imsyak": "04:40", "shubuh": "04:50", "dzuhur": "12:10", "tanggal": "2020-05-07", "terbit": "06:06", "magrib": "18:09", "isya": "19:21", "dhuha": "06:30", "ashr": "15:32"}, {"imsyak": "04:40", "shubuh": "04:50", "dzuhur": "12:09", "tanggal": "2020-05-08", "terbit": "06:06", "magrib": "18:09", "isya": "19:21", "dhuha": "06:30", "ashr": "15:32"}, {"imsyak": "04:40", "shubuh": "04:50", "dzuhur": "12:09", "tanggal": "2020-05-09", "terbit": "06:06", "magrib": "18:09", "isya": "19:21", "dhuha": "06:30", "ashr": "15:32"}, {"imsyak": "04:40", "shubuh": "04:50", "dzuhur": "12:09", "tanggal": "2020-05-10", "terbit": "06:06", "magrib": "18:08", "isya": "19:21", "dhuha": "06:30", "ashr": "15:32"}, {"imsyak": "04:40", "shubuh": "04:50", "dzuhur": "12:09", "tanggal": "2020-05-11", "terbit": "06:06", "magrib": "18:08", "isya": "19:21", "dhuha": "06:30", "ashr": "15:32"}, {"imsyak": "04:40", "shubuh": "04:50", "dzuhur": "12:09", "tanggal": "2020-05-12", "terbit": "06:06", "magrib": "18:08", "isya": "19:21", "dhuha": "06:30", "ashr": "15:32"}, {"imsyak": "04:40", "shubuh": "04:50", "dzuhur": "12:09", "tanggal": "2020-05-13", "terbit": "06:06", "magrib": "18:08", "isya": "19:21", "dhuha": "06:30", "ashr": "15:32"}, {"imsyak": "04:39", "shubuh": "04:49", "dzuhur": "12:09", "tanggal": "2020-05-14", "terbit": "06:06", "magrib": "18:08", "isya": "19:21", "dhuha": "06:30", "ashr": "15:32"}, {"imsyak": "04:39", "shubuh": "04:49", "dzuhur": "12:09", "tanggal": "2020-05-15", "terbit": "06:06", "magrib": "18:08", "isya": "19:21", "dhuha": "06:30", "ashr": "15:32"}, {"imsyak": "04:39", "shubuh": "04:49", "dzuhur": "12:09", "tanggal": "2020-05-16", "terbit": "06:07", "magrib": "18:08", "isya": "19:21", "dhuha": "06:31", "ashr": "15:32"}, {"imsyak": "04:39", "shubuh": "04:49", "dzuhur": "12:09", "tanggal": "2020-05-17", "terbit": "06:07", "magrib": "18:08", "isya": "19:21", "dhuha": "06:31", "ashr": "15:32"}, {"imsyak": "04:39", "shubuh": "04:49", "dzuhur": "12:09", "tanggal": "2020-05-18", "terbit": "06:07", "magrib": "18:08", "isya": "19:21", "dhuha": "06:31", "ashr": "15:32"}, {"imsyak": "04:39", "shubuh": "04:49", "dzuhur": "12:09", "tanggal": "2020-05-19", "terbit": "06:07", "magrib": "18:08", "isya": "19:21", "dhuha": "06:31", "ashr": "15:33"}, {"imsyak": "04:39", "shubuh": "04:49", "dzuhur": "12:09", "tanggal": "2020-05-20", "terbit": "06:07", "magrib": "18:08", "isya": "19:21", "dhuha": "06:31", "ashr": "15:33"}, {"imsyak": "04:39", "shubuh": "04:49", "dzuhur": "12:10", "tanggal": "2020-05-21", "terbit": "06:07", "magrib": "18:08", "isya": "19:21", "dhuha": "06:31", "ashr": "15:33"}, {"imsyak": "04:39", "shubuh": "04:49", "dzuhur": "12:10", "tanggal": "2020-05-22", "terbit": "06:07", "magrib": "18:08", "isya": "19:21", "dhuha": "06:31", "ashr": "15:33"}, {"imsyak": "04:39", "shubuh": "04:49", "dzuhur": "12:10", "tanggal": "2020-05-23", "terbit": "06:07", "magrib": "18:08", "isya": "19:22", "dhuha": "06:31", "ashr": "15:33"}, {"imsyak": "04:39", "shubuh": "04:49", "dzuhur": "12:10", "tanggal": "2020-05-24", "terbit": "06:07", "magrib": "18:08", "isya": "19:22", "dhuha": "06:31", "ashr": "15:33"}, {"imsyak": "04:39", "shubuh": "04:49", "dzuhur": "12:10", "tanggal": "2020-05-25", "terbit": "06:08", "magrib": "18:08", "isya": "19:22", "dhuha": "06:32", "ashr": "15:33"}, {"imsyak": "04:39", "shubuh": "04:49", "dzuhur": "12:10", "tanggal": "2020-05-26", "terbit": "06:08", "magrib": "18:08", "isya": "19:22", "dhuha": "06:32", "ashr": "15:33"}, {"imsyak": "04:40", "shubuh": "04:50", "dzuhur": "12:10", "tanggal": "2020-05-27", "terbit": "06:08", "magrib": "18:08", "isya": "19:22", "dhuha": "06:32", "ashr": "15:34"}, {"imsyak": "04:40", "shubuh": "04:50", "dzuhur": "12:10", "tanggal": "2020-05-28", "terbit": "06:08", "magrib": "18:08", "isya": "19:22", "dhuha": "06:32", "ashr": "15:34"}, {"imsyak": "04:40", "shubuh": "04:50", "dzuhur": "12:10", "tanggal": "2020-05-29", "terbit": "06:08", "magrib": "18:09", "isya": "19:22", "dhuha": "06:32", "ashr": "15:34"}, {"imsyak": "04:40", "shubuh": "04:50", "dzuhur": "12:10", "tanggal": "2020-05-30", "terbit": "06:08", "magrib": "18:09", "isya": "19:23", "dhuha": "06:32", "ashr": "15:34"}, {"imsyak": "04:40", "shubuh": "04:50", "dzuhur": "12:11", "tanggal": "2020-05-31", "terbit": "06:09", "magrib": "18:09", "isya": "19:23", "dhuha": "06:33", "ashr": "15:34"}]