[{"imsyak": "04:40", "shubuh": "04:50", "dzuhur": "12:11", "tanggal": "2020-06-01", "terbit": "06:09", "magrib": "18:09", "isya": "19:23", "dhuha": "06:33", "ashr": "15:34"}, {"imsyak": "04:40", "shubuh": "04:50", "dzuhur": "12:11", "tanggal": "2020-06-02", "terbit": "06:09", "magrib": "18:09", "isya": "19:23", "dhuha": "06:33", "ashr": "15:35"}, {"imsyak": "04:40", "shubuh": "04:50", "dzuhur": "12:11", "tanggal": "2020-06-03", "terbit": "06:09", "magrib": "18:09", "isya": "19:23", "dhuha": "06:33", "ashr": "15:35"}, {"imsyak": "04:40", "shubuh": "04:50", "dzuhur": "12:11", "tanggal": "2020-06-04", "terbit": "06:09", "magrib": "18:09", "isya": "19:24", "dhuha": "06:33", "ashr": "15:35"}, {"imsyak": "04:40", "shubuh": "04:50", "dzuhur": "12:11", "tanggal": "2020-06-05", "terbit": "06:09", "magrib": "18:09", "isya": "19:24", "dhuha": "06:33", "ashr": "15:35"}, {"imsyak": "04:41", "shubuh": "04:51", "dzuhur": "12:12", "tanggal": "2020-06-06", "terbit": "06:10", "magrib": "18:10", "isya": "19:24", "dhuha": "06:34", "ashr": "15:35"}, {"imsyak": "04:41", "shubuh": "04:51", "dzuhur": "12:12", "tanggal": "2020-06-07", "terbit": "06:10", "magrib": "18:10", "isya": "19:24", "dhuha": "06:34", "ashr": "15:36"}, {"imsyak": "04:41", "shubuh": "04:51", "dzuhur": "12:12", "tanggal": "2020-06-08", "terbit": "06:10", "magrib": "18:10", "isya": "19:24", "dhuha": "06:34", "ashr": "15:36"}, {"imsyak": "04:41", "shubuh": "04:51", "dzuhur": "12:12", "tanggal": "2020-06-09", "terbit": "06:10", "magrib": "18:10", "isya": "19:25", "dhuha": "06:34", "ashr": "15:36"}, {"imsyak": "04:41", "shubuh": "04:51", "dzuhur": "12:12", "tanggal": "2020-06-10", "terbit": "06:11", "magrib": "18:10", "isya": "19:25", "dhuha": "06:35", "ashr": "15:36"}, {"imsyak": "04:41", "shubuh": "04:51", "dzuhur": "12:13", "tanggal": "2020-06-11", "terbit": "06:11", "magrib": "18:10", "isya": "19:25", "dhuha": "06:35", "ashr": "15:36"}, {"imsyak": "04:42", "shubuh": "04:52", "dzuhur": "12:13", "tanggal": "2020-06-12", "terbit": "06:11", "magrib": "18:11", "isya": "19:25", "dhuha": "06:35", "ashr": "15:37"}, {"imsyak": "04:42", "shubuh": "04:52", "dzuhur": "12:13", "tanggal": "2020-06-13", "terbit": "06:11", "magrib": "18:11", "isya": "19:26", "dhuha": "06:35", "ashr": "15:37"}, {"imsyak": "04:42", "shubuh": "04:52", "dzuhur": "12:13", "tanggal": "2020-06-14", "terbit": "06:11", "magrib": "18:11", "isya": "19:26", "dhuha": "06:35", "ashr": "15:37"}, {"imsyak": "04:42", "shubuh": "04:52", "dzuhur": "12:13", "tanggal": "2020-06-15", "terbit": "06:12", "magrib": "18:11", "isya": "19:26", "dhuha": "06:36", "ashr": "15:37"}, {"imsyak": "04:42", "shubuh": "04:52", "dzuhur": "12:14", "tanggal": "2020-06-16", "terbit": "06:12", "magrib": "18:11", "isya": "19:26", "dhuha": "06:36", "ashr": "15:38"}, {"imsyak": "04:42", "shubuh": "04:52", "dzuhur": "12:14", "tanggal": "2020-06-17", "terbit": "06:12", "magrib": "18:12", "isya": "19:26", "dhuha": "06:36", "ashr": "15:38"}, {"imsyak": "04:43", "shubuh": "04:53", "dzuhur": "12:14", "tanggal": "2020-06-18", "terbit": "06:12", "magrib": "18:12", "isya": "19:27", "dhuha": "06:36", "ashr": "15:38"}, {"imsyak": "04:43", "shubuh": "04:53", "dzuhur": "12:14", "tanggal": "2020-06-19", "terbit": "06:13", "magrib": "18:12", "isya": "19:27", "dhuha": "06:37", "ashr": "15:38"}, {"imsyak": "04:43", "shubuh": "04:53", "dzuhur": "12:15", "tanggal": "2020-06-20", "terbit": "06:13", "magrib": "18:12", "isya": "19:27", "dhuha": "06:37", "ashr": "15:38"}, {"imsyak": "04:43", "shubuh": "04:53", "dzuhur": "12:15", "tanggal": "2020-06-21", "terbit": "06:13", "magrib": "18:12", "isya": "19:27", "dhuha": "06:37", "ashr": "15:39"}, {"imsyak": "04:44", "shubuh": "04:54", "dzuhur": "12:15", "tanggal": "2020-06-22", "terbit": "06:13", "magrib": "18:13", "isya": "19:28", "dhuha": "06:37", "ashr": "15:39"}, {"imsyak": "04:44", "shubuh": "04:54", "dzuhur": "12:15", "tanggal": "2020-06-23", "terbit": "06:13", "magrib": "18:13", "isya": "19:28", "dhuha": "06:37", "ashr": "15:39"}, {"imsyak": "04:44", "shubuh": "04:54", "dzuhur": "12:15", "tanggal": "2020-06-24", "terbit": "06:14", "magrib": "18:13", "isya": "19:28", "dhuha": "06:38", "ashr": "15:39"}, {"imsyak": "04:44", "shubuh": "04:54", "dzuhur": "12:16", "tanggal": "2020-06-25", "terbit": "06:14", "magrib": "18:13", "isya": "19:28", "dhuha": "06:38", "ashr": "15:39"}, {"imsyak": "04:44", "shubuh": "04:54", "dzuhur": "12:16", "tanggal": "2020-06-26", "terbit": "06:14", "magrib": "18:14", "isya": "19:28", "dhuha": "06:38", "ashr": "15:40"}, {"imsyak": "04:45", "shubuh": "04:55", "dzuhur": "12:16", "tanggal": "2020-06-27", "terbit": "06:14", "magrib": "18:14", "isya": "19:29", "dhuha": "06:38", "ashr": "15:40"}, {"imsyak": "04:45", "shubuh": "04:55", "dzuhur": "12:16", "tanggal": "2020-06-28", "terbit": "06:14", "magrib": "18:14", "isya": "19:29", "dhuha": "06:38", "ashr": "15:40"}, {"imsyak": "04:45", "shubuh": "04:55", "dzuhur": "12:16", "tanggal": "2020-06-29", "terbit": "06:15", "magrib": "18:14", "isya": "19:29", "dhuha": "06:39", "ashr": "15:40"}, {"imsyak": "04:45", "shubuh": "04:55", "dzuhur": "12:17", "tanggal": "2020-06-30", "terbit": "06:15", "magrib": "18:14", "isya": "19:29", "dhuha": "06:39", "ashr": "15:40"}]