[{"imsyak": "04:46", "shubuh": "04:56", "dzuhur": "12:17", "tanggal": "2020-07-01", "terbit": "06:15", "magrib": "18:15", "isya": "19:29", "dhuha": "06:39", "ashr": "15:41"}, {"imsyak": "04:46", "shubuh": "04:56", "dzuhur": "12:17", "tanggal": "2020-07-02", "terbit": "06:15", "magrib": "18:15", "isya": "19:29", "dhuha": "06:39", "ashr": "15:41"}, {"imsyak": "04:46", "shubuh": "04:56", "dzuhur": "12:17", "tanggal": "2020-07-03", "terbit": "06:15", "magrib": "18:15", "isya": "19:30", "dhuha": "06:39", "ashr": "15:41"}, {"imsyak": "04:46", "shubuh": "04:56", "dzuhur": "12:17", "tanggal": "2020-07-04", "terbit": "06:16", "magrib": "18:15", "isya": "19:30", "dhuha": "06:40", "ashr": "15:41"}, {"imsyak": "04:46", "shubuh": "04:56", "dzuhur": "12:18", "tanggal": "2020-07-05", "terbit": "06:16", "magrib": "18:15", "isya": "19:30", "dhuha": "06:40", "ashr": "15:41"}, {"imsyak": "04:47", "shubuh": "04:57", "dzuhur": "12:18", "tanggal": "2020-07-06", "terbit": "06:16", "magrib": "18:16", "isya": "19:30", "dhuha": "06:40", "ashr": "15:42"}, {"imsyak": "04:47", "shubuh": "04:57", "dzuhur": "12:18", "tanggal": "2020-07-07", "terbit": "06:16", "magrib": "18:16", "isya": "19:30", "dhuha": "06:40", "ashr": "15:42"}, {"imsyak": "04:47", "shubuh": "04:57", "dzuhur": "12:18", "tanggal": "2020-07-08", "terbit": "06:16", "magrib": "18:16", "isya": "19:30", "dhuha": "06:40", "ashr": "15:42"}, {"imsyak": "04:47", "shubuh": "04:57", "dzuhur": "12:18", "tanggal": "2020-07-09", "terbit": "06:16", "magrib": "18:16", "isya": "19:30", "dhuha": "06:40", "ashr": "15:42"}, {"imsyak": "04:47", "shubuh": "04:57", "dzuhur": "12:18", "tanggal": "2020-07-10", "terbit": "06:16", "magrib": "18:16", "isya": "19:31", "dhuha": "06:40", "ashr": "15:42"}, {"imsyak": "04:48", "shubuh": "04:58", "dzuhur": "12:18", "tanggal": "2020-07-11", "terbit": "06:16", "magrib": "18:17", "isya": "19:31", "dhuha": "06:40", "ashr": "15:42"}, {"imsyak": "04:48", "shubuh": "04:58", "dzuhur": "12:19", "tanggal": "2020-07-12", "terbit": "06:17", "magrib": "18:17", "isya": "19:31", "dhuha": "06:41", "ashr": "15:42"}, {"imsyak": "04:48", "shubuh": "04:58", "dzuhur": "12:19", "tanggal": "2020-07-13", "terbit": "06:17", "magrib": "18:17", "isya": "19:31", "dhuha": "06:41", "ashr": "15:42"}, {"imsyak": "04:48", "shubuh": "04:58", "dzuhur": "12:19", "tanggal": "2020-07-14", "terbit": "06:17", "magrib": "18:17", "isya": "19:31", "dhuha": "06:41", "ashr": "15:43"}, {"imsyak": "04:48", "shubuh": "04:58", "dzuhur": "12:19", "tanggal": "2020-07-15", "terbit": "06:17", "magrib": "18:17", "isya": "19:31", "dhuha": "06:41", "ashr": "15:43"}, {"imsyak": "04:48", "shubuh": "04:58", "dzuhur": "12:19", "tanggal": "2020-07-16", "terbit": "06:17", "magrib": "18:17", "isya": "19:31", "dhuha": "06:41", "ashr": "15:43"}, {"imsyak": "04:49", "shubuh": "04:59", "dzuhur": "12:19", "tanggal": "2020-07-17", "terbit": "06:17", "magrib": "18:17", "isya": "19:31", "dhuha": "06:41", "ashr": "15:43"}, {"imsyak": "04:49", "shubuh": "04:59", "dzuhur": "12:19", "tanggal": "2020-07-18", "terbit": "06:17", "magrib": "18:18", "isya": "19:31", "dhuha": "06:41", "ashr": "15:43"}, {"imsyak": "04:49", "shubuh": "04:59", "dzuhur": "12:19", "tanggal": "2020-07-19", "terbit": "06:17", "magrib": "18:18", "isya": "19:31", "dhuha": "06:41", "ashr": "15:43"}, {"imsyak": "04:49", "shubuh": "04:59", "dzuhur": "12:19", "tanggal": "2020-07-20", "terbit": "06:17", "magrib": "18:18", "isya": "19:31", "dhuha": "06:41", "ashr": "15:43"}, {"imsyak": "04:49", "shubuh": "04:59", "dzuhur": "12:19", "tanggal": "2020-07-21", "terbit": "06:17", "magrib": "18:18", "isya": "19:31", "dhuha": "06:41", "ashr": "15:43"}, {"imsyak": "04:49", "shubuh": "04:59", "dzuhur": "12:19", "tanggal": "2020-07-22", "terbit": "06:17", "magrib": "18:18", "isya": "19:31", "dhuha": "06:41", "ashr": "15:43"}, {"imsyak": "04:49", "shubuh": "04:59", "dzuhur": "12:19", "tanggal": "2020-07-23", "terbit": "06:17", "magrib": "18:18", "isya": "19:31", "dhuha": "06:41", "ashr": "15:43"}, {"imsyak": "04:49", "shubuh": "04:59", "dzuhur": "12:19", "tanggal": "2020-07-24", "terbit": "06:17", "magrib": "18:18", "isya": "19:31", "dhuha": "06:41", "ashr": "15:43"}, {"imsyak": "04:49", "shubuh": "04:59", "dzuhur": "12:20", "tanggal": "2020-07-25", "terbit": "06:17", "magrib": "18:18", "isya": "19:31", "dhuha": "06:41", "ashr": "15:43"}, {"imsyak": "04:49", "shubuh": "04:59", "dzuhur": "12:20", "tanggal": "2020-07-26", "terbit": "06:17", "magrib": "18:18", "isya": "19:31", "dhuha": "06:41", "ashr": "15:43"}, {"imsyak": "04:50", "shubuh": "05:00", "dzuhur": "12:20", "tanggal": "2020-07-27", "terbit": "06:17", "magrib": "18:18", "isya": "19:31", "dhuha": "06:41", "ashr": "15:43"}, {"imsyak": "04:50", "shubuh": "05:00", "dzuhur": "12:19", "tanggal": "2020-07-28", "terbit": "06:17", "magrib": "18:18", "isya": "19:31", "dhuha": "06:41", "ashr": "15:43"}, {"imsyak": "04:50", "shubuh": "05:00", "dzuhur": "12:19", "tanggal": "2020-07-29", "terbit": "06:17", "magrib": "18:18", "isya": "19:31", "dhuha": "06:41", "ashr": "15:42"}, {"imsyak": "04:50", "shubuh": "05:00", "dzuhur": "12:19", "tanggal": "2020-07-30", "terbit": "06:17", "magrib": "18:18", "isya": "19:31", "dhuha": "06:41", "ashr": "15:42"}, {"imsyak": "04:50", "shubuh": "05:00", "dzuhur": "12:19", "tanggal": "2020-07-31", "terbit": "06:16", "magrib": "18:18", "isya": "19:31", "dhuha": "06:40", "ashr": "15:42"}]