[{"imsyak": "04:50", "shubuh": "05:00", "dzuhur": "12:19", "tanggal": "2020-08-01", "terbit": "06:16", "magrib": "18:18", "isya": "19:31", "dhuha": "06:40", "ashr": "15:42"}, {"imsyak": "04:50", "shubuh": "05:00", "dzuhur": "12:19", "tanggal": "2020-08-02", "terbit": "06:16", "magrib": "18:18", "isya": "19:30", "dhuha": "06:40", "ashr": "15:42"}, {"imsyak": "04:50", "shubuh": "05:00", "dzuhur": "12:19", "tanggal": "2020-08-03", "terbit": "06:16", "magrib": "18:18", "isya": "19:30", "dhuha": "06:40", "ashr": "15:42"}, {"imsyak": "04:50", "shubuh": "05:00", "dzuhur": "12:19", "tanggal": "2020-08-04", "terbit": "06:16", "magrib": "18:18", "isya": "19:30", "dhuha": "06:40", "ashr": "15:41"}, {"imsyak": "04:50", "shubuh": "05:00", "dzuhur": "12:19", "tanggal": "2020-08-05", "terbit": "06:16", "magrib": "18:18", "isya": "19:30", "dhuha": "06:40", "ashr": "15:41"}, {"imsyak": "04:49", "shubuh": "04:59", "dzuhur": "12:19", "tanggal": "2020-08-06", "terbit": "06:16", "magrib": "18:18", "isya": "19:30", "dhuha": "06:40", "ashr": "15:41"}, {"imsyak": "04:49", "shubuh": "04:59", "dzuhur": "12:19", "tanggal": "2020-08-07", "terbit": "06:15", "magrib": "18:18", "isya": "19:30", "dhuha": "06:39", "ashr": "15:41"}, {"imsyak": "04:49", "shubuh": "04:59", "dzuhur": "12:19", "tanggal": "2020-08-08", "terbit": "06:15", "magrib": "18:18", "isya": "19:30", "dhuha": "06:39", "ashr": "15:41"}, {"imsyak": "04:49", "shubuh": "04:59", "dzuhur": "12:19", "tanggal": "2020-08-09", "terbit": "06:15", "magrib": "18:18", "isya": "19:29", "dhuha": "06:39", "ashr": "15:40"}, {"imsyak": "04:49", "shubuh": "04:59", "dzuhur": "12:18", "tanggal": "2020-08-10", "terbit": "06:15", "magrib": "18:18", "isya": "19:29", "dhuha": "06:39", "ashr": "15:40"}, {"imsyak": "04:49", "shubuh": "04:59", "dzuhur": "12:18", "tanggal": "2020-08-11", "terbit": "06:15", "magrib": "18:18", "isya": "19:29", "dhuha": "06:39", "ashr": "15:40"}, {"imsyak": "04:49", "shubuh": "04:59", "dzuhur": "12:18", "tanggal": "2020-08-12", "terbit": "06:14", "magrib": "18:18", "isya": "19:29", "dhuha": "06:38", "ashr": "15:39"}, {"imsyak": "04:49", "shubuh": "04:59", "dzuhur": "12:18", "tanggal": "2020-08-13", "terbit": "06:14", "magrib": "18:18", "isya": "19:29", "dhuha": "06:38", "ashr": "15:39"}, {"imsyak": "04:49", "shubuh": "04:59", "dzuhur": "12:18", "tanggal": "2020-08-14", "terbit": "06:14", "magrib": "18:18", "isya": "19:28", "dhuha": "06:38", "ashr": "15:39"}, {"imsyak": "04:48", "shubuh": "04:58", "dzuhur": "12:17", "tanggal": "2020-08-15", "terbit": "06:14", "magrib": "18:17", "isya": "19:28", "dhuha": "06:38", "ashr": "15:38"}, {"imsyak": "04:48", "shubuh": "04:58", "dzuhur": "12:17", "tanggal": "2020-08-16", "terbit": "06:13", "magrib": "18:17", "isya": "19:28", "dhuha": "06:37", "ashr": "15:38"}, {"imsyak": "04:48", "shubuh": "04:58", "dzuhur": "12:17", "tanggal": "2020-08-17", "terbit": "06:13", "magrib": "18:17", "isya": "19:28", "dhuha": "06:37", "ashr": "15:38"}, {"imsyak": "04:48", "shubuh": "04:58", "dzuhur": "12:17", "tanggal": "2020-08-18", "terbit": "06:13", "magrib": "18:17", "isya": "19:28", "dhuha": "06:37", "ashr": "15:37"}, {"imsyak": "04:48", "shubuh": "04:58", "dzuhur": "12:17", "tanggal": "2020-08-19", "terbit": "06:12", "magrib": "18:17", "isya": "19:27", "dhuha": "06:36", "ashr": "15:37"}, {"imsyak": "04:48", "shubuh": "04:58", "dzuhur": "12:16", "tanggal": "2020-08-20", "terbit": "06:12", "magrib": "18:17", "isya": "19:27", "dhuha": "06:36", "ashr": "15:36"}, {"imsyak": "04:47", "shubuh": "04:57", "dzuhur": "12:16", "tanggal": "2020-08-21", "terbit": "06:12", "magrib": "18:17", "isya": "19:27", "dhuha": "06:36", "ashr": "15:36"}, {"imsyak": "04:47", "shubuh": "04:57", "dzuhur": "12:16", "tanggal": "2020-08-22", "terbit": "06:11", "magrib": "18:16", "isya": "19:27", "dhuha": "06:35", "ashr": "15:35"}, {"imsyak": "04:47", "shubuh": "04:57", "dzuhur": "12:16", "tanggal": "2020-08-23", "terbit": "06:11", "magrib": "18:16", "isya": "19:26", "dhuha": "06:35", "ashr": "15:35"}, {"imsyak": "04:47", "shubuh": "04:57", "dzuhur": "12:15", "tanggal": "2020-08-24", "terbit": "06:11", "magrib": "18:16", "isya": "19:26", "dhuha": "06:35", "ashr": "15:34"}, {"imsyak": "04:46", "shubuh": "04:56", "dzuhur": "12:15", "tanggal": "2020-08-25", "terbit": "06:10", "magrib": "18:16", "isya": "19:26", "dhuha": "06:34", "ashr": "15:34"}, {"imsyak": "04:46", "shubuh": "04:56", "dzuhur": "12:15", "tanggal": "2020-08-26", "terbit": "06:10", "magrib": "18:16", "isya": "19:25", "dhuha": "06:34", "ashr": "15:33"}, {"imsyak": "04:46", "shubuh": "04:56", "dzuhur": "12:15", "tanggal": "2020-08-27", "terbit": "06:10", "magrib": "18:15", "isya": "19:25", "dhuha": "06:34", "ashr": "15:33"}, {"imsyak": "04:45", "shubuh": "04:55", "dzuhur": "12:14", "tanggal": "2020-08-28", "terbit": "06:09", "magrib": "18:15", "isya": "19:25", "dhuha": "06:33", "ashr": "15:32"}, {"imsyak": "04:45", "shubuh": "04:55", "dzuhur": "12:14", "tanggal": "2020-08-29", "terbit": "06:09", "magrib": "18:15", "isya": "19:25", "dhuha": "06:33", "ashr": "15:31"}, {"imsyak": "04:45", "shubuh": "04:55", "dzuhur": "12:14", "tanggal": "2020-08-30", "terbit": "06:09", "magrib": "18:15", "isya": "19:24", "dhuha": "06:33", "ashr": "15:31"}, {"imsyak": "04:45", "shubuh": "04:55", "dzuhur": "12:13", "tanggal": "2020-08-31", "terbit": "06:08", "magrib": "18:15", "isya": "19:24", "dhuha": "06:32", "ashr": "15:30"}]