[{"tanggal": "2021-01-01", "imsyak": "04:48", "shubuh": "04:58", "terbit": "06:18", "dhuha": "06:42", "dzuhur": "12:22", "ashr": "15:46", "magrib": "18:22", "isya": "19:36"}, {"tanggal": "2021-01-02", "imsyak": "04:49", "shubuh": "04:59", "terbit": "06:18", "dhuha": "06:42", "dzuhur": "12:22", "ashr": "15:47", "magrib": "18:22", "isya": "19:37"}, {"tanggal": "2021-01-03", "imsyak": "04:49", "shubuh": "04:59", "terbit": "06:19", "dhuha": "06:43", "dzuhur": "12:23", "ashr": "15:47", "magrib": "18:23", "isya": "19:37"}, {"tanggal": "2021-01-04", "imsyak": "04:50", "shubuh": "05:00", "terbit": "06:19", "dhuha": "06:43", "dzuhur": "12:23", "ashr": "15:48", "magrib": "18:23", "isya": "19:38"}, {"tanggal": "2021-01-05", "imsyak": "04:50", "shubuh": "05:00", "terbit": "06:20", "dhuha": "06:44", "dzuhur": "12:24", "ashr": "15:48", "magrib": "18:24", "isya": "19:38"}, {"tanggal": "2021-01-06", "imsyak": "04:51", "shubuh": "05:01", "terbit": "06:20", "dhuha": "06:44", "dzuhur": "12:24", "ashr": "15:49", "magrib": "18:24", "isya": "19:39"}, {"tanggal": "2021-01-07", "imsyak": "04:51", "shubuh": "05:01", "terbit": "06:20", "dhuha": "06:44", "dzuhur": "12:24", "ashr": "15:49", "magrib": "18:25", "isya": "19:39"}, {"tanggal": "2021-01-08", "imsyak": "04:52", "shubuh": "05:02", "terbit": "06:21", "dhuha": "06:45", "dzuhur": "12:25", "ashr": "15:49", "magrib": "18:25", "isya": "19:39"}, {"tanggal": "2021-01-09", "imsyak": "04:52", "shubuh": "05:02", "terbit": "06:21", "dhuha": "06:45", "dzuhur": "12:25", "ashr": "15:50", "magrib": "18:25", "isya": "19:40"}, {"tanggal": "2021-01-10", "imsyak": "04:53", "shubuh": "05:03", "terbit": "06:22", "dhuha": "06:46", "dzuhur": "12:26", "ashr": "15:50", "magrib": "18:26", "isya": "19:40"}, {"tanggal": "2021-01-11", "imsyak": "04:53", "shubuh": "05:03", "terbit": "06:22", "dhuha": "06:46", "dzuhur": "12:26", "ashr": "15:50", "magrib": "18:26", "isya": "19:40"}, {"tanggal": "2021-01-12", "imsyak": "04:54", "shubuh": "05:04", "terbit": "06:22", "dhuha": "06:46", "dzuhur": "12:27", "ashr": "15:51", "magrib": "18:27", "isya": "19:41"}, {"tanggal": "2021-01-13", "imsyak": "04:54", "shubuh": "05:04", "terbit": "06:23", "dhuha": "06:47", "dzuhur": "12:27", "ashr": "15:51", "magrib": "18:27", "isya": "19:41"}, {"tanggal": "2021-01-14", "imsyak": "04:55", "shubuh": "05:05", "terbit": "06:23", "dhuha": "06:47", "dzuhur": "12:27", "ashr": "15:52", "magrib": "18:28", "isya": "19:41"}, {"tanggal": "2021-01-15", "imsyak": "04:55", "shubuh": "05:05", "terbit": "06:23", "dhuha": "06:47", "dzuhur": "12:28", "ashr": "15:52", "magrib": "18:28", "isya": "19:42"}, {"tanggal": "2021-01-16", "imsyak": "04:55", "shubuh": "05:05", "terbit": "06:24", "dhuha": "06:48", "dzuhur": "12:28", "ashr": "15:52", "magrib": "18:28", "isya": "19:42"}, {"tanggal": "2021-01-17", "imsyak": "04:56", "shubuh": "05:06", "terbit": "06:24", "dhuha": "06:48", "dzuhur": "12:28", "ashr": "15:52", "magrib": "18:29", "isya": "19:42"}, {"tanggal": "2021-01-18", "imsyak": "04:56", "shubuh": "05:06", "terbit": "06:24", "dhuha": "06:48", "dzuhur": "12:29", "ashr": "15:53", "magrib": "18:29", "isya": "19:43"}, {"tanggal": "2021-01-19", "imsyak": "04:57", "shubuh": "05:07", "terbit": "06:25", "dhuha": "06:49", "dzuhur": "12:29", "ashr": "15:53", "magrib": "18:29", "isya": "19:43"}, {"tanggal": "2021-01-20", "imsyak": "04:57", "shubuh": "05:07", "terbit": "06:25", "dhuha": "06:49", "dzuhur": "12:29", "ashr": "15:53", "magrib": "18:30", "isya": "19:43"}, {"tanggal": "2021-01-21", "imsyak": "04:57", "shubuh": "05:07", "terbit": "06:25", "dhuha": "06:49", "dzuhur": "12:30", "ashr": "15:53", "magrib": "18:30", "isya": "19:43"}, {"tanggal": "2021-01-22", "imsyak": "04:58", "shubuh": "05:08", "terbit": "06:26", "dhuha": "06:50", "dzuhur": "12:30", "ashr": "15:54", "magrib": "18:30", "isya": "19:43"}, {"tanggal": "2021-01-23", "imsyak": "04:58", "shubuh": "05:08", "terbit": "06:26", "dhuha": "06:50", "dzuhur": "12:30", "ashr": "15:54", "magrib": "18:31", "isya": "19:44"}, {"tanggal": "2021-01-24", "imsyak": "04:59", "shubuh": "05:09", "terbit": "06:26", "dhuha": "06:50", "dzuhur": "12:30", "ashr": "15:54", "magrib": "18:31", "isya": "19:44"}, {"tanggal": "2021-01-25", "imsyak": "04:59", "shubuh": "05:09", "terbit": "06:26", "dhuha": "06:50", "dzuhur": "12:31", "ashr": "15:54", "magrib": "18:31", "isya": "19:44"}, {"tanggal": "2021-01-26", "imsyak": "04:59", "shubuh": "05:09", "terbit": "06:26", "dhuha": "06:50", "dzuhur": "12:31", "ashr": "15:54", "magrib": "18:32", "isya": "19:44"}, {"tanggal": "2021-01-27", "imsyak": "05:00", "shubuh": "05:10", "terbit": "06:27", "dhuha": "06:51", "dzuhur": "12:31", "ashr": "15:54", "magrib": "18:32", "isya": "19:44"}, {"tanggal": "2021-01-28", "imsyak": "05:00", "shubuh": "05:10", "terbit": "06:27", "dhuha": "06:51", "dzuhur": "12:31", "ashr": "15:54", "magrib": "18:32", "isya": "19:44"}, {"tanggal": "2021-01-29", "imsyak": "05:00", "shubuh": "05:10", "terbit": "06:27", "dhuha": "06:51", "dzuhur": "12:32", "ashr": "15:55", "magrib": "18:32", "isya": "19:45"}, {"tanggal": "2021-01-30", "imsyak": "05:00", "shubuh": "05:10", "terbit": "06:27", "dhuha": "06:51", "dzuhur": "12:32", "ashr": "15:55", "magrib": "18:32", "isya": "19:45"}, {"tanggal": "2021-01-31", "imsyak": "05:01", "shubuh": "05:11", "terbit": "06:27", "dhuha": "06:51", "dzuhur": "12:32", "ashr": "15:55", "magrib": "18:33", "isya": "19:45"}]