[{"tanggal": "2021-05-01", "imsyak": "04:41", "shubuh": "04:51", "terbit": "06:06", "dhuha": "06:30", "dzuhur": "12:16", "ashr": "15:35", "magrib": "18:22", "isya": "19:33"}, {"tanggal": "2021-05-02", "imsyak": "04:40", "shubuh": "04:50", "terbit": "06:06", "dhuha": "06:30", "dzuhur": "12:16", "ashr": "15:35", "magrib": "18:22", "isya": "19:33"}, {"tanggal": "2021-05-03", "imsyak": "04:40", "shubuh": "04:50", "terbit": "06:06", "dhuha": "06:30", "dzuhur": "12:16", "ashr": "15:36", "magrib": "18:22", "isya": "19:33"}, {"tanggal": "2021-05-04", "imsyak": "04:40", "shubuh": "04:50", "terbit": "06:06", "dhuha": "06:30", "dzuhur": "12:16", "ashr": "15:36", "magrib": "18:22", "isya": "19:33"}, {"tanggal": "2021-05-05", "imsyak": "04:39", "shubuh": "04:49", "terbit": "06:06", "dhuha": "06:30", "dzuhur": "12:15", "ashr": "15:36", "magrib": "18:21", "isya": "19:33"}, {"tanggal": "2021-05-06", "imsyak": "04:39", "shubuh": "04:49", "terbit": "06:05", "dhuha": "06:29", "dzuhur": "12:15", "ashr": "15:36", "magrib": "18:21", "isya": "19:33"}, {"tanggal": "2021-05-07", "imsyak": "04:39", "shubuh": "04:49", "terbit": "06:05", "dhuha": "06:29", "dzuhur": "12:15", "ashr": "15:36", "magrib": "18:21", "isya": "19:33"}, {"tanggal": "2021-05-08", "imsyak": "04:39", "shubuh": "04:49", "terbit": "06:05", "dhuha": "06:29", "dzuhur": "12:15", "ashr": "15:37", "magrib": "18:21", "isya": "19:34"}, {"tanggal": "2021-05-09", "imsyak": "04:38", "shubuh": "04:48", "terbit": "06:05", "dhuha": "06:29", "dzuhur": "12:15", "ashr": "15:37", "magrib": "18:21", "isya": "19:34"}, {"tanggal": "2021-05-10", "imsyak": "04:38", "shubuh": "04:48", "terbit": "06:05", "dhuha": "06:29", "dzuhur": "12:15", "ashr": "15:37", "magrib": "18:21", "isya": "19:34"}, {"tanggal": "2021-05-11", "imsyak": "04:38", "shubuh": "04:48", "terbit": "06:05", "dhuha": "06:29", "dzuhur": "12:15", "ashr": "15:37", "magrib": "18:21", "isya": "19:34"}, {"tanggal": "2021-05-12", "imsyak": "04:38", "shubuh": "04:48", "terbit": "06:05", "dhuha": "06:29", "dzuhur": "12:15", "ashr": "15:37", "magrib": "18:21", "isya": "19:34"}, {"tanggal": "2021-05-13", "imsyak": "04:38", "shubuh": "04:48", "terbit": "06:05", "dhuha": "06:29", "dzuhur": "12:15", "ashr": "15:38", "magrib": "18:21", "isya": "19:34"}, {"tanggal": "2021-05-14", "imsyak": "04:37", "shubuh": "04:47", "terbit": "06:05", "dhuha": "06:29", "dzuhur": "12:15", "ashr": "15:38", "magrib": "18:21", "isya": "19:34"}, {"tanggal": "2021-05-15", "imsyak": "04:37", "shubuh": "04:47", "terbit": "06:05", "dhuha": "06:29", "dzuhur": "12:15", "ashr": "15:38", "magrib": "18:22", "isya": "19:34"}, {"tanggal": "2021-05-16", "imsyak": "04:37", "shubuh": "04:47", "terbit": "06:05", "dhuha": "06:29", "dzuhur": "12:15", "ashr": "15:38", "magrib": "18:22", "isya": "19:35"}, {"tanggal": "2021-05-17", "imsyak": "04:37", "shubuh": "04:47", "terbit": "06:04", "dhuha": "06:28", "dzuhur": "12:15", "ashr": "15:38", "magrib": "18:22", "isya": "19:35"}, {"tanggal": "2021-05-18", "imsyak": "04:37", "shubuh": "04:47", "terbit": "06:04", "dhuha": "06:28", "dzuhur": "12:15", "ashr": "15:39", "magrib": "18:22", "isya": "19:35"}, {"tanggal": "2021-05-19", "imsyak": "04:37", "shubuh": "04:47", "terbit": "06:04", "dhuha": "06:28", "dzuhur": "12:15", "ashr": "15:39", "magrib": "18:22", "isya": "19:35"}, {"tanggal": "2021-05-20", "imsyak": "04:36", "shubuh": "04:46", "terbit": "06:04", "dhuha": "06:28", "dzuhur": "12:15", "ashr": "15:39", "magrib": "18:22", "isya": "19:35"}, {"tanggal": "2021-05-21", "imsyak": "04:36", "shubuh": "04:46", "terbit": "06:04", "dhuha": "06:28", "dzuhur": "12:15", "ashr": "15:39", "magrib": "18:22", "isya": "19:36"}, {"tanggal": "2021-05-22", "imsyak": "04:36", "shubuh": "04:46", "terbit": "06:04", "dhuha": "06:28", "dzuhur": "12:15", "ashr": "15:40", "magrib": "18:22", "isya": "19:36"}, {"tanggal": "2021-05-23", "imsyak": "04:36", "shubuh": "04:46", "terbit": "06:05", "dhuha": "06:29", "dzuhur": "12:15", "ashr": "15:40", "magrib": "18:22", "isya": "19:36"}, {"tanggal": "2021-05-24", "imsyak": "04:36", "shubuh": "04:46", "terbit": "06:05", "dhuha": "06:29", "dzuhur": "12:15", "ashr": "15:40", "magrib": "18:22", "isya": "19:36"}, {"tanggal": "2021-05-25", "imsyak": "04:36", "shubuh": "04:46", "terbit": "06:05", "dhuha": "06:29", "dzuhur": "12:16", "ashr": "15:40", "magrib": "18:22", "isya": "19:36"}, {"tanggal": "2021-05-26", "imsyak": "04:36", "shubuh": "04:46", "terbit": "06:05", "dhuha": "06:29", "dzuhur": "12:16", "ashr": "15:40", "magrib": "18:23", "isya": "19:37"}, {"tanggal": "2021-05-27", "imsyak": "04:36", "shubuh": "04:46", "terbit": "06:05", "dhuha": "06:29", "dzuhur": "12:16", "ashr": "15:41", "magrib": "18:23", "isya": "19:37"}, {"tanggal": "2021-05-28", "imsyak": "04:36", "shubuh": "04:46", "terbit": "06:05", "dhuha": "06:29", "dzuhur": "12:16", "ashr": "15:41", "magrib": "18:23", "isya": "19:37"}, {"tanggal": "2021-05-29", "imsyak": "04:36", "shubuh": "04:46", "terbit": "06:05", "dhuha": "06:29", "dzuhur": "12:16", "ashr": "15:41", "magrib": "18:23", "isya": "19:37"}, {"tanggal": "2021-05-30", "imsyak": "04:36", "shubuh": "04:46", "terbit": "06:05", "dhuha": "06:29", "dzuhur": "12:16", "ashr": "15:41", "magrib": "18:23", "isya": "19:38"}, {"tanggal": "2021-05-31", "imsyak": "04:36", "shubuh": "04:46", "terbit": "06:05", "dhuha": "06:29", "dzuhur": "12:16", "ashr": "15:42", "magrib": "18:23", "isya": "19:38"}]