[{"tanggal": "2021-02-01", "imsyak": "04:00", "shubuh": "04:10", "terbit": "05:27", "dhuha": "05:51", "dzuhur": "11:39", "ashr": "15:01", "magrib": "17:46", "isya": "18:59"}, {"tanggal": "2021-02-02", "imsyak": "04:01", "shubuh": "04:11", "terbit": "05:28", "dhuha": "05:52", "dzuhur": "11:39", "ashr": "15:00", "magrib": "17:47", "isya": "18:59"}, {"tanggal": "2021-02-03", "imsyak": "04:01", "shubuh": "04:11", "terbit": "05:28", "dhuha": "05:52", "dzuhur": "11:39", "ashr": "15:00", "magrib": "17:47", "isya": "18:59"}, {"tanggal": "2021-02-04", "imsyak": "04:01", "shubuh": "04:11", "terbit": "05:28", "dhuha": "05:52", "dzuhur": "11:39", "ashr": "15:00", "magrib": "17:47", "isya": "18:59"}, {"tanggal": "2021-02-05", "imsyak": "04:02", "shubuh": "04:12", "terbit": "05:28", "dhuha": "05:52", "dzuhur": "11:39", "ashr": "15:00", "magrib": "17:47", "isya": "18:59"}, {"tanggal": "2021-02-06", "imsyak": "04:02", "shubuh": "04:12", "terbit": "05:28", "dhuha": "05:52", "dzuhur": "11:40", "ashr": "15:00", "magrib": "17:47", "isya": "18:58"}, {"tanggal": "2021-02-07", "imsyak": "04:02", "shubuh": "04:12", "terbit": "05:29", "dhuha": "05:53", "dzuhur": "11:40", "ashr": "14:59", "magrib": "17:47", "isya": "18:58"}, {"tanggal": "2021-02-08", "imsyak": "04:03", "shubuh": "04:13", "terbit": "05:29", "dhuha": "05:53", "dzuhur": "11:40", "ashr": "14:59", "magrib": "17:47", "isya": "18:58"}, {"tanggal": "2021-02-09", "imsyak": "04:03", "shubuh": "04:13", "terbit": "05:29", "dhuha": "05:53", "dzuhur": "11:40", "ashr": "14:59", "magrib": "17:47", "isya": "18:58"}, {"tanggal": "2021-02-10", "imsyak": "04:03", "shubuh": "04:13", "terbit": "05:29", "dhuha": "05:53", "dzuhur": "11:40", "ashr": "14:58", "magrib": "17:47", "isya": "18:58"}, {"tanggal": "2021-02-11", "imsyak": "04:03", "shubuh": "04:13", "terbit": "05:29", "dhuha": "05:53", "dzuhur": "11:40", "ashr": "14:58", "magrib": "17:46", "isya": "18:58"}, {"tanggal": "2021-02-12", "imsyak": "04:04", "shubuh": "04:14", "terbit": "05:29", "dhuha": "05:53", "dzuhur": "11:40", "ashr": "14:58", "magrib": "17:46", "isya": "18:57"}, {"tanggal": "2021-02-13", "imsyak": "04:04", "shubuh": "04:14", "terbit": "05:29", "dhuha": "05:53", "dzuhur": "11:40", "ashr": "14:57", "magrib": "17:46", "isya": "18:57"}, {"tanggal": "2021-02-14", "imsyak": "04:04", "shubuh": "04:14", "terbit": "05:29", "dhuha": "05:53", "dzuhur": "11:40", "ashr": "14:57", "magrib": "17:46", "isya": "18:57"}, {"tanggal": "2021-02-15", "imsyak": "04:04", "shubuh": "04:14", "terbit": "05:29", "dhuha": "05:53", "dzuhur": "11:40", "ashr": "14:56", "magrib": "17:46", "isya": "18:57"}, {"tanggal": "2021-02-16", "imsyak": "04:04", "shubuh": "04:14", "terbit": "05:29", "dhuha": "05:53", "dzuhur": "11:40", "ashr": "14:56", "magrib": "17:46", "isya": "18:57"}, {"tanggal": "2021-02-17", "imsyak": "04:04", "shubuh": "04:14", "terbit": "05:29", "dhuha": "05:53", "dzuhur": "11:40", "ashr": "14:55", "magrib": "17:46", "isya": "18:56"}, {"tanggal": "2021-02-18", "imsyak": "04:05", "shubuh": "04:15", "terbit": "05:29", "dhuha": "05:53", "dzuhur": "11:40", "ashr": "14:55", "magrib": "17:46", "isya": "18:56"}, {"tanggal": "2021-02-19", "imsyak": "04:05", "shubuh": "04:15", "terbit": "05:29", "dhuha": "05:53", "dzuhur": "11:39", "ashr": "14:54", "magrib": "17:45", "isya": "18:56"}, {"tanggal": "2021-02-20", "imsyak": "04:05", "shubuh": "04:15", "terbit": "05:29", "dhuha": "05:53", "dzuhur": "11:39", "ashr": "14:54", "magrib": "17:45", "isya": "18:56"}, {"tanggal": "2021-02-21", "imsyak": "04:05", "shubuh": "04:15", "terbit": "05:29", "dhuha": "05:53", "dzuhur": "11:39", "ashr": "14:53", "magrib": "17:45", "isya": "18:55"}, {"tanggal": "2021-02-22", "imsyak": "04:05", "shubuh": "04:15", "terbit": "05:29", "dhuha": "05:53", "dzuhur": "11:39", "ashr": "14:52", "magrib": "17:45", "isya": "18:55"}, {"tanggal": "2021-02-23", "imsyak": "04:05", "shubuh": "04:15", "terbit": "05:29", "dhuha": "05:53", "dzuhur": "11:39", "ashr": "14:52", "magrib": "17:45", "isya": "18:55"}, {"tanggal": "2021-02-24", "imsyak": "04:05", "shubuh": "04:15", "terbit": "05:29", "dhuha": "05:53", "dzuhur": "11:39", "ashr": "14:51", "magrib": "17:44", "isya": "18:54"}, {"tanggal": "2021-02-25", "imsyak": "04:05", "shubuh": "04:15", "terbit": "05:29", "dhuha": "05:53", "dzuhur": "11:39", "ashr": "14:50", "magrib": "17:44", "isya": "18:54"}, {"tanggal": "2021-02-26", "imsyak": "04:05", "shubuh": "04:15", "terbit": "05:29", "dhuha": "05:53", "dzuhur": "11:39", "ashr": "14:50", "magrib": "17:44", "isya": "18:54"}, {"tanggal": "2021-02-27", "imsyak": "04:05", "shubuh": "04:15", "terbit": "05:29", "dhuha": "05:53", "dzuhur": "11:38", "ashr": "14:49", "magrib": "17:44", "isya": "18:53"}, {"tanggal": "2021-02-28", "imsyak": "04:05", "shubuh": "04:15", "terbit": "05:29", "dhuha": "05:53", "dzuhur": "11:38", "ashr": "14:48", "magrib": "17:43", "isya": "18:53"}]