[{"tanggal": "2021-04-01", "imsyak": "04:01", "shubuh": "04:11", "terbit": "05:23", "dhuha": "05:47", "dzuhur": "11:30", "ashr": "14:42", "magrib": "17:32", "isya": "18:41"}, {"tanggal": "2021-04-02", "imsyak": "04:00", "shubuh": "04:10", "terbit": "05:23", "dhuha": "05:47", "dzuhur": "11:29", "ashr": "14:42", "magrib": "17:32", "isya": "18:41"}, {"tanggal": "2021-04-03", "imsyak": "04:00", "shubuh": "04:10", "terbit": "05:23", "dhuha": "05:47", "dzuhur": "11:29", "ashr": "14:42", "magrib": "17:31", "isya": "18:40"}, {"tanggal": "2021-04-04", "imsyak": "04:00", "shubuh": "04:10", "terbit": "05:23", "dhuha": "05:47", "dzuhur": "11:29", "ashr": "14:42", "magrib": "17:31", "isya": "18:40"}, {"tanggal": "2021-04-05", "imsyak": "04:00", "shubuh": "04:10", "terbit": "05:23", "dhuha": "05:47", "dzuhur": "11:29", "ashr": "14:42", "magrib": "17:31", "isya": "18:40"}, {"tanggal": "2021-04-06", "imsyak": "03:59", "shubuh": "04:09", "terbit": "05:22", "dhuha": "05:46", "dzuhur": "11:28", "ashr": "14:42", "magrib": "17:30", "isya": "18:39"}, {"tanggal": "2021-04-07", "imsyak": "03:59", "shubuh": "04:09", "terbit": "05:22", "dhuha": "05:46", "dzuhur": "11:28", "ashr": "14:42", "magrib": "17:30", "isya": "18:39"}, {"tanggal": "2021-04-08", "imsyak": "03:59", "shubuh": "04:09", "terbit": "05:22", "dhuha": "05:46", "dzuhur": "11:28", "ashr": "14:43", "magrib": "17:29", "isya": "18:39"}, {"tanggal": "2021-04-09", "imsyak": "03:58", "shubuh": "04:08", "terbit": "05:22", "dhuha": "05:46", "dzuhur": "11:27", "ashr": "14:43", "magrib": "17:29", "isya": "18:38"}, {"tanggal": "2021-04-10", "imsyak": "03:58", "shubuh": "04:08", "terbit": "05:22", "dhuha": "05:46", "dzuhur": "11:27", "ashr": "14:43", "magrib": "17:29", "isya": "18:38"}, {"tanggal": "2021-04-11", "imsyak": "03:58", "shubuh": "04:08", "terbit": "05:21", "dhuha": "05:45", "dzuhur": "11:27", "ashr": "14:43", "magrib": "17:28", "isya": "18:38"}, {"tanggal": "2021-04-12", "imsyak": "03:58", "shubuh": "04:08", "terbit": "05:21", "dhuha": "05:45", "dzuhur": "11:27", "ashr": "14:43", "magrib": "17:28", "isya": "18:38"}, {"tanggal": "2021-04-13", "imsyak": "03:57", "shubuh": "04:07", "terbit": "05:21", "dhuha": "05:45", "dzuhur": "11:26", "ashr": "14:43", "magrib": "17:28", "isya": "18:37"}, {"tanggal": "2021-04-14", "imsyak": "03:57", "shubuh": "04:07", "terbit": "05:21", "dhuha": "05:45", "dzuhur": "11:26", "ashr": "14:43", "magrib": "17:27", "isya": "18:37"}, {"tanggal": "2021-04-15", "imsyak": "03:57", "shubuh": "04:07", "terbit": "05:21", "dhuha": "05:45", "dzuhur": "11:26", "ashr": "14:43", "magrib": "17:27", "isya": "18:37"}, {"tanggal": "2021-04-16", "imsyak": "03:57", "shubuh": "04:07", "terbit": "05:21", "dhuha": "05:45", "dzuhur": "11:26", "ashr": "14:43", "magrib": "17:27", "isya": "18:36"}, {"tanggal": "2021-04-17", "imsyak": "03:56", "shubuh": "04:06", "terbit": "05:20", "dhuha": "05:44", "dzuhur": "11:25", "ashr": "14:43", "magrib": "17:26", "isya": "18:36"}, {"tanggal": "2021-04-18", "imsyak": "03:56", "shubuh": "04:06", "terbit": "05:20", "dhuha": "05:44", "dzuhur": "11:25", "ashr": "14:43", "magrib": "17:26", "isya": "18:36"}, {"tanggal": "2021-04-19", "imsyak": "03:56", "shubuh": "04:06", "terbit": "05:20", "dhuha": "05:44", "dzuhur": "11:25", "ashr": "14:43", "magrib": "17:26", "isya": "18:36"}, {"tanggal": "2021-04-20", "imsyak": "03:56", "shubuh": "04:06", "terbit": "05:20", "dhuha": "05:44", "dzuhur": "11:25", "ashr": "14:43", "magrib": "17:26", "isya": "18:36"}, {"tanggal": "2021-04-21", "imsyak": "03:56", "shubuh": "04:06", "terbit": "05:20", "dhuha": "05:44", "dzuhur": "11:25", "ashr": "14:44", "magrib": "17:25", "isya": "18:35"}, {"tanggal": "2021-04-22", "imsyak": "03:55", "shubuh": "04:05", "terbit": "05:20", "dhuha": "05:44", "dzuhur": "11:24", "ashr": "14:44", "magrib": "17:25", "isya": "18:35"}, {"tanggal": "2021-04-23", "imsyak": "03:55", "shubuh": "04:05", "terbit": "05:20", "dhuha": "05:44", "dzuhur": "11:24", "ashr": "14:44", "magrib": "17:25", "isya": "18:35"}, {"tanggal": "2021-04-24", "imsyak": "03:55", "shubuh": "04:05", "terbit": "05:19", "dhuha": "05:43", "dzuhur": "11:24", "ashr": "14:44", "magrib": "17:24", "isya": "18:35"}, {"tanggal": "2021-04-25", "imsyak": "03:55", "shubuh": "04:05", "terbit": "05:19", "dhuha": "05:43", "dzuhur": "11:24", "ashr": "14:44", "magrib": "17:24", "isya": "18:35"}, {"tanggal": "2021-04-26", "imsyak": "03:54", "shubuh": "04:04", "terbit": "05:19", "dhuha": "05:43", "dzuhur": "11:24", "ashr": "14:44", "magrib": "17:24", "isya": "18:35"}, {"tanggal": "2021-04-27", "imsyak": "03:54", "shubuh": "04:04", "terbit": "05:19", "dhuha": "05:43", "dzuhur": "11:23", "ashr": "14:44", "magrib": "17:24", "isya": "18:34"}, {"tanggal": "2021-04-28", "imsyak": "03:54", "shubuh": "04:04", "terbit": "05:19", "dhuha": "05:43", "dzuhur": "11:23", "ashr": "14:44", "magrib": "17:23", "isya": "18:34"}, {"tanggal": "2021-04-29", "imsyak": "03:54", "shubuh": "04:04", "terbit": "05:19", "dhuha": "05:43", "dzuhur": "11:23", "ashr": "14:44", "magrib": "17:23", "isya": "18:34"}, {"tanggal": "2021-04-30", "imsyak": "03:54", "shubuh": "04:04", "terbit": "05:19", "dhuha": "05:43", "dzuhur": "11:23", "ashr": "14:44", "magrib": "17:23", "isya": "18:34"}]