[{"tanggal": "2021-06-01", "imsyak": "03:52", "shubuh": "04:02", "terbit": "05:21", "dhuha": "05:45", "dzuhur": "11:23", "ashr": "14:47", "magrib": "17:22", "isya": "18:36"}, {"tanggal": "2021-06-02", "imsyak": "03:52", "shubuh": "04:02", "terbit": "05:21", "dhuha": "05:45", "dzuhur": "11:23", "ashr": "14:47", "magrib": "17:22", "isya": "18:36"}, {"tanggal": "2021-06-03", "imsyak": "03:52", "shubuh": "04:02", "terbit": "05:21", "dhuha": "05:45", "dzuhur": "11:24", "ashr": "14:47", "magrib": "17:22", "isya": "18:36"}, {"tanggal": "2021-06-04", "imsyak": "03:52", "shubuh": "04:02", "terbit": "05:21", "dhuha": "05:45", "dzuhur": "11:24", "ashr": "14:48", "magrib": "17:22", "isya": "18:36"}, {"tanggal": "2021-06-05", "imsyak": "03:52", "shubuh": "04:02", "terbit": "05:21", "dhuha": "05:45", "dzuhur": "11:24", "ashr": "14:48", "magrib": "17:22", "isya": "18:37"}, {"tanggal": "2021-06-06", "imsyak": "03:53", "shubuh": "04:03", "terbit": "05:22", "dhuha": "05:46", "dzuhur": "11:24", "ashr": "14:48", "magrib": "17:22", "isya": "18:37"}, {"tanggal": "2021-06-07", "imsyak": "03:53", "shubuh": "04:03", "terbit": "05:22", "dhuha": "05:46", "dzuhur": "11:24", "ashr": "14:48", "magrib": "17:23", "isya": "18:37"}, {"tanggal": "2021-06-08", "imsyak": "03:53", "shubuh": "04:03", "terbit": "05:22", "dhuha": "05:46", "dzuhur": "11:24", "ashr": "14:48", "magrib": "17:23", "isya": "18:37"}, {"tanggal": "2021-06-09", "imsyak": "03:53", "shubuh": "04:03", "terbit": "05:22", "dhuha": "05:46", "dzuhur": "11:25", "ashr": "14:49", "magrib": "17:23", "isya": "18:37"}, {"tanggal": "2021-06-10", "imsyak": "03:53", "shubuh": "04:03", "terbit": "05:23", "dhuha": "05:47", "dzuhur": "11:25", "ashr": "14:49", "magrib": "17:23", "isya": "18:38"}, {"tanggal": "2021-06-11", "imsyak": "03:53", "shubuh": "04:03", "terbit": "05:23", "dhuha": "05:47", "dzuhur": "11:25", "ashr": "14:49", "magrib": "17:23", "isya": "18:38"}, {"tanggal": "2021-06-12", "imsyak": "03:54", "shubuh": "04:04", "terbit": "05:23", "dhuha": "05:47", "dzuhur": "11:25", "ashr": "14:49", "magrib": "17:23", "isya": "18:38"}, {"tanggal": "2021-06-13", "imsyak": "03:54", "shubuh": "04:04", "terbit": "05:23", "dhuha": "05:47", "dzuhur": "11:25", "ashr": "14:49", "magrib": "17:24", "isya": "18:38"}, {"tanggal": "2021-06-14", "imsyak": "03:54", "shubuh": "04:04", "terbit": "05:23", "dhuha": "05:47", "dzuhur": "11:26", "ashr": "14:50", "magrib": "17:24", "isya": "18:39"}, {"tanggal": "2021-06-15", "imsyak": "03:54", "shubuh": "04:04", "terbit": "05:24", "dhuha": "05:48", "dzuhur": "11:26", "ashr": "14:50", "magrib": "17:24", "isya": "18:39"}, {"tanggal": "2021-06-16", "imsyak": "03:54", "shubuh": "04:04", "terbit": "05:24", "dhuha": "05:48", "dzuhur": "11:26", "ashr": "14:50", "magrib": "17:24", "isya": "18:39"}, {"tanggal": "2021-06-17", "imsyak": "03:54", "shubuh": "04:04", "terbit": "05:24", "dhuha": "05:48", "dzuhur": "11:26", "ashr": "14:50", "magrib": "17:24", "isya": "18:39"}, {"tanggal": "2021-06-18", "imsyak": "03:55", "shubuh": "04:05", "terbit": "05:24", "dhuha": "05:48", "dzuhur": "11:26", "ashr": "14:50", "magrib": "17:25", "isya": "18:39"}, {"tanggal": "2021-06-19", "imsyak": "03:55", "shubuh": "04:05", "terbit": "05:25", "dhuha": "05:49", "dzuhur": "11:27", "ashr": "14:51", "magrib": "17:25", "isya": "18:40"}, {"tanggal": "2021-06-20", "imsyak": "03:55", "shubuh": "04:05", "terbit": "05:25", "dhuha": "05:49", "dzuhur": "11:27", "ashr": "14:51", "magrib": "17:25", "isya": "18:40"}, {"tanggal": "2021-06-21", "imsyak": "03:55", "shubuh": "04:05", "terbit": "05:25", "dhuha": "05:49", "dzuhur": "11:27", "ashr": "14:51", "magrib": "17:25", "isya": "18:40"}, {"tanggal": "2021-06-22", "imsyak": "03:56", "shubuh": "04:06", "terbit": "05:25", "dhuha": "05:49", "dzuhur": "11:27", "ashr": "14:51", "magrib": "17:25", "isya": "18:40"}, {"tanggal": "2021-06-23", "imsyak": "03:56", "shubuh": "04:06", "terbit": "05:25", "dhuha": "05:49", "dzuhur": "11:28", "ashr": "14:52", "magrib": "17:26", "isya": "18:41"}, {"tanggal": "2021-06-24", "imsyak": "03:56", "shubuh": "04:06", "terbit": "05:26", "dhuha": "05:50", "dzuhur": "11:28", "ashr": "14:52", "magrib": "17:26", "isya": "18:41"}, {"tanggal": "2021-06-25", "imsyak": "03:56", "shubuh": "04:06", "terbit": "05:26", "dhuha": "05:50", "dzuhur": "11:28", "ashr": "14:52", "magrib": "17:26", "isya": "18:41"}, {"tanggal": "2021-06-26", "imsyak": "03:56", "shubuh": "04:06", "terbit": "05:26", "dhuha": "05:50", "dzuhur": "11:28", "ashr": "14:52", "magrib": "17:26", "isya": "18:41"}, {"tanggal": "2021-06-27", "imsyak": "03:57", "shubuh": "04:07", "terbit": "05:26", "dhuha": "05:50", "dzuhur": "11:28", "ashr": "14:52", "magrib": "17:27", "isya": "18:41"}, {"tanggal": "2021-06-28", "imsyak": "03:57", "shubuh": "04:07", "terbit": "05:26", "dhuha": "05:50", "dzuhur": "11:29", "ashr": "14:53", "magrib": "17:27", "isya": "18:42"}, {"tanggal": "2021-06-29", "imsyak": "03:57", "shubuh": "04:07", "terbit": "05:27", "dhuha": "05:51", "dzuhur": "11:29", "ashr": "14:53", "magrib": "17:27", "isya": "18:42"}, {"tanggal": "2021-06-30", "imsyak": "03:57", "shubuh": "04:07", "terbit": "05:27", "dhuha": "05:51", "dzuhur": "11:29", "ashr": "14:53", "magrib": "17:27", "isya": "18:42"}]