[{"tanggal": "2021-07-01", "imsyak": "03:58", "shubuh": "04:08", "terbit": "05:27", "dhuha": "05:51", "dzuhur": "11:29", "ashr": "14:53", "magrib": "17:27", "isya": "18:42"}, {"tanggal": "2021-07-02", "imsyak": "03:58", "shubuh": "04:08", "terbit": "05:27", "dhuha": "05:51", "dzuhur": "11:29", "ashr": "14:53", "magrib": "17:28", "isya": "18:42"}, {"tanggal": "2021-07-03", "imsyak": "03:58", "shubuh": "04:08", "terbit": "05:27", "dhuha": "05:51", "dzuhur": "11:30", "ashr": "14:54", "magrib": "17:28", "isya": "18:42"}, {"tanggal": "2021-07-04", "imsyak": "03:58", "shubuh": "04:08", "terbit": "05:28", "dhuha": "05:52", "dzuhur": "11:30", "ashr": "14:54", "magrib": "17:28", "isya": "18:43"}, {"tanggal": "2021-07-05", "imsyak": "03:58", "shubuh": "04:08", "terbit": "05:28", "dhuha": "05:52", "dzuhur": "11:30", "ashr": "14:54", "magrib": "17:28", "isya": "18:43"}, {"tanggal": "2021-07-06", "imsyak": "03:59", "shubuh": "04:09", "terbit": "05:28", "dhuha": "05:52", "dzuhur": "11:30", "ashr": "14:54", "magrib": "17:28", "isya": "18:43"}, {"tanggal": "2021-07-07", "imsyak": "03:59", "shubuh": "04:09", "terbit": "05:28", "dhuha": "05:52", "dzuhur": "11:30", "ashr": "14:54", "magrib": "17:29", "isya": "18:43"}, {"tanggal": "2021-07-08", "imsyak": "03:59", "shubuh": "04:09", "terbit": "05:28", "dhuha": "05:52", "dzuhur": "11:30", "ashr": "14:54", "magrib": "17:29", "isya": "18:43"}, {"tanggal": "2021-07-09", "imsyak": "03:59", "shubuh": "04:09", "terbit": "05:28", "dhuha": "05:52", "dzuhur": "11:31", "ashr": "14:55", "magrib": "17:29", "isya": "18:43"}, {"tanggal": "2021-07-10", "imsyak": "03:59", "shubuh": "04:09", "terbit": "05:28", "dhuha": "05:52", "dzuhur": "11:31", "ashr": "14:55", "magrib": "17:29", "isya": "18:43"}, {"tanggal": "2021-07-11", "imsyak": "04:00", "shubuh": "04:10", "terbit": "05:29", "dhuha": "05:53", "dzuhur": "11:31", "ashr": "14:55", "magrib": "17:29", "isya": "18:44"}, {"tanggal": "2021-07-12", "imsyak": "04:00", "shubuh": "04:10", "terbit": "05:29", "dhuha": "05:53", "dzuhur": "11:31", "ashr": "14:55", "magrib": "17:30", "isya": "18:44"}, {"tanggal": "2021-07-13", "imsyak": "04:00", "shubuh": "04:10", "terbit": "05:29", "dhuha": "05:53", "dzuhur": "11:31", "ashr": "14:55", "magrib": "17:30", "isya": "18:44"}, {"tanggal": "2021-07-14", "imsyak": "04:00", "shubuh": "04:10", "terbit": "05:29", "dhuha": "05:53", "dzuhur": "11:31", "ashr": "14:55", "magrib": "17:30", "isya": "18:44"}, {"tanggal": "2021-07-15", "imsyak": "04:00", "shubuh": "04:10", "terbit": "05:29", "dhuha": "05:53", "dzuhur": "11:31", "ashr": "14:55", "magrib": "17:30", "isya": "18:44"}, {"tanggal": "2021-07-16", "imsyak": "04:00", "shubuh": "04:10", "terbit": "05:29", "dhuha": "05:53", "dzuhur": "11:32", "ashr": "14:55", "magrib": "17:30", "isya": "18:44"}, {"tanggal": "2021-07-17", "imsyak": "04:01", "shubuh": "04:11", "terbit": "05:29", "dhuha": "05:53", "dzuhur": "11:32", "ashr": "14:55", "magrib": "17:30", "isya": "18:44"}, {"tanggal": "2021-07-18", "imsyak": "04:01", "shubuh": "04:11", "terbit": "05:29", "dhuha": "05:53", "dzuhur": "11:32", "ashr": "14:55", "magrib": "17:30", "isya": "18:44"}, {"tanggal": "2021-07-19", "imsyak": "04:01", "shubuh": "04:11", "terbit": "05:29", "dhuha": "05:53", "dzuhur": "11:32", "ashr": "14:55", "magrib": "17:30", "isya": "18:44"}, {"tanggal": "2021-07-20", "imsyak": "04:01", "shubuh": "04:11", "terbit": "05:29", "dhuha": "05:53", "dzuhur": "11:32", "ashr": "14:55", "magrib": "17:31", "isya": "18:44"}, {"tanggal": "2021-07-21", "imsyak": "04:01", "shubuh": "04:11", "terbit": "05:29", "dhuha": "05:53", "dzuhur": "11:32", "ashr": "14:55", "magrib": "17:31", "isya": "18:44"}, {"tanggal": "2021-07-22", "imsyak": "04:01", "shubuh": "04:11", "terbit": "05:29", "dhuha": "05:53", "dzuhur": "11:32", "ashr": "14:55", "magrib": "17:31", "isya": "18:44"}, {"tanggal": "2021-07-23", "imsyak": "04:01", "shubuh": "04:11", "terbit": "05:29", "dhuha": "05:53", "dzuhur": "11:32", "ashr": "14:55", "magrib": "17:31", "isya": "18:44"}, {"tanggal": "2021-07-24", "imsyak": "04:01", "shubuh": "04:11", "terbit": "05:29", "dhuha": "05:53", "dzuhur": "11:32", "ashr": "14:55", "magrib": "17:31", "isya": "18:44"}, {"tanggal": "2021-07-25", "imsyak": "04:02", "shubuh": "04:12", "terbit": "05:29", "dhuha": "05:53", "dzuhur": "11:32", "ashr": "14:55", "magrib": "17:31", "isya": "18:44"}, {"tanggal": "2021-07-26", "imsyak": "04:02", "shubuh": "04:12", "terbit": "05:29", "dhuha": "05:53", "dzuhur": "11:32", "ashr": "14:55", "magrib": "17:31", "isya": "18:44"}, {"tanggal": "2021-07-27", "imsyak": "04:02", "shubuh": "04:12", "terbit": "05:29", "dhuha": "05:53", "dzuhur": "11:32", "ashr": "14:55", "magrib": "17:31", "isya": "18:44"}, {"tanggal": "2021-07-28", "imsyak": "04:02", "shubuh": "04:12", "terbit": "05:29", "dhuha": "05:53", "dzuhur": "11:32", "ashr": "14:55", "magrib": "17:31", "isya": "18:44"}, {"tanggal": "2021-07-29", "imsyak": "04:02", "shubuh": "04:12", "terbit": "05:29", "dhuha": "05:53", "dzuhur": "11:32", "ashr": "14:55", "magrib": "17:31", "isya": "18:44"}, {"tanggal": "2021-07-30", "imsyak": "04:02", "shubuh": "04:12", "terbit": "05:29", "dhuha": "05:53", "dzuhur": "11:32", "ashr": "14:55", "magrib": "17:31", "isya": "18:44"}, {"tanggal": "2021-07-31", "imsyak": "04:02", "shubuh": "04:12", "terbit": "05:29", "dhuha": "05:53", "dzuhur": "11:32", "ashr": "14:55", "magrib": "17:31", "isya": "18:44"}]