[{"tanggal": "2021-06-01", "imsyak": "04:43", "shubuh": "04:53", "terbit": "06:12", "dhuha": "06:36", "dzuhur": "12:23", "ashr": "15:49", "magrib": "18:31", "isya": "19:45"}, {"tanggal": "2021-06-02", "imsyak": "04:43", "shubuh": "04:53", "terbit": "06:12", "dhuha": "06:36", "dzuhur": "12:24", "ashr": "15:49", "magrib": "18:31", "isya": "19:46"}, {"tanggal": "2021-06-03", "imsyak": "04:43", "shubuh": "04:53", "terbit": "06:12", "dhuha": "06:36", "dzuhur": "12:24", "ashr": "15:50", "magrib": "18:31", "isya": "19:46"}, {"tanggal": "2021-06-04", "imsyak": "04:43", "shubuh": "04:53", "terbit": "06:12", "dhuha": "06:36", "dzuhur": "12:24", "ashr": "15:50", "magrib": "18:31", "isya": "19:46"}, {"tanggal": "2021-06-05", "imsyak": "04:43", "shubuh": "04:53", "terbit": "06:13", "dhuha": "06:37", "dzuhur": "12:24", "ashr": "15:50", "magrib": "18:32", "isya": "19:46"}, {"tanggal": "2021-06-06", "imsyak": "04:43", "shubuh": "04:53", "terbit": "06:13", "dhuha": "06:37", "dzuhur": "12:24", "ashr": "15:50", "magrib": "18:32", "isya": "19:47"}, {"tanggal": "2021-06-07", "imsyak": "04:43", "shubuh": "04:53", "terbit": "06:13", "dhuha": "06:37", "dzuhur": "12:24", "ashr": "15:51", "magrib": "18:32", "isya": "19:47"}, {"tanggal": "2021-06-08", "imsyak": "04:43", "shubuh": "04:53", "terbit": "06:13", "dhuha": "06:37", "dzuhur": "12:25", "ashr": "15:51", "magrib": "18:32", "isya": "19:47"}, {"tanggal": "2021-06-09", "imsyak": "04:43", "shubuh": "04:53", "terbit": "06:13", "dhuha": "06:37", "dzuhur": "12:25", "ashr": "15:51", "magrib": "18:32", "isya": "19:48"}, {"tanggal": "2021-06-10", "imsyak": "04:43", "shubuh": "04:53", "terbit": "06:13", "dhuha": "06:37", "dzuhur": "12:25", "ashr": "15:51", "magrib": "18:33", "isya": "19:48"}, {"tanggal": "2021-06-11", "imsyak": "04:44", "shubuh": "04:54", "terbit": "06:14", "dhuha": "06:38", "dzuhur": "12:25", "ashr": "15:52", "magrib": "18:33", "isya": "19:48"}, {"tanggal": "2021-06-12", "imsyak": "04:44", "shubuh": "04:54", "terbit": "06:14", "dhuha": "06:38", "dzuhur": "12:25", "ashr": "15:52", "magrib": "18:33", "isya": "19:48"}, {"tanggal": "2021-06-13", "imsyak": "04:44", "shubuh": "04:54", "terbit": "06:14", "dhuha": "06:38", "dzuhur": "12:26", "ashr": "15:52", "magrib": "18:33", "isya": "19:49"}, {"tanggal": "2021-06-14", "imsyak": "04:44", "shubuh": "04:54", "terbit": "06:14", "dhuha": "06:38", "dzuhur": "12:26", "ashr": "15:52", "magrib": "18:33", "isya": "19:49"}, {"tanggal": "2021-06-15", "imsyak": "04:44", "shubuh": "04:54", "terbit": "06:14", "dhuha": "06:38", "dzuhur": "12:26", "ashr": "15:52", "magrib": "18:34", "isya": "19:49"}, {"tanggal": "2021-06-16", "imsyak": "04:44", "shubuh": "04:54", "terbit": "06:15", "dhuha": "06:39", "dzuhur": "12:26", "ashr": "15:53", "magrib": "18:34", "isya": "19:49"}, {"tanggal": "2021-06-17", "imsyak": "04:44", "shubuh": "04:54", "terbit": "06:15", "dhuha": "06:39", "dzuhur": "12:26", "ashr": "15:53", "magrib": "18:34", "isya": "19:50"}, {"tanggal": "2021-06-18", "imsyak": "04:45", "shubuh": "04:55", "terbit": "06:15", "dhuha": "06:39", "dzuhur": "12:27", "ashr": "15:53", "magrib": "18:34", "isya": "19:50"}, {"tanggal": "2021-06-19", "imsyak": "04:45", "shubuh": "04:55", "terbit": "06:15", "dhuha": "06:39", "dzuhur": "12:27", "ashr": "15:53", "magrib": "18:35", "isya": "19:50"}, {"tanggal": "2021-06-20", "imsyak": "04:45", "shubuh": "04:55", "terbit": "06:15", "dhuha": "06:39", "dzuhur": "12:27", "ashr": "15:54", "magrib": "18:35", "isya": "19:50"}, {"tanggal": "2021-06-21", "imsyak": "04:45", "shubuh": "04:55", "terbit": "06:16", "dhuha": "06:40", "dzuhur": "12:27", "ashr": "15:54", "magrib": "18:35", "isya": "19:50"}, {"tanggal": "2021-06-22", "imsyak": "04:45", "shubuh": "04:55", "terbit": "06:16", "dhuha": "06:40", "dzuhur": "12:28", "ashr": "15:54", "magrib": "18:35", "isya": "19:51"}, {"tanggal": "2021-06-23", "imsyak": "04:46", "shubuh": "04:56", "terbit": "06:16", "dhuha": "06:40", "dzuhur": "12:28", "ashr": "15:54", "magrib": "18:35", "isya": "19:51"}, {"tanggal": "2021-06-24", "imsyak": "04:46", "shubuh": "04:56", "terbit": "06:16", "dhuha": "06:40", "dzuhur": "12:28", "ashr": "15:55", "magrib": "18:36", "isya": "19:51"}, {"tanggal": "2021-06-25", "imsyak": "04:46", "shubuh": "04:56", "terbit": "06:16", "dhuha": "06:40", "dzuhur": "12:28", "ashr": "15:55", "magrib": "18:36", "isya": "19:51"}, {"tanggal": "2021-06-26", "imsyak": "04:46", "shubuh": "04:56", "terbit": "06:17", "dhuha": "06:41", "dzuhur": "12:28", "ashr": "15:55", "magrib": "18:36", "isya": "19:52"}, {"tanggal": "2021-06-27", "imsyak": "04:47", "shubuh": "04:57", "terbit": "06:17", "dhuha": "06:41", "dzuhur": "12:29", "ashr": "15:55", "magrib": "18:36", "isya": "19:52"}, {"tanggal": "2021-06-28", "imsyak": "04:47", "shubuh": "04:57", "terbit": "06:17", "dhuha": "06:41", "dzuhur": "12:29", "ashr": "15:55", "magrib": "18:37", "isya": "19:52"}, {"tanggal": "2021-06-29", "imsyak": "04:47", "shubuh": "04:57", "terbit": "06:17", "dhuha": "06:41", "dzuhur": "12:29", "ashr": "15:56", "magrib": "18:37", "isya": "19:52"}, {"tanggal": "2021-06-30", "imsyak": "04:47", "shubuh": "04:57", "terbit": "06:18", "dhuha": "06:42", "dzuhur": "12:29", "ashr": "15:56", "magrib": "18:37", "isya": "19:52"}]