[{"tanggal": "2021-07-01", "imsyak": "04:48", "shubuh": "04:58", "terbit": "06:18", "dhuha": "06:42", "dzuhur": "12:29", "ashr": "15:56", "magrib": "18:37", "isya": "19:52"}, {"tanggal": "2021-07-02", "imsyak": "04:48", "shubuh": "04:58", "terbit": "06:18", "dhuha": "06:42", "dzuhur": "12:30", "ashr": "15:56", "magrib": "18:37", "isya": "19:52"}, {"tanggal": "2021-07-03", "imsyak": "04:48", "shubuh": "04:58", "terbit": "06:18", "dhuha": "06:42", "dzuhur": "12:30", "ashr": "15:56", "magrib": "18:37", "isya": "19:53"}, {"tanggal": "2021-07-04", "imsyak": "04:48", "shubuh": "04:58", "terbit": "06:18", "dhuha": "06:42", "dzuhur": "12:30", "ashr": "15:56", "magrib": "18:38", "isya": "19:53"}, {"tanggal": "2021-07-05", "imsyak": "04:49", "shubuh": "04:59", "terbit": "06:19", "dhuha": "06:43", "dzuhur": "12:30", "ashr": "15:56", "magrib": "18:38", "isya": "19:53"}, {"tanggal": "2021-07-06", "imsyak": "04:49", "shubuh": "04:59", "terbit": "06:19", "dhuha": "06:43", "dzuhur": "12:30", "ashr": "15:57", "magrib": "18:38", "isya": "19:53"}, {"tanggal": "2021-07-07", "imsyak": "04:49", "shubuh": "04:59", "terbit": "06:19", "dhuha": "06:43", "dzuhur": "12:31", "ashr": "15:57", "magrib": "18:38", "isya": "19:53"}, {"tanggal": "2021-07-08", "imsyak": "04:49", "shubuh": "04:59", "terbit": "06:19", "dhuha": "06:43", "dzuhur": "12:31", "ashr": "15:57", "magrib": "18:38", "isya": "19:53"}, {"tanggal": "2021-07-09", "imsyak": "04:50", "shubuh": "05:00", "terbit": "06:19", "dhuha": "06:43", "dzuhur": "12:31", "ashr": "15:57", "magrib": "18:38", "isya": "19:53"}, {"tanggal": "2021-07-10", "imsyak": "04:50", "shubuh": "05:00", "terbit": "06:20", "dhuha": "06:44", "dzuhur": "12:31", "ashr": "15:57", "magrib": "18:38", "isya": "19:53"}, {"tanggal": "2021-07-11", "imsyak": "04:50", "shubuh": "05:00", "terbit": "06:20", "dhuha": "06:44", "dzuhur": "12:31", "ashr": "15:57", "magrib": "18:39", "isya": "19:53"}, {"tanggal": "2021-07-12", "imsyak": "04:50", "shubuh": "05:00", "terbit": "06:20", "dhuha": "06:44", "dzuhur": "12:31", "ashr": "15:57", "magrib": "18:39", "isya": "19:53"}, {"tanggal": "2021-07-13", "imsyak": "04:51", "shubuh": "05:01", "terbit": "06:20", "dhuha": "06:44", "dzuhur": "12:31", "ashr": "15:57", "magrib": "18:39", "isya": "19:53"}, {"tanggal": "2021-07-14", "imsyak": "04:51", "shubuh": "05:01", "terbit": "06:20", "dhuha": "06:44", "dzuhur": "12:32", "ashr": "15:57", "magrib": "18:39", "isya": "19:53"}, {"tanggal": "2021-07-15", "imsyak": "04:51", "shubuh": "05:01", "terbit": "06:20", "dhuha": "06:44", "dzuhur": "12:32", "ashr": "15:57", "magrib": "18:39", "isya": "19:53"}, {"tanggal": "2021-07-16", "imsyak": "04:51", "shubuh": "05:01", "terbit": "06:20", "dhuha": "06:44", "dzuhur": "12:32", "ashr": "15:57", "magrib": "18:39", "isya": "19:53"}, {"tanggal": "2021-07-17", "imsyak": "04:52", "shubuh": "05:02", "terbit": "06:21", "dhuha": "06:45", "dzuhur": "12:32", "ashr": "15:57", "magrib": "18:39", "isya": "19:53"}, {"tanggal": "2021-07-18", "imsyak": "04:52", "shubuh": "05:02", "terbit": "06:21", "dhuha": "06:45", "dzuhur": "12:32", "ashr": "15:57", "magrib": "18:39", "isya": "19:53"}, {"tanggal": "2021-07-19", "imsyak": "04:52", "shubuh": "05:02", "terbit": "06:21", "dhuha": "06:45", "dzuhur": "12:32", "ashr": "15:57", "magrib": "18:39", "isya": "19:53"}, {"tanggal": "2021-07-20", "imsyak": "04:52", "shubuh": "05:02", "terbit": "06:21", "dhuha": "06:45", "dzuhur": "12:32", "ashr": "15:57", "magrib": "18:39", "isya": "19:53"}, {"tanggal": "2021-07-21", "imsyak": "04:52", "shubuh": "05:02", "terbit": "06:21", "dhuha": "06:45", "dzuhur": "12:32", "ashr": "15:57", "magrib": "18:39", "isya": "19:53"}, {"tanggal": "2021-07-22", "imsyak": "04:53", "shubuh": "05:03", "terbit": "06:21", "dhuha": "06:45", "dzuhur": "12:32", "ashr": "15:57", "magrib": "18:39", "isya": "19:53"}, {"tanggal": "2021-07-23", "imsyak": "04:53", "shubuh": "05:03", "terbit": "06:21", "dhuha": "06:45", "dzuhur": "12:32", "ashr": "15:57", "magrib": "18:39", "isya": "19:53"}, {"tanggal": "2021-07-24", "imsyak": "04:53", "shubuh": "05:03", "terbit": "06:21", "dhuha": "06:45", "dzuhur": "12:32", "ashr": "15:57", "magrib": "18:39", "isya": "19:53"}, {"tanggal": "2021-07-25", "imsyak": "04:53", "shubuh": "05:03", "terbit": "06:21", "dhuha": "06:45", "dzuhur": "12:32", "ashr": "15:56", "magrib": "18:39", "isya": "19:53"}, {"tanggal": "2021-07-26", "imsyak": "04:53", "shubuh": "05:03", "terbit": "06:21", "dhuha": "06:45", "dzuhur": "12:32", "ashr": "15:56", "magrib": "18:39", "isya": "19:52"}, {"tanggal": "2021-07-27", "imsyak": "04:54", "shubuh": "05:04", "terbit": "06:21", "dhuha": "06:45", "dzuhur": "12:32", "ashr": "15:56", "magrib": "18:39", "isya": "19:52"}, {"tanggal": "2021-07-28", "imsyak": "04:54", "shubuh": "05:04", "terbit": "06:22", "dhuha": "06:46", "dzuhur": "12:32", "ashr": "15:56", "magrib": "18:39", "isya": "19:52"}, {"tanggal": "2021-07-29", "imsyak": "04:54", "shubuh": "05:04", "terbit": "06:22", "dhuha": "06:46", "dzuhur": "12:32", "ashr": "15:56", "magrib": "18:39", "isya": "19:52"}, {"tanggal": "2021-07-30", "imsyak": "04:54", "shubuh": "05:04", "terbit": "06:22", "dhuha": "06:46", "dzuhur": "12:32", "ashr": "15:55", "magrib": "18:39", "isya": "19:52"}, {"tanggal": "2021-07-31", "imsyak": "04:54", "shubuh": "05:04", "terbit": "06:22", "dhuha": "06:46", "dzuhur": "12:32", "ashr": "15:55", "magrib": "18:39", "isya": "19:52"}]