[{"tanggal": "2021-10-01", "imsyak": "04:46", "shubuh": "04:56", "terbit": "06:09", "dhuha": "06:33", "dzuhur": "12:16", "ashr": "15:25", "magrib": "18:19", "isya": "19:27"}, {"tanggal": "2021-10-02", "imsyak": "04:46", "shubuh": "04:56", "terbit": "06:09", "dhuha": "06:33", "dzuhur": "12:15", "ashr": "15:25", "magrib": "18:18", "isya": "19:27"}, {"tanggal": "2021-10-03", "imsyak": "04:46", "shubuh": "04:56", "terbit": "06:08", "dhuha": "06:32", "dzuhur": "12:15", "ashr": "15:25", "magrib": "18:18", "isya": "19:27"}, {"tanggal": "2021-10-04", "imsyak": "04:45", "shubuh": "04:55", "terbit": "06:08", "dhuha": "06:32", "dzuhur": "12:15", "ashr": "15:25", "magrib": "18:17", "isya": "19:26"}, {"tanggal": "2021-10-05", "imsyak": "04:45", "shubuh": "04:55", "terbit": "06:08", "dhuha": "06:32", "dzuhur": "12:15", "ashr": "15:25", "magrib": "18:17", "isya": "19:26"}, {"tanggal": "2021-10-06", "imsyak": "04:45", "shubuh": "04:55", "terbit": "06:08", "dhuha": "06:32", "dzuhur": "12:14", "ashr": "15:26", "magrib": "18:17", "isya": "19:26"}, {"tanggal": "2021-10-07", "imsyak": "04:44", "shubuh": "04:54", "terbit": "06:07", "dhuha": "06:31", "dzuhur": "12:14", "ashr": "15:26", "magrib": "18:16", "isya": "19:25"}, {"tanggal": "2021-10-08", "imsyak": "04:44", "shubuh": "04:54", "terbit": "06:07", "dhuha": "06:31", "dzuhur": "12:14", "ashr": "15:26", "magrib": "18:16", "isya": "19:25"}, {"tanggal": "2021-10-09", "imsyak": "04:44", "shubuh": "04:54", "terbit": "06:07", "dhuha": "06:31", "dzuhur": "12:13", "ashr": "15:26", "magrib": "18:16", "isya": "19:25"}, {"tanggal": "2021-10-10", "imsyak": "04:44", "shubuh": "04:54", "terbit": "06:07", "dhuha": "06:31", "dzuhur": "12:13", "ashr": "15:26", "magrib": "18:15", "isya": "19:24"}, {"tanggal": "2021-10-11", "imsyak": "04:43", "shubuh": "04:53", "terbit": "06:07", "dhuha": "06:31", "dzuhur": "12:13", "ashr": "15:27", "magrib": "18:15", "isya": "19:24"}, {"tanggal": "2021-10-12", "imsyak": "04:43", "shubuh": "04:53", "terbit": "06:06", "dhuha": "06:30", "dzuhur": "12:13", "ashr": "15:27", "magrib": "18:15", "isya": "19:24"}, {"tanggal": "2021-10-13", "imsyak": "04:43", "shubuh": "04:53", "terbit": "06:06", "dhuha": "06:30", "dzuhur": "12:12", "ashr": "15:27", "magrib": "18:14", "isya": "19:24"}, {"tanggal": "2021-10-14", "imsyak": "04:43", "shubuh": "04:53", "terbit": "06:06", "dhuha": "06:30", "dzuhur": "12:12", "ashr": "15:27", "magrib": "18:14", "isya": "19:23"}, {"tanggal": "2021-10-15", "imsyak": "04:42", "shubuh": "04:52", "terbit": "06:06", "dhuha": "06:30", "dzuhur": "12:12", "ashr": "15:27", "magrib": "18:14", "isya": "19:23"}, {"tanggal": "2021-10-16", "imsyak": "04:42", "shubuh": "04:52", "terbit": "06:06", "dhuha": "06:30", "dzuhur": "12:12", "ashr": "15:27", "magrib": "18:13", "isya": "19:23"}, {"tanggal": "2021-10-17", "imsyak": "04:42", "shubuh": "04:52", "terbit": "06:05", "dhuha": "06:29", "dzuhur": "12:11", "ashr": "15:28", "magrib": "18:13", "isya": "19:23"}, {"tanggal": "2021-10-18", "imsyak": "04:42", "shubuh": "04:52", "terbit": "06:05", "dhuha": "06:29", "dzuhur": "12:11", "ashr": "15:28", "magrib": "18:13", "isya": "19:23"}, {"tanggal": "2021-10-19", "imsyak": "04:41", "shubuh": "04:51", "terbit": "06:05", "dhuha": "06:29", "dzuhur": "12:11", "ashr": "15:28", "magrib": "18:13", "isya": "19:22"}, {"tanggal": "2021-10-20", "imsyak": "04:41", "shubuh": "04:51", "terbit": "06:05", "dhuha": "06:29", "dzuhur": "12:11", "ashr": "15:28", "magrib": "18:12", "isya": "19:22"}, {"tanggal": "2021-10-21", "imsyak": "04:41", "shubuh": "04:51", "terbit": "06:05", "dhuha": "06:29", "dzuhur": "12:11", "ashr": "15:28", "magrib": "18:12", "isya": "19:22"}, {"tanggal": "2021-10-22", "imsyak": "04:41", "shubuh": "04:51", "terbit": "06:05", "dhuha": "06:29", "dzuhur": "12:10", "ashr": "15:28", "magrib": "18:12", "isya": "19:22"}, {"tanggal": "2021-10-23", "imsyak": "04:41", "shubuh": "04:51", "terbit": "06:05", "dhuha": "06:29", "dzuhur": "12:10", "ashr": "15:28", "magrib": "18:12", "isya": "19:22"}, {"tanggal": "2021-10-24", "imsyak": "04:40", "shubuh": "04:50", "terbit": "06:05", "dhuha": "06:29", "dzuhur": "12:10", "ashr": "15:29", "magrib": "18:12", "isya": "19:22"}, {"tanggal": "2021-10-25", "imsyak": "04:40", "shubuh": "04:50", "terbit": "06:05", "dhuha": "06:29", "dzuhur": "12:10", "ashr": "15:29", "magrib": "18:11", "isya": "19:22"}, {"tanggal": "2021-10-26", "imsyak": "04:40", "shubuh": "04:50", "terbit": "06:04", "dhuha": "06:28", "dzuhur": "12:10", "ashr": "15:29", "magrib": "18:11", "isya": "19:21"}, {"tanggal": "2021-10-27", "imsyak": "04:40", "shubuh": "04:50", "terbit": "06:04", "dhuha": "06:28", "dzuhur": "12:10", "ashr": "15:29", "magrib": "18:11", "isya": "19:21"}, {"tanggal": "2021-10-28", "imsyak": "04:40", "shubuh": "04:50", "terbit": "06:04", "dhuha": "06:28", "dzuhur": "12:10", "ashr": "15:29", "magrib": "18:11", "isya": "19:21"}, {"tanggal": "2021-10-29", "imsyak": "04:40", "shubuh": "04:50", "terbit": "06:04", "dhuha": "06:28", "dzuhur": "12:10", "ashr": "15:29", "magrib": "18:11", "isya": "19:21"}, {"tanggal": "2021-10-30", "imsyak": "04:39", "shubuh": "04:49", "terbit": "06:04", "dhuha": "06:28", "dzuhur": "12:09", "ashr": "15:30", "magrib": "18:11", "isya": "19:21"}, {"tanggal": "2021-10-31", "imsyak": "04:39", "shubuh": "04:49", "terbit": "06:04", "dhuha": "06:28", "dzuhur": "12:09", "ashr": "15:30", "magrib": "18:11", "isya": "19:21"}]