[{"imsyak": "04:39", "shubuh": "04:49", "dzuhur": "12:09", "tanggal": "2019-11-01", "terbit": "06:04", "magrib": "18:10", "isya": "19:21", "dhuha": "06:28", "ashr": "15:30"}, {"imsyak": "04:39", "shubuh": "04:49", "dzuhur": "12:09", "tanggal": "2019-11-02", "terbit": "06:04", "magrib": "18:10", "isya": "19:21", "dhuha": "06:28", "ashr": "15:30"}, {"imsyak": "04:39", "shubuh": "04:49", "dzuhur": "12:09", "tanggal": "2019-11-03", "terbit": "06:04", "magrib": "18:10", "isya": "19:21", "dhuha": "06:28", "ashr": "15:30"}, {"imsyak": "04:39", "shubuh": "04:49", "dzuhur": "12:09", "tanggal": "2019-11-04", "terbit": "06:04", "magrib": "18:10", "isya": "19:21", "dhuha": "06:28", "ashr": "15:30"}, {"imsyak": "04:39", "shubuh": "04:49", "dzuhur": "12:09", "tanggal": "2019-11-05", "terbit": "06:04", "magrib": "18:10", "isya": "19:21", "dhuha": "06:28", "ashr": "15:31"}, {"imsyak": "04:39", "shubuh": "04:49", "dzuhur": "12:09", "tanggal": "2019-11-06", "terbit": "06:04", "magrib": "18:10", "isya": "19:22", "dhuha": "06:28", "ashr": "15:31"}, {"imsyak": "04:39", "shubuh": "04:49", "dzuhur": "12:09", "tanggal": "2019-11-07", "terbit": "06:05", "magrib": "18:10", "isya": "19:22", "dhuha": "06:29", "ashr": "15:31"}, {"imsyak": "04:39", "shubuh": "04:49", "dzuhur": "12:09", "tanggal": "2019-11-08", "terbit": "06:05", "magrib": "18:10", "isya": "19:22", "dhuha": "06:29", "ashr": "15:31"}, {"imsyak": "04:39", "shubuh": "04:49", "dzuhur": "12:09", "tanggal": "2019-11-09", "terbit": "06:05", "magrib": "18:10", "isya": "19:22", "dhuha": "06:29", "ashr": "15:32"}, {"imsyak": "04:39", "shubuh": "04:49", "dzuhur": "12:10", "tanggal": "2019-11-10", "terbit": "06:05", "magrib": "18:10", "isya": "19:22", "dhuha": "06:29", "ashr": "15:32"}, {"imsyak": "04:39", "shubuh": "04:49", "dzuhur": "12:10", "tanggal": "2019-11-11", "terbit": "06:05", "magrib": "18:10", "isya": "19:22", "dhuha": "06:29", "ashr": "15:32"}, {"imsyak": "04:39", "shubuh": "04:49", "dzuhur": "12:10", "tanggal": "2019-11-12", "terbit": "06:05", "magrib": "18:10", "isya": "19:22", "dhuha": "06:29", "ashr": "15:32"}, {"imsyak": "04:39", "shubuh": "04:49", "dzuhur": "12:10", "tanggal": "2019-11-13", "terbit": "06:05", "magrib": "18:10", "isya": "19:23", "dhuha": "06:29", "ashr": "15:32"}, {"imsyak": "04:39", "shubuh": "04:49", "dzuhur": "12:10", "tanggal": "2019-11-14", "terbit": "06:05", "magrib": "18:11", "isya": "19:23", "dhuha": "06:29", "ashr": "15:33"}, {"imsyak": "04:39", "shubuh": "04:49", "dzuhur": "12:10", "tanggal": "2019-11-15", "terbit": "06:06", "magrib": "18:11", "isya": "19:23", "dhuha": "06:30", "ashr": "15:33"}, {"imsyak": "04:39", "shubuh": "04:49", "dzuhur": "12:10", "tanggal": "2019-11-16", "terbit": "06:06", "magrib": "18:11", "isya": "19:23", "dhuha": "06:30", "ashr": "15:33"}, {"imsyak": "04:39", "shubuh": "04:49", "dzuhur": "12:10", "tanggal": "2019-11-17", "terbit": "06:06", "magrib": "18:11", "isya": "19:23", "dhuha": "06:30", "ashr": "15:34"}, {"imsyak": "04:39", "shubuh": "04:49", "dzuhur": "12:11", "tanggal": "2019-11-18", "terbit": "06:06", "magrib": "18:11", "isya": "19:24", "dhuha": "06:30", "ashr": "15:34"}, {"imsyak": "04:39", "shubuh": "04:49", "dzuhur": "12:11", "tanggal": "2019-11-19", "terbit": "06:07", "magrib": "18:11", "isya": "19:24", "dhuha": "06:31", "ashr": "15:34"}, {"imsyak": "04:39", "shubuh": "04:49", "dzuhur": "12:11", "tanggal": "2019-11-20", "terbit": "06:07", "magrib": "18:11", "isya": "19:24", "dhuha": "06:31", "ashr": "15:34"}, {"imsyak": "04:40", "shubuh": "04:50", "dzuhur": "12:11", "tanggal": "2019-11-21", "terbit": "06:07", "magrib": "18:12", "isya": "19:25", "dhuha": "06:31", "ashr": "15:35"}, {"imsyak": "04:40", "shubuh": "04:50", "dzuhur": "12:12", "tanggal": "2019-11-22", "terbit": "06:07", "magrib": "18:12", "isya": "19:25", "dhuha": "06:31", "ashr": "15:35"}, {"imsyak": "04:40", "shubuh": "04:50", "dzuhur": "12:12", "tanggal": "2019-11-23", "terbit": "06:08", "magrib": "18:12", "isya": "19:25", "dhuha": "06:32", "ashr": "15:35"}, {"imsyak": "04:40", "shubuh": "04:50", "dzuhur": "12:12", "tanggal": "2019-11-24", "terbit": "06:08", "magrib": "18:12", "isya": "19:26", "dhuha": "06:32", "ashr": "15:36"}, {"imsyak": "04:40", "shubuh": "04:50", "dzuhur": "12:12", "tanggal": "2019-11-25", "terbit": "06:08", "magrib": "18:13", "isya": "19:26", "dhuha": "06:32", "ashr": "15:36"}, {"imsyak": "04:41", "shubuh": "04:51", "dzuhur": "12:13", "tanggal": "2019-11-26", "terbit": "06:09", "magrib": "18:13", "isya": "19:26", "dhuha": "06:33", "ashr": "15:37"}, {"imsyak": "04:41", "shubuh": "04:51", "dzuhur": "12:13", "tanggal": "2019-11-27", "terbit": "06:09", "magrib": "18:13", "isya": "19:27", "dhuha": "06:33", "ashr": "15:37"}, {"imsyak": "04:41", "shubuh": "04:51", "dzuhur": "12:13", "tanggal": "2019-11-28", "terbit": "06:09", "magrib": "18:13", "isya": "19:27", "dhuha": "06:33", "ashr": "15:37"}, {"imsyak": "04:41", "shubuh": "04:51", "dzuhur": "12:14", "tanggal": "2019-11-29", "terbit": "06:10", "magrib": "18:14", "isya": "19:27", "dhuha": "06:34", "ashr": "15:38"}, {"imsyak": "04:42", "shubuh": "04:52", "dzuhur": "12:14", "tanggal": "2019-11-30", "terbit": "06:10", "magrib": "18:14", "isya": "19:28", "dhuha": "06:34", "ashr": "15:38"}]