[{"imsyak": "04:42", "shubuh": "04:52", "dzuhur": "12:14", "tanggal": "2019-12-01", "terbit": "06:10", "magrib": "18:14", "isya": "19:28", "dhuha": "06:34", "ashr": "15:38"}, {"imsyak": "04:42", "shubuh": "04:52", "dzuhur": "12:15", "tanggal": "2019-12-02", "terbit": "06:11", "magrib": "18:15", "isya": "19:29", "dhuha": "06:35", "ashr": "15:39"}, {"imsyak": "04:42", "shubuh": "04:52", "dzuhur": "12:15", "tanggal": "2019-12-03", "terbit": "06:11", "magrib": "18:15", "isya": "19:29", "dhuha": "06:35", "ashr": "15:39"}, {"imsyak": "04:43", "shubuh": "04:53", "dzuhur": "12:15", "tanggal": "2019-12-04", "terbit": "06:12", "magrib": "18:15", "isya": "19:30", "dhuha": "06:36", "ashr": "15:40"}, {"imsyak": "04:43", "shubuh": "04:53", "dzuhur": "12:16", "tanggal": "2019-12-05", "terbit": "06:12", "magrib": "18:16", "isya": "19:30", "dhuha": "06:36", "ashr": "15:40"}, {"imsyak": "04:43", "shubuh": "04:53", "dzuhur": "12:16", "tanggal": "2019-12-06", "terbit": "06:12", "magrib": "18:16", "isya": "19:31", "dhuha": "06:36", "ashr": "15:41"}, {"imsyak": "04:44", "shubuh": "04:54", "dzuhur": "12:17", "tanggal": "2019-12-07", "terbit": "06:13", "magrib": "18:17", "isya": "19:31", "dhuha": "06:37", "ashr": "15:41"}, {"imsyak": "04:44", "shubuh": "04:54", "dzuhur": "12:17", "tanggal": "2019-12-08", "terbit": "06:13", "magrib": "18:17", "isya": "19:31", "dhuha": "06:37", "ashr": "15:42"}, {"imsyak": "04:45", "shubuh": "04:55", "dzuhur": "12:18", "tanggal": "2019-12-09", "terbit": "06:14", "magrib": "18:17", "isya": "19:32", "dhuha": "06:38", "ashr": "15:42"}, {"imsyak": "04:45", "shubuh": "04:55", "dzuhur": "12:18", "tanggal": "2019-12-10", "terbit": "06:14", "magrib": "18:18", "isya": "19:32", "dhuha": "06:38", "ashr": "15:42"}, {"imsyak": "04:45", "shubuh": "04:55", "dzuhur": "12:18", "tanggal": "2019-12-11", "terbit": "06:15", "magrib": "18:18", "isya": "19:33", "dhuha": "06:39", "ashr": "15:43"}, {"imsyak": "04:46", "shubuh": "04:56", "dzuhur": "12:19", "tanggal": "2019-12-12", "terbit": "06:15", "magrib": "18:19", "isya": "19:33", "dhuha": "06:39", "ashr": "15:43"}, {"imsyak": "04:46", "shubuh": "04:56", "dzuhur": "12:19", "tanggal": "2019-12-13", "terbit": "06:16", "magrib": "18:19", "isya": "19:34", "dhuha": "06:40", "ashr": "15:44"}, {"imsyak": "04:47", "shubuh": "04:57", "dzuhur": "12:20", "tanggal": "2019-12-14", "terbit": "06:16", "magrib": "18:20", "isya": "19:34", "dhuha": "06:40", "ashr": "15:44"}, {"imsyak": "04:47", "shubuh": "04:57", "dzuhur": "12:20", "tanggal": "2019-12-15", "terbit": "06:17", "magrib": "18:20", "isya": "19:35", "dhuha": "06:41", "ashr": "15:45"}, {"imsyak": "04:47", "shubuh": "04:57", "dzuhur": "12:21", "tanggal": "2019-12-16", "terbit": "06:17", "magrib": "18:21", "isya": "19:35", "dhuha": "06:41", "ashr": "15:45"}, {"imsyak": "04:48", "shubuh": "04:58", "dzuhur": "12:21", "tanggal": "2019-12-17", "terbit": "06:18", "magrib": "18:21", "isya": "19:36", "dhuha": "06:42", "ashr": "15:46"}, {"imsyak": "04:48", "shubuh": "04:58", "dzuhur": "12:22", "tanggal": "2019-12-18", "terbit": "06:18", "magrib": "18:21", "isya": "19:36", "dhuha": "06:42", "ashr": "15:46"}, {"imsyak": "04:49", "shubuh": "04:59", "dzuhur": "12:22", "tanggal": "2019-12-19", "terbit": "06:19", "magrib": "18:22", "isya": "19:37", "dhuha": "06:43", "ashr": "15:47"}, {"imsyak": "04:49", "shubuh": "04:59", "dzuhur": "12:23", "tanggal": "2019-12-20", "terbit": "06:19", "magrib": "18:22", "isya": "19:37", "dhuha": "06:43", "ashr": "15:47"}, {"imsyak": "04:50", "shubuh": "05:00", "dzuhur": "12:23", "tanggal": "2019-12-21", "terbit": "06:20", "magrib": "18:23", "isya": "19:38", "dhuha": "06:44", "ashr": "15:48"}, {"imsyak": "04:50", "shubuh": "05:00", "dzuhur": "12:24", "tanggal": "2019-12-22", "terbit": "06:20", "magrib": "18:23", "isya": "19:38", "dhuha": "06:44", "ashr": "15:48"}, {"imsyak": "04:51", "shubuh": "05:01", "dzuhur": "12:24", "tanggal": "2019-12-23", "terbit": "06:21", "magrib": "18:24", "isya": "19:39", "dhuha": "06:45", "ashr": "15:49"}, {"imsyak": "04:51", "shubuh": "05:01", "dzuhur": "12:25", "tanggal": "2019-12-24", "terbit": "06:21", "magrib": "18:24", "isya": "19:39", "dhuha": "06:45", "ashr": "15:49"}, {"imsyak": "04:52", "shubuh": "05:02", "dzuhur": "12:25", "tanggal": "2019-12-25", "terbit": "06:22", "magrib": "18:25", "isya": "19:40", "dhuha": "06:46", "ashr": "15:50"}, {"imsyak": "04:52", "shubuh": "05:02", "dzuhur": "12:26", "tanggal": "2019-12-26", "terbit": "06:22", "magrib": "18:25", "isya": "19:40", "dhuha": "06:46", "ashr": "15:50"}, {"imsyak": "04:53", "shubuh": "05:03", "dzuhur": "12:26", "tanggal": "2019-12-27", "terbit": "06:23", "magrib": "18:26", "isya": "19:41", "dhuha": "06:47", "ashr": "15:51"}, {"imsyak": "04:53", "shubuh": "05:03", "dzuhur": "12:27", "tanggal": "2019-12-28", "terbit": "06:23", "magrib": "18:26", "isya": "19:41", "dhuha": "06:47", "ashr": "15:51"}, {"imsyak": "04:54", "shubuh": "05:04", "dzuhur": "12:27", "tanggal": "2019-12-29", "terbit": "06:23", "magrib": "18:27", "isya": "19:42", "dhuha": "06:47", "ashr": "15:52"}, {"imsyak": "04:54", "shubuh": "05:04", "dzuhur": "12:28", "tanggal": "2019-12-30", "terbit": "06:24", "magrib": "18:27", "isya": "19:42", "dhuha": "06:48", "ashr": "15:52"}, {"imsyak": "04:55", "shubuh": "05:05", "dzuhur": "12:28", "tanggal": "2019-12-31", "terbit": "06:24", "magrib": "18:28", "isya": "19:43", "dhuha": "06:48", "ashr": "15:53"}]