[{"tanggal": "2021-04-01", "imsyak": "04:49", "shubuh": "04:59", "terbit": "06:12", "dhuha": "06:36", "dzuhur": "12:19", "ashr": "15:28", "magrib": "18:22", "isya": "19:31"}, {"tanggal": "2021-04-02", "imsyak": "04:49", "shubuh": "04:59", "terbit": "06:12", "dhuha": "06:36", "dzuhur": "12:19", "ashr": "15:28", "magrib": "18:21", "isya": "19:30"}, {"tanggal": "2021-04-03", "imsyak": "04:49", "shubuh": "04:59", "terbit": "06:11", "dhuha": "06:35", "dzuhur": "12:18", "ashr": "15:29", "magrib": "18:21", "isya": "19:30"}, {"tanggal": "2021-04-04", "imsyak": "04:48", "shubuh": "04:58", "terbit": "06:11", "dhuha": "06:35", "dzuhur": "12:18", "ashr": "15:29", "magrib": "18:21", "isya": "19:30"}, {"tanggal": "2021-04-05", "imsyak": "04:48", "shubuh": "04:58", "terbit": "06:11", "dhuha": "06:35", "dzuhur": "12:18", "ashr": "15:29", "magrib": "18:20", "isya": "19:30"}, {"tanggal": "2021-04-06", "imsyak": "04:48", "shubuh": "04:58", "terbit": "06:11", "dhuha": "06:35", "dzuhur": "12:17", "ashr": "15:29", "magrib": "18:20", "isya": "19:29"}, {"tanggal": "2021-04-07", "imsyak": "04:47", "shubuh": "04:57", "terbit": "06:10", "dhuha": "06:34", "dzuhur": "12:17", "ashr": "15:30", "magrib": "18:20", "isya": "19:29"}, {"tanggal": "2021-04-08", "imsyak": "04:47", "shubuh": "04:57", "terbit": "06:10", "dhuha": "06:34", "dzuhur": "12:17", "ashr": "15:30", "magrib": "18:20", "isya": "19:29"}, {"tanggal": "2021-04-09", "imsyak": "04:47", "shubuh": "04:57", "terbit": "06:10", "dhuha": "06:34", "dzuhur": "12:17", "ashr": "15:30", "magrib": "18:19", "isya": "19:28"}, {"tanggal": "2021-04-10", "imsyak": "04:46", "shubuh": "04:56", "terbit": "06:10", "dhuha": "06:34", "dzuhur": "12:16", "ashr": "15:30", "magrib": "18:19", "isya": "19:28"}, {"tanggal": "2021-04-11", "imsyak": "04:46", "shubuh": "04:56", "terbit": "06:09", "dhuha": "06:33", "dzuhur": "12:16", "ashr": "15:30", "magrib": "18:19", "isya": "19:28"}, {"tanggal": "2021-04-12", "imsyak": "04:46", "shubuh": "04:56", "terbit": "06:09", "dhuha": "06:33", "dzuhur": "12:16", "ashr": "15:30", "magrib": "18:18", "isya": "19:28"}, {"tanggal": "2021-04-13", "imsyak": "04:45", "shubuh": "04:55", "terbit": "06:09", "dhuha": "06:33", "dzuhur": "12:16", "ashr": "15:31", "magrib": "18:18", "isya": "19:28"}, {"tanggal": "2021-04-14", "imsyak": "04:45", "shubuh": "04:55", "terbit": "06:09", "dhuha": "06:33", "dzuhur": "12:15", "ashr": "15:31", "magrib": "18:18", "isya": "19:27"}, {"tanggal": "2021-04-15", "imsyak": "04:45", "shubuh": "04:55", "terbit": "06:09", "dhuha": "06:33", "dzuhur": "12:15", "ashr": "15:31", "magrib": "18:17", "isya": "19:27"}, {"tanggal": "2021-04-16", "imsyak": "04:45", "shubuh": "04:55", "terbit": "06:08", "dhuha": "06:32", "dzuhur": "12:15", "ashr": "15:31", "magrib": "18:17", "isya": "19:27"}, {"tanggal": "2021-04-17", "imsyak": "04:44", "shubuh": "04:54", "terbit": "06:08", "dhuha": "06:32", "dzuhur": "12:15", "ashr": "15:31", "magrib": "18:17", "isya": "19:27"}, {"tanggal": "2021-04-18", "imsyak": "04:44", "shubuh": "04:54", "terbit": "06:08", "dhuha": "06:32", "dzuhur": "12:14", "ashr": "15:31", "magrib": "18:17", "isya": "19:27"}, {"tanggal": "2021-04-19", "imsyak": "04:44", "shubuh": "04:54", "terbit": "06:08", "dhuha": "06:32", "dzuhur": "12:14", "ashr": "15:31", "magrib": "18:16", "isya": "19:26"}, {"tanggal": "2021-04-20", "imsyak": "04:43", "shubuh": "04:53", "terbit": "06:08", "dhuha": "06:32", "dzuhur": "12:14", "ashr": "15:31", "magrib": "18:16", "isya": "19:26"}, {"tanggal": "2021-04-21", "imsyak": "04:43", "shubuh": "04:53", "terbit": "06:07", "dhuha": "06:31", "dzuhur": "12:14", "ashr": "15:32", "magrib": "18:16", "isya": "19:26"}, {"tanggal": "2021-04-22", "imsyak": "04:43", "shubuh": "04:53", "terbit": "06:07", "dhuha": "06:31", "dzuhur": "12:13", "ashr": "15:32", "magrib": "18:16", "isya": "19:26"}, {"tanggal": "2021-04-23", "imsyak": "04:43", "shubuh": "04:53", "terbit": "06:07", "dhuha": "06:31", "dzuhur": "12:13", "ashr": "15:32", "magrib": "18:15", "isya": "19:26"}, {"tanggal": "2021-04-24", "imsyak": "04:42", "shubuh": "04:52", "terbit": "06:07", "dhuha": "06:31", "dzuhur": "12:13", "ashr": "15:32", "magrib": "18:15", "isya": "19:26"}, {"tanggal": "2021-04-25", "imsyak": "04:42", "shubuh": "04:52", "terbit": "06:07", "dhuha": "06:31", "dzuhur": "12:13", "ashr": "15:32", "magrib": "18:15", "isya": "19:26"}, {"tanggal": "2021-04-26", "imsyak": "04:42", "shubuh": "04:52", "terbit": "06:07", "dhuha": "06:31", "dzuhur": "12:13", "ashr": "15:32", "magrib": "18:15", "isya": "19:25"}, {"tanggal": "2021-04-27", "imsyak": "04:42", "shubuh": "04:52", "terbit": "06:06", "dhuha": "06:30", "dzuhur": "12:13", "ashr": "15:32", "magrib": "18:15", "isya": "19:25"}, {"tanggal": "2021-04-28", "imsyak": "04:41", "shubuh": "04:51", "terbit": "06:06", "dhuha": "06:30", "dzuhur": "12:12", "ashr": "15:32", "magrib": "18:14", "isya": "19:25"}, {"tanggal": "2021-04-29", "imsyak": "04:41", "shubuh": "04:51", "terbit": "06:06", "dhuha": "06:30", "dzuhur": "12:12", "ashr": "15:32", "magrib": "18:14", "isya": "19:25"}, {"tanggal": "2021-04-30", "imsyak": "04:41", "shubuh": "04:51", "terbit": "06:06", "dhuha": "06:30", "dzuhur": "12:12", "ashr": "15:33", "magrib": "18:14", "isya": "19:25"}]