[{"tanggal": "2021-05-01", "imsyak": "04:41", "shubuh": "04:51", "terbit": "06:06", "dhuha": "06:30", "dzuhur": "12:12", "ashr": "15:33", "magrib": "18:14", "isya": "19:25"}, {"tanggal": "2021-05-02", "imsyak": "04:40", "shubuh": "04:50", "terbit": "06:06", "dhuha": "06:30", "dzuhur": "12:12", "ashr": "15:33", "magrib": "18:14", "isya": "19:25"}, {"tanggal": "2021-05-03", "imsyak": "04:40", "shubuh": "04:50", "terbit": "06:06", "dhuha": "06:30", "dzuhur": "12:12", "ashr": "15:33", "magrib": "18:14", "isya": "19:25"}, {"tanggal": "2021-05-04", "imsyak": "04:40", "shubuh": "04:50", "terbit": "06:06", "dhuha": "06:30", "dzuhur": "12:12", "ashr": "15:33", "magrib": "18:14", "isya": "19:25"}, {"tanggal": "2021-05-05", "imsyak": "04:40", "shubuh": "04:50", "terbit": "06:06", "dhuha": "06:30", "dzuhur": "12:12", "ashr": "15:33", "magrib": "18:13", "isya": "19:25"}, {"tanggal": "2021-05-06", "imsyak": "04:40", "shubuh": "04:50", "terbit": "06:05", "dhuha": "06:29", "dzuhur": "12:11", "ashr": "15:33", "magrib": "18:13", "isya": "19:25"}, {"tanggal": "2021-05-07", "imsyak": "04:39", "shubuh": "04:49", "terbit": "06:05", "dhuha": "06:29", "dzuhur": "12:11", "ashr": "15:33", "magrib": "18:13", "isya": "19:25"}, {"tanggal": "2021-05-08", "imsyak": "04:39", "shubuh": "04:49", "terbit": "06:05", "dhuha": "06:29", "dzuhur": "12:11", "ashr": "15:33", "magrib": "18:13", "isya": "19:25"}, {"tanggal": "2021-05-09", "imsyak": "04:39", "shubuh": "04:49", "terbit": "06:05", "dhuha": "06:29", "dzuhur": "12:11", "ashr": "15:33", "magrib": "18:13", "isya": "19:25"}, {"tanggal": "2021-05-10", "imsyak": "04:39", "shubuh": "04:49", "terbit": "06:05", "dhuha": "06:29", "dzuhur": "12:11", "ashr": "15:34", "magrib": "18:13", "isya": "19:25"}, {"tanggal": "2021-05-11", "imsyak": "04:39", "shubuh": "04:49", "terbit": "06:05", "dhuha": "06:29", "dzuhur": "12:11", "ashr": "15:34", "magrib": "18:13", "isya": "19:25"}, {"tanggal": "2021-05-12", "imsyak": "04:39", "shubuh": "04:49", "terbit": "06:05", "dhuha": "06:29", "dzuhur": "12:11", "ashr": "15:34", "magrib": "18:13", "isya": "19:25"}, {"tanggal": "2021-05-13", "imsyak": "04:38", "shubuh": "04:48", "terbit": "06:05", "dhuha": "06:29", "dzuhur": "12:11", "ashr": "15:34", "magrib": "18:13", "isya": "19:25"}, {"tanggal": "2021-05-14", "imsyak": "04:38", "shubuh": "04:48", "terbit": "06:05", "dhuha": "06:29", "dzuhur": "12:11", "ashr": "15:34", "magrib": "18:13", "isya": "19:25"}, {"tanggal": "2021-05-15", "imsyak": "04:38", "shubuh": "04:48", "terbit": "06:05", "dhuha": "06:29", "dzuhur": "12:11", "ashr": "15:34", "magrib": "18:13", "isya": "19:25"}, {"tanggal": "2021-05-16", "imsyak": "04:38", "shubuh": "04:48", "terbit": "06:05", "dhuha": "06:29", "dzuhur": "12:11", "ashr": "15:34", "magrib": "18:13", "isya": "19:25"}, {"tanggal": "2021-05-17", "imsyak": "04:38", "shubuh": "04:48", "terbit": "06:05", "dhuha": "06:29", "dzuhur": "12:11", "ashr": "15:34", "magrib": "18:13", "isya": "19:26"}, {"tanggal": "2021-05-18", "imsyak": "04:38", "shubuh": "04:48", "terbit": "06:05", "dhuha": "06:29", "dzuhur": "12:11", "ashr": "15:35", "magrib": "18:13", "isya": "19:26"}, {"tanggal": "2021-05-19", "imsyak": "04:38", "shubuh": "04:48", "terbit": "06:05", "dhuha": "06:29", "dzuhur": "12:11", "ashr": "15:35", "magrib": "18:13", "isya": "19:26"}, {"tanggal": "2021-05-20", "imsyak": "04:38", "shubuh": "04:48", "terbit": "06:05", "dhuha": "06:29", "dzuhur": "12:11", "ashr": "15:35", "magrib": "18:13", "isya": "19:26"}, {"tanggal": "2021-05-21", "imsyak": "04:38", "shubuh": "04:48", "terbit": "06:06", "dhuha": "06:30", "dzuhur": "12:11", "ashr": "15:35", "magrib": "18:13", "isya": "19:26"}, {"tanggal": "2021-05-22", "imsyak": "04:38", "shubuh": "04:48", "terbit": "06:06", "dhuha": "06:30", "dzuhur": "12:11", "ashr": "15:35", "magrib": "18:13", "isya": "19:26"}, {"tanggal": "2021-05-23", "imsyak": "04:38", "shubuh": "04:48", "terbit": "06:06", "dhuha": "06:30", "dzuhur": "12:11", "ashr": "15:35", "magrib": "18:13", "isya": "19:26"}, {"tanggal": "2021-05-24", "imsyak": "04:38", "shubuh": "04:48", "terbit": "06:06", "dhuha": "06:30", "dzuhur": "12:11", "ashr": "15:35", "magrib": "18:13", "isya": "19:27"}, {"tanggal": "2021-05-25", "imsyak": "04:38", "shubuh": "04:48", "terbit": "06:06", "dhuha": "06:30", "dzuhur": "12:12", "ashr": "15:36", "magrib": "18:13", "isya": "19:27"}, {"tanggal": "2021-05-26", "imsyak": "04:38", "shubuh": "04:48", "terbit": "06:06", "dhuha": "06:30", "dzuhur": "12:12", "ashr": "15:36", "magrib": "18:13", "isya": "19:27"}, {"tanggal": "2021-05-27", "imsyak": "04:38", "shubuh": "04:48", "terbit": "06:06", "dhuha": "06:30", "dzuhur": "12:12", "ashr": "15:36", "magrib": "18:13", "isya": "19:27"}, {"tanggal": "2021-05-28", "imsyak": "04:38", "shubuh": "04:48", "terbit": "06:06", "dhuha": "06:30", "dzuhur": "12:12", "ashr": "15:36", "magrib": "18:13", "isya": "19:27"}, {"tanggal": "2021-05-29", "imsyak": "04:38", "shubuh": "04:48", "terbit": "06:06", "dhuha": "06:30", "dzuhur": "12:12", "ashr": "15:36", "magrib": "18:14", "isya": "19:27"}, {"tanggal": "2021-05-30", "imsyak": "04:38", "shubuh": "04:48", "terbit": "06:06", "dhuha": "06:30", "dzuhur": "12:12", "ashr": "15:37", "magrib": "18:14", "isya": "19:28"}, {"tanggal": "2021-05-31", "imsyak": "04:38", "shubuh": "04:48", "terbit": "06:07", "dhuha": "06:31", "dzuhur": "12:12", "ashr": "15:37", "magrib": "18:14", "isya": "19:28"}]