[{"tanggal": "2021-07-01", "imsyak": "04:43", "shubuh": "04:53", "terbit": "06:13", "dhuha": "06:37", "dzuhur": "12:18", "ashr": "15:43", "magrib": "18:20", "isya": "19:35"}, {"tanggal": "2021-07-02", "imsyak": "04:43", "shubuh": "04:53", "terbit": "06:13", "dhuha": "06:37", "dzuhur": "12:19", "ashr": "15:44", "magrib": "18:20", "isya": "19:35"}, {"tanggal": "2021-07-03", "imsyak": "04:44", "shubuh": "04:54", "terbit": "06:13", "dhuha": "06:37", "dzuhur": "12:19", "ashr": "15:44", "magrib": "18:20", "isya": "19:35"}, {"tanggal": "2021-07-04", "imsyak": "04:44", "shubuh": "04:54", "terbit": "06:13", "dhuha": "06:37", "dzuhur": "12:19", "ashr": "15:44", "magrib": "18:20", "isya": "19:35"}, {"tanggal": "2021-07-05", "imsyak": "04:44", "shubuh": "04:54", "terbit": "06:14", "dhuha": "06:38", "dzuhur": "12:19", "ashr": "15:44", "magrib": "18:21", "isya": "19:35"}, {"tanggal": "2021-07-06", "imsyak": "04:44", "shubuh": "04:54", "terbit": "06:14", "dhuha": "06:38", "dzuhur": "12:19", "ashr": "15:44", "magrib": "18:21", "isya": "19:35"}, {"tanggal": "2021-07-07", "imsyak": "04:45", "shubuh": "04:55", "terbit": "06:14", "dhuha": "06:38", "dzuhur": "12:19", "ashr": "15:44", "magrib": "18:21", "isya": "19:35"}, {"tanggal": "2021-07-08", "imsyak": "04:45", "shubuh": "04:55", "terbit": "06:14", "dhuha": "06:38", "dzuhur": "12:20", "ashr": "15:44", "magrib": "18:21", "isya": "19:36"}, {"tanggal": "2021-07-09", "imsyak": "04:45", "shubuh": "04:55", "terbit": "06:14", "dhuha": "06:38", "dzuhur": "12:20", "ashr": "15:45", "magrib": "18:21", "isya": "19:36"}, {"tanggal": "2021-07-10", "imsyak": "04:45", "shubuh": "04:55", "terbit": "06:14", "dhuha": "06:38", "dzuhur": "12:20", "ashr": "15:45", "magrib": "18:21", "isya": "19:36"}, {"tanggal": "2021-07-11", "imsyak": "04:45", "shubuh": "04:55", "terbit": "06:15", "dhuha": "06:39", "dzuhur": "12:20", "ashr": "15:45", "magrib": "18:22", "isya": "19:36"}, {"tanggal": "2021-07-12", "imsyak": "04:46", "shubuh": "04:56", "terbit": "06:15", "dhuha": "06:39", "dzuhur": "12:20", "ashr": "15:45", "magrib": "18:22", "isya": "19:36"}, {"tanggal": "2021-07-13", "imsyak": "04:46", "shubuh": "04:56", "terbit": "06:15", "dhuha": "06:39", "dzuhur": "12:20", "ashr": "15:45", "magrib": "18:22", "isya": "19:36"}, {"tanggal": "2021-07-14", "imsyak": "04:46", "shubuh": "04:56", "terbit": "06:15", "dhuha": "06:39", "dzuhur": "12:20", "ashr": "15:45", "magrib": "18:22", "isya": "19:36"}, {"tanggal": "2021-07-15", "imsyak": "04:46", "shubuh": "04:56", "terbit": "06:15", "dhuha": "06:39", "dzuhur": "12:21", "ashr": "15:45", "magrib": "18:22", "isya": "19:36"}, {"tanggal": "2021-07-16", "imsyak": "04:46", "shubuh": "04:56", "terbit": "06:15", "dhuha": "06:39", "dzuhur": "12:21", "ashr": "15:45", "magrib": "18:22", "isya": "19:36"}, {"tanggal": "2021-07-17", "imsyak": "04:47", "shubuh": "04:57", "terbit": "06:15", "dhuha": "06:39", "dzuhur": "12:21", "ashr": "15:45", "magrib": "18:22", "isya": "19:36"}, {"tanggal": "2021-07-18", "imsyak": "04:47", "shubuh": "04:57", "terbit": "06:15", "dhuha": "06:39", "dzuhur": "12:21", "ashr": "15:45", "magrib": "18:22", "isya": "19:36"}, {"tanggal": "2021-07-19", "imsyak": "04:47", "shubuh": "04:57", "terbit": "06:15", "dhuha": "06:39", "dzuhur": "12:21", "ashr": "15:45", "magrib": "18:23", "isya": "19:36"}, {"tanggal": "2021-07-20", "imsyak": "04:47", "shubuh": "04:57", "terbit": "06:15", "dhuha": "06:39", "dzuhur": "12:21", "ashr": "15:45", "magrib": "18:23", "isya": "19:36"}, {"tanggal": "2021-07-21", "imsyak": "04:47", "shubuh": "04:57", "terbit": "06:15", "dhuha": "06:39", "dzuhur": "12:21", "ashr": "15:45", "magrib": "18:23", "isya": "19:36"}, {"tanggal": "2021-07-22", "imsyak": "04:47", "shubuh": "04:57", "terbit": "06:15", "dhuha": "06:39", "dzuhur": "12:21", "ashr": "15:45", "magrib": "18:23", "isya": "19:36"}, {"tanggal": "2021-07-23", "imsyak": "04:48", "shubuh": "04:58", "terbit": "06:16", "dhuha": "06:40", "dzuhur": "12:21", "ashr": "15:45", "magrib": "18:23", "isya": "19:36"}, {"tanggal": "2021-07-24", "imsyak": "04:48", "shubuh": "04:58", "terbit": "06:16", "dhuha": "06:40", "dzuhur": "12:21", "ashr": "15:45", "magrib": "18:23", "isya": "19:36"}, {"tanggal": "2021-07-25", "imsyak": "04:48", "shubuh": "04:58", "terbit": "06:16", "dhuha": "06:40", "dzuhur": "12:21", "ashr": "15:45", "magrib": "18:23", "isya": "19:36"}, {"tanggal": "2021-07-26", "imsyak": "04:48", "shubuh": "04:58", "terbit": "06:16", "dhuha": "06:40", "dzuhur": "12:21", "ashr": "15:45", "magrib": "18:23", "isya": "19:36"}, {"tanggal": "2021-07-27", "imsyak": "04:48", "shubuh": "04:58", "terbit": "06:16", "dhuha": "06:40", "dzuhur": "12:21", "ashr": "15:45", "magrib": "18:23", "isya": "19:36"}, {"tanggal": "2021-07-28", "imsyak": "04:48", "shubuh": "04:58", "terbit": "06:16", "dhuha": "06:40", "dzuhur": "12:21", "ashr": "15:45", "magrib": "18:23", "isya": "19:36"}, {"tanggal": "2021-07-29", "imsyak": "04:48", "shubuh": "04:58", "terbit": "06:15", "dhuha": "06:39", "dzuhur": "12:21", "ashr": "15:45", "magrib": "18:23", "isya": "19:36"}, {"tanggal": "2021-07-30", "imsyak": "04:48", "shubuh": "04:58", "terbit": "06:15", "dhuha": "06:39", "dzuhur": "12:21", "ashr": "15:44", "magrib": "18:23", "isya": "19:36"}, {"tanggal": "2021-07-31", "imsyak": "04:48", "shubuh": "04:58", "terbit": "06:15", "dhuha": "06:39", "dzuhur": "12:21", "ashr": "15:44", "magrib": "18:23", "isya": "19:35"}]