[{"tanggal": "2021-08-01", "imsyak": "04:48", "shubuh": "04:58", "terbit": "06:15", "dhuha": "06:39", "dzuhur": "12:21", "ashr": "15:44", "magrib": "18:23", "isya": "19:35"}, {"tanggal": "2021-08-02", "imsyak": "04:49", "shubuh": "04:59", "terbit": "06:15", "dhuha": "06:39", "dzuhur": "12:21", "ashr": "15:44", "magrib": "18:23", "isya": "19:35"}, {"tanggal": "2021-08-03", "imsyak": "04:49", "shubuh": "04:59", "terbit": "06:15", "dhuha": "06:39", "dzuhur": "12:21", "ashr": "15:44", "magrib": "18:23", "isya": "19:35"}, {"tanggal": "2021-08-04", "imsyak": "04:49", "shubuh": "04:59", "terbit": "06:15", "dhuha": "06:39", "dzuhur": "12:21", "ashr": "15:43", "magrib": "18:23", "isya": "19:35"}, {"tanggal": "2021-08-05", "imsyak": "04:49", "shubuh": "04:59", "terbit": "06:15", "dhuha": "06:39", "dzuhur": "12:21", "ashr": "15:43", "magrib": "18:23", "isya": "19:35"}, {"tanggal": "2021-08-06", "imsyak": "04:49", "shubuh": "04:59", "terbit": "06:15", "dhuha": "06:39", "dzuhur": "12:21", "ashr": "15:43", "magrib": "18:23", "isya": "19:34"}, {"tanggal": "2021-08-07", "imsyak": "04:49", "shubuh": "04:59", "terbit": "06:15", "dhuha": "06:39", "dzuhur": "12:21", "ashr": "15:43", "magrib": "18:23", "isya": "19:34"}, {"tanggal": "2021-08-08", "imsyak": "04:49", "shubuh": "04:59", "terbit": "06:15", "dhuha": "06:39", "dzuhur": "12:21", "ashr": "15:42", "magrib": "18:22", "isya": "19:34"}, {"tanggal": "2021-08-09", "imsyak": "04:49", "shubuh": "04:59", "terbit": "06:14", "dhuha": "06:38", "dzuhur": "12:20", "ashr": "15:42", "magrib": "18:22", "isya": "19:34"}, {"tanggal": "2021-08-10", "imsyak": "04:48", "shubuh": "04:58", "terbit": "06:14", "dhuha": "06:38", "dzuhur": "12:20", "ashr": "15:42", "magrib": "18:22", "isya": "19:34"}, {"tanggal": "2021-08-11", "imsyak": "04:48", "shubuh": "04:58", "terbit": "06:14", "dhuha": "06:38", "dzuhur": "12:20", "ashr": "15:41", "magrib": "18:22", "isya": "19:33"}, {"tanggal": "2021-08-12", "imsyak": "04:48", "shubuh": "04:58", "terbit": "06:14", "dhuha": "06:38", "dzuhur": "12:20", "ashr": "15:41", "magrib": "18:22", "isya": "19:33"}, {"tanggal": "2021-08-13", "imsyak": "04:48", "shubuh": "04:58", "terbit": "06:14", "dhuha": "06:38", "dzuhur": "12:20", "ashr": "15:41", "magrib": "18:22", "isya": "19:33"}, {"tanggal": "2021-08-14", "imsyak": "04:48", "shubuh": "04:58", "terbit": "06:14", "dhuha": "06:38", "dzuhur": "12:20", "ashr": "15:40", "magrib": "18:22", "isya": "19:33"}, {"tanggal": "2021-08-15", "imsyak": "04:48", "shubuh": "04:58", "terbit": "06:13", "dhuha": "06:37", "dzuhur": "12:19", "ashr": "15:40", "magrib": "18:22", "isya": "19:32"}, {"tanggal": "2021-08-16", "imsyak": "04:48", "shubuh": "04:58", "terbit": "06:13", "dhuha": "06:37", "dzuhur": "12:19", "ashr": "15:39", "magrib": "18:21", "isya": "19:32"}, {"tanggal": "2021-08-17", "imsyak": "04:48", "shubuh": "04:58", "terbit": "06:13", "dhuha": "06:37", "dzuhur": "12:19", "ashr": "15:39", "magrib": "18:21", "isya": "19:32"}, {"tanggal": "2021-08-18", "imsyak": "04:48", "shubuh": "04:58", "terbit": "06:13", "dhuha": "06:37", "dzuhur": "12:19", "ashr": "15:38", "magrib": "18:21", "isya": "19:32"}, {"tanggal": "2021-08-19", "imsyak": "04:48", "shubuh": "04:58", "terbit": "06:12", "dhuha": "06:36", "dzuhur": "12:19", "ashr": "15:38", "magrib": "18:21", "isya": "19:31"}, {"tanggal": "2021-08-20", "imsyak": "04:48", "shubuh": "04:58", "terbit": "06:12", "dhuha": "06:36", "dzuhur": "12:18", "ashr": "15:38", "magrib": "18:21", "isya": "19:31"}, {"tanggal": "2021-08-21", "imsyak": "04:47", "shubuh": "04:57", "terbit": "06:12", "dhuha": "06:36", "dzuhur": "12:18", "ashr": "15:37", "magrib": "18:20", "isya": "19:31"}, {"tanggal": "2021-08-22", "imsyak": "04:47", "shubuh": "04:57", "terbit": "06:12", "dhuha": "06:36", "dzuhur": "12:18", "ashr": "15:36", "magrib": "18:20", "isya": "19:30"}, {"tanggal": "2021-08-23", "imsyak": "04:47", "shubuh": "04:57", "terbit": "06:11", "dhuha": "06:35", "dzuhur": "12:18", "ashr": "15:36", "magrib": "18:20", "isya": "19:30"}, {"tanggal": "2021-08-24", "imsyak": "04:47", "shubuh": "04:57", "terbit": "06:11", "dhuha": "06:35", "dzuhur": "12:17", "ashr": "15:35", "magrib": "18:20", "isya": "19:30"}, {"tanggal": "2021-08-25", "imsyak": "04:47", "shubuh": "04:57", "terbit": "06:11", "dhuha": "06:35", "dzuhur": "12:17", "ashr": "15:35", "magrib": "18:19", "isya": "19:29"}, {"tanggal": "2021-08-26", "imsyak": "04:46", "shubuh": "04:56", "terbit": "06:11", "dhuha": "06:35", "dzuhur": "12:17", "ashr": "15:34", "magrib": "18:19", "isya": "19:29"}, {"tanggal": "2021-08-27", "imsyak": "04:46", "shubuh": "04:56", "terbit": "06:10", "dhuha": "06:34", "dzuhur": "12:17", "ashr": "15:33", "magrib": "18:19", "isya": "19:29"}, {"tanggal": "2021-08-28", "imsyak": "04:46", "shubuh": "04:56", "terbit": "06:10", "dhuha": "06:34", "dzuhur": "12:16", "ashr": "15:33", "magrib": "18:19", "isya": "19:28"}, {"tanggal": "2021-08-29", "imsyak": "04:46", "shubuh": "04:56", "terbit": "06:10", "dhuha": "06:34", "dzuhur": "12:16", "ashr": "15:32", "magrib": "18:18", "isya": "19:28"}, {"tanggal": "2021-08-30", "imsyak": "04:46", "shubuh": "04:56", "terbit": "06:09", "dhuha": "06:33", "dzuhur": "12:16", "ashr": "15:32", "magrib": "18:18", "isya": "19:28"}, {"tanggal": "2021-08-31", "imsyak": "04:45", "shubuh": "04:55", "terbit": "06:09", "dhuha": "06:33", "dzuhur": "12:15", "ashr": "15:31", "magrib": "18:18", "isya": "19:27"}]