[{"tanggal": "2021-09-01", "imsyak": "04:45", "shubuh": "04:55", "terbit": "06:09", "dhuha": "06:33", "dzuhur": "12:15", "ashr": "15:30", "magrib": "18:18", "isya": "19:27"}, {"tanggal": "2021-09-02", "imsyak": "04:45", "shubuh": "04:55", "terbit": "06:08", "dhuha": "06:32", "dzuhur": "12:15", "ashr": "15:29", "magrib": "18:17", "isya": "19:27"}, {"tanggal": "2021-09-03", "imsyak": "04:44", "shubuh": "04:54", "terbit": "06:08", "dhuha": "06:32", "dzuhur": "12:14", "ashr": "15:29", "magrib": "18:17", "isya": "19:26"}, {"tanggal": "2021-09-04", "imsyak": "04:44", "shubuh": "04:54", "terbit": "06:08", "dhuha": "06:32", "dzuhur": "12:14", "ashr": "15:28", "magrib": "18:17", "isya": "19:26"}, {"tanggal": "2021-09-05", "imsyak": "04:44", "shubuh": "04:54", "terbit": "06:07", "dhuha": "06:31", "dzuhur": "12:14", "ashr": "15:27", "magrib": "18:16", "isya": "19:26"}, {"tanggal": "2021-09-06", "imsyak": "04:44", "shubuh": "04:54", "terbit": "06:07", "dhuha": "06:31", "dzuhur": "12:13", "ashr": "15:26", "magrib": "18:16", "isya": "19:25"}, {"tanggal": "2021-09-07", "imsyak": "04:43", "shubuh": "04:53", "terbit": "06:06", "dhuha": "06:30", "dzuhur": "12:13", "ashr": "15:26", "magrib": "18:16", "isya": "19:25"}, {"tanggal": "2021-09-08", "imsyak": "04:43", "shubuh": "04:53", "terbit": "06:06", "dhuha": "06:30", "dzuhur": "12:13", "ashr": "15:25", "magrib": "18:16", "isya": "19:25"}, {"tanggal": "2021-09-09", "imsyak": "04:43", "shubuh": "04:53", "terbit": "06:06", "dhuha": "06:30", "dzuhur": "12:12", "ashr": "15:24", "magrib": "18:15", "isya": "19:24"}, {"tanggal": "2021-09-10", "imsyak": "04:42", "shubuh": "04:52", "terbit": "06:05", "dhuha": "06:29", "dzuhur": "12:12", "ashr": "15:23", "magrib": "18:15", "isya": "19:24"}, {"tanggal": "2021-09-11", "imsyak": "04:42", "shubuh": "04:52", "terbit": "06:05", "dhuha": "06:29", "dzuhur": "12:12", "ashr": "15:22", "magrib": "18:15", "isya": "19:23"}, {"tanggal": "2021-09-12", "imsyak": "04:42", "shubuh": "04:52", "terbit": "06:05", "dhuha": "06:29", "dzuhur": "12:11", "ashr": "15:21", "magrib": "18:14", "isya": "19:23"}, {"tanggal": "2021-09-13", "imsyak": "04:41", "shubuh": "04:51", "terbit": "06:04", "dhuha": "06:28", "dzuhur": "12:11", "ashr": "15:20", "magrib": "18:14", "isya": "19:23"}, {"tanggal": "2021-09-14", "imsyak": "04:41", "shubuh": "04:51", "terbit": "06:04", "dhuha": "06:28", "dzuhur": "12:11", "ashr": "15:19", "magrib": "18:14", "isya": "19:22"}, {"tanggal": "2021-09-15", "imsyak": "04:41", "shubuh": "04:51", "terbit": "06:03", "dhuha": "06:27", "dzuhur": "12:10", "ashr": "15:18", "magrib": "18:13", "isya": "19:22"}, {"tanggal": "2021-09-16", "imsyak": "04:40", "shubuh": "04:50", "terbit": "06:03", "dhuha": "06:27", "dzuhur": "12:10", "ashr": "15:18", "magrib": "18:13", "isya": "19:22"}, {"tanggal": "2021-09-17", "imsyak": "04:40", "shubuh": "04:50", "terbit": "06:03", "dhuha": "06:27", "dzuhur": "12:10", "ashr": "15:17", "magrib": "18:13", "isya": "19:21"}, {"tanggal": "2021-09-18", "imsyak": "04:40", "shubuh": "04:50", "terbit": "06:02", "dhuha": "06:26", "dzuhur": "12:09", "ashr": "15:16", "magrib": "18:12", "isya": "19:21"}, {"tanggal": "2021-09-19", "imsyak": "04:39", "shubuh": "04:49", "terbit": "06:02", "dhuha": "06:26", "dzuhur": "12:09", "ashr": "15:15", "magrib": "18:12", "isya": "19:21"}, {"tanggal": "2021-09-20", "imsyak": "04:39", "shubuh": "04:49", "terbit": "06:01", "dhuha": "06:25", "dzuhur": "12:09", "ashr": "15:14", "magrib": "18:12", "isya": "19:20"}, {"tanggal": "2021-09-21", "imsyak": "04:38", "shubuh": "04:48", "terbit": "06:01", "dhuha": "06:25", "dzuhur": "12:08", "ashr": "15:13", "magrib": "18:11", "isya": "19:20"}, {"tanggal": "2021-09-22", "imsyak": "04:38", "shubuh": "04:48", "terbit": "06:01", "dhuha": "06:25", "dzuhur": "12:08", "ashr": "15:12", "magrib": "18:11", "isya": "19:20"}, {"tanggal": "2021-09-23", "imsyak": "04:38", "shubuh": "04:48", "terbit": "06:00", "dhuha": "06:24", "dzuhur": "12:07", "ashr": "15:10", "magrib": "18:11", "isya": "19:19"}, {"tanggal": "2021-09-24", "imsyak": "04:37", "shubuh": "04:47", "terbit": "06:00", "dhuha": "06:24", "dzuhur": "12:07", "ashr": "15:09", "magrib": "18:10", "isya": "19:19"}, {"tanggal": "2021-09-25", "imsyak": "04:37", "shubuh": "04:47", "terbit": "06:00", "dhuha": "06:24", "dzuhur": "12:07", "ashr": "15:08", "magrib": "18:10", "isya": "19:19"}, {"tanggal": "2021-09-26", "imsyak": "04:36", "shubuh": "04:46", "terbit": "05:59", "dhuha": "06:23", "dzuhur": "12:06", "ashr": "15:07", "magrib": "18:10", "isya": "19:18"}, {"tanggal": "2021-09-27", "imsyak": "04:36", "shubuh": "04:46", "terbit": "05:59", "dhuha": "06:23", "dzuhur": "12:06", "ashr": "15:06", "magrib": "18:09", "isya": "19:18"}, {"tanggal": "2021-09-28", "imsyak": "04:36", "shubuh": "04:46", "terbit": "05:58", "dhuha": "06:22", "dzuhur": "12:06", "ashr": "15:06", "magrib": "18:09", "isya": "19:18"}, {"tanggal": "2021-09-29", "imsyak": "04:35", "shubuh": "04:45", "terbit": "05:58", "dhuha": "06:22", "dzuhur": "12:05", "ashr": "15:07", "magrib": "18:09", "isya": "19:18"}, {"tanggal": "2021-09-30", "imsyak": "04:35", "shubuh": "04:45", "terbit": "05:58", "dhuha": "06:22", "dzuhur": "12:05", "ashr": "15:07", "magrib": "18:09", "isya": "19:17"}]