[{"tanggal": "2023-02-01", "imsyak": "04:57", "shubuh": "05:07", "terbit": "06:24", "dhuha": "06:48", "dzuhur": "12:34", "ashr": "15:56", "magrib": "18:41", "isya": "19:53"}, {"tanggal": "2023-02-02", "imsyak": "04:57", "shubuh": "05:07", "terbit": "06:24", "dhuha": "06:48", "dzuhur": "12:35", "ashr": "15:56", "magrib": "18:41", "isya": "19:53"}, {"tanggal": "2023-02-03", "imsyak": "04:58", "shubuh": "05:08", "terbit": "06:24", "dhuha": "06:48", "dzuhur": "12:35", "ashr": "15:56", "magrib": "18:41", "isya": "19:53"}, {"tanggal": "2023-02-04", "imsyak": "04:58", "shubuh": "05:08", "terbit": "06:24", "dhuha": "06:48", "dzuhur": "12:35", "ashr": "15:56", "magrib": "18:41", "isya": "19:53"}, {"tanggal": "2023-02-05", "imsyak": "04:58", "shubuh": "05:08", "terbit": "06:25", "dhuha": "06:49", "dzuhur": "12:35", "ashr": "15:56", "magrib": "18:41", "isya": "19:53"}, {"tanggal": "2023-02-06", "imsyak": "04:59", "shubuh": "05:09", "terbit": "06:25", "dhuha": "06:49", "dzuhur": "12:35", "ashr": "15:55", "magrib": "18:41", "isya": "19:53"}, {"tanggal": "2023-02-07", "imsyak": "04:59", "shubuh": "05:09", "terbit": "06:25", "dhuha": "06:49", "dzuhur": "12:35", "ashr": "15:55", "magrib": "18:41", "isya": "19:53"}, {"tanggal": "2023-02-08", "imsyak": "04:59", "shubuh": "05:09", "terbit": "06:25", "dhuha": "06:49", "dzuhur": "12:35", "ashr": "15:55", "magrib": "18:41", "isya": "19:53"}, {"tanggal": "2023-02-09", "imsyak": "04:59", "shubuh": "05:09", "terbit": "06:25", "dhuha": "06:49", "dzuhur": "12:35", "ashr": "15:55", "magrib": "18:41", "isya": "19:53"}, {"tanggal": "2023-02-10", "imsyak": "05:00", "shubuh": "05:10", "terbit": "06:25", "dhuha": "06:49", "dzuhur": "12:35", "ashr": "15:54", "magrib": "18:41", "isya": "19:52"}, {"tanggal": "2023-02-11", "imsyak": "05:00", "shubuh": "05:10", "terbit": "06:25", "dhuha": "06:49", "dzuhur": "12:35", "ashr": "15:54", "magrib": "18:41", "isya": "19:52"}, {"tanggal": "2023-02-12", "imsyak": "05:00", "shubuh": "05:10", "terbit": "06:25", "dhuha": "06:49", "dzuhur": "12:35", "ashr": "15:54", "magrib": "18:41", "isya": "19:52"}, {"tanggal": "2023-02-13", "imsyak": "05:00", "shubuh": "05:10", "terbit": "06:25", "dhuha": "06:49", "dzuhur": "12:35", "ashr": "15:53", "magrib": "18:41", "isya": "19:52"}, {"tanggal": "2023-02-14", "imsyak": "05:00", "shubuh": "05:10", "terbit": "06:25", "dhuha": "06:49", "dzuhur": "12:35", "ashr": "15:53", "magrib": "18:41", "isya": "19:52"}, {"tanggal": "2023-02-15", "imsyak": "05:00", "shubuh": "05:10", "terbit": "06:26", "dhuha": "06:50", "dzuhur": "12:35", "ashr": "15:52", "magrib": "18:41", "isya": "19:51"}, {"tanggal": "2023-02-16", "imsyak": "05:01", "shubuh": "05:11", "terbit": "06:26", "dhuha": "06:50", "dzuhur": "12:35", "ashr": "15:52", "magrib": "18:41", "isya": "19:51"}, {"tanggal": "2023-02-17", "imsyak": "05:01", "shubuh": "05:11", "terbit": "06:26", "dhuha": "06:50", "dzuhur": "12:35", "ashr": "15:51", "magrib": "18:41", "isya": "19:51"}, {"tanggal": "2023-02-18", "imsyak": "05:01", "shubuh": "05:11", "terbit": "06:26", "dhuha": "06:50", "dzuhur": "12:35", "ashr": "15:51", "magrib": "18:40", "isya": "19:51"}, {"tanggal": "2023-02-19", "imsyak": "05:01", "shubuh": "05:11", "terbit": "06:26", "dhuha": "06:50", "dzuhur": "12:35", "ashr": "15:50", "magrib": "18:40", "isya": "19:51"}, {"tanggal": "2023-02-20", "imsyak": "05:01", "shubuh": "05:11", "terbit": "06:26", "dhuha": "06:50", "dzuhur": "12:35", "ashr": "15:50", "magrib": "18:40", "isya": "19:50"}, {"tanggal": "2023-02-21", "imsyak": "05:01", "shubuh": "05:11", "terbit": "06:26", "dhuha": "06:50", "dzuhur": "12:35", "ashr": "15:49", "magrib": "18:40", "isya": "19:50"}, {"tanggal": "2023-02-22", "imsyak": "05:01", "shubuh": "05:11", "terbit": "06:25", "dhuha": "06:49", "dzuhur": "12:35", "ashr": "15:49", "magrib": "18:40", "isya": "19:50"}, {"tanggal": "2023-02-23", "imsyak": "05:01", "shubuh": "05:11", "terbit": "06:25", "dhuha": "06:49", "dzuhur": "12:35", "ashr": "15:48", "magrib": "18:40", "isya": "19:49"}, {"tanggal": "2023-02-24", "imsyak": "05:01", "shubuh": "05:11", "terbit": "06:25", "dhuha": "06:49", "dzuhur": "12:34", "ashr": "15:47", "magrib": "18:39", "isya": "19:49"}, {"tanggal": "2023-02-25", "imsyak": "05:01", "shubuh": "05:11", "terbit": "06:25", "dhuha": "06:49", "dzuhur": "12:34", "ashr": "15:47", "magrib": "18:39", "isya": "19:49"}, {"tanggal": "2023-02-26", "imsyak": "05:01", "shubuh": "05:11", "terbit": "06:25", "dhuha": "06:49", "dzuhur": "12:34", "ashr": "15:46", "magrib": "18:39", "isya": "19:49"}, {"tanggal": "2023-02-27", "imsyak": "05:01", "shubuh": "05:11", "terbit": "06:25", "dhuha": "06:49", "dzuhur": "12:34", "ashr": "15:45", "magrib": "18:39", "isya": "19:48"}, {"tanggal": "2023-02-28", "imsyak": "05:01", "shubuh": "05:11", "terbit": "06:25", "dhuha": "06:49", "dzuhur": "12:34", "ashr": "15:45", "magrib": "18:38", "isya": "19:48"}]