[{"tanggal": "2022-01-01", "imsyak": "04:50", "shubuh": "05:00", "terbit": "06:22", "dhuha": "06:46", "dzuhur": "12:45", "ashr": "16:12", "magrib": "19:05", "isya": "20:22"}, {"tanggal": "2022-01-02", "imsyak": "04:50", "shubuh": "05:00", "terbit": "06:22", "dhuha": "06:46", "dzuhur": "12:46", "ashr": "16:13", "magrib": "19:05", "isya": "20:22"}, {"tanggal": "2022-01-03", "imsyak": "04:51", "shubuh": "05:01", "terbit": "06:23", "dhuha": "06:47", "dzuhur": "12:46", "ashr": "16:13", "magrib": "19:06", "isya": "20:23"}, {"tanggal": "2022-01-04", "imsyak": "04:51", "shubuh": "05:01", "terbit": "06:24", "dhuha": "06:48", "dzuhur": "12:47", "ashr": "16:13", "magrib": "19:06", "isya": "20:23"}, {"tanggal": "2022-01-05", "imsyak": "04:52", "shubuh": "05:02", "terbit": "06:24", "dhuha": "06:48", "dzuhur": "12:47", "ashr": "16:14", "magrib": "19:06", "isya": "20:23"}, {"tanggal": "2022-01-06", "imsyak": "04:53", "shubuh": "05:03", "terbit": "06:25", "dhuha": "06:49", "dzuhur": "12:48", "ashr": "16:14", "magrib": "19:07", "isya": "20:24"}, {"tanggal": "2022-01-07", "imsyak": "04:53", "shubuh": "05:03", "terbit": "06:25", "dhuha": "06:49", "dzuhur": "12:48", "ashr": "16:14", "magrib": "19:07", "isya": "20:24"}, {"tanggal": "2022-01-08", "imsyak": "04:54", "shubuh": "05:04", "terbit": "06:26", "dhuha": "06:50", "dzuhur": "12:49", "ashr": "16:15", "magrib": "19:07", "isya": "20:24"}, {"tanggal": "2022-01-09", "imsyak": "04:54", "shubuh": "05:04", "terbit": "06:26", "dhuha": "06:50", "dzuhur": "12:49", "ashr": "16:15", "magrib": "19:08", "isya": "20:24"}, {"tanggal": "2022-01-10", "imsyak": "04:55", "shubuh": "05:05", "terbit": "06:27", "dhuha": "06:51", "dzuhur": "12:49", "ashr": "16:15", "magrib": "19:08", "isya": "20:25"}, {"tanggal": "2022-01-11", "imsyak": "04:56", "shubuh": "05:06", "terbit": "06:27", "dhuha": "06:51", "dzuhur": "12:50", "ashr": "16:15", "magrib": "19:08", "isya": "20:25"}, {"tanggal": "2022-01-12", "imsyak": "04:56", "shubuh": "05:06", "terbit": "06:28", "dhuha": "06:52", "dzuhur": "12:50", "ashr": "16:15", "magrib": "19:09", "isya": "20:25"}, {"tanggal": "2022-01-13", "imsyak": "04:57", "shubuh": "05:07", "terbit": "06:28", "dhuha": "06:52", "dzuhur": "12:51", "ashr": "16:16", "magrib": "19:09", "isya": "20:25"}, {"tanggal": "2022-01-14", "imsyak": "04:58", "shubuh": "05:08", "terbit": "06:29", "dhuha": "06:53", "dzuhur": "12:51", "ashr": "16:16", "magrib": "19:09", "isya": "20:25"}, {"tanggal": "2022-01-15", "imsyak": "04:58", "shubuh": "05:08", "terbit": "06:29", "dhuha": "06:53", "dzuhur": "12:51", "ashr": "16:16", "magrib": "19:09", "isya": "20:25"}, {"tanggal": "2022-01-16", "imsyak": "04:59", "shubuh": "05:09", "terbit": "06:30", "dhuha": "06:54", "dzuhur": "12:52", "ashr": "16:16", "magrib": "19:10", "isya": "20:25"}, {"tanggal": "2022-01-17", "imsyak": "05:00", "shubuh": "05:10", "terbit": "06:30", "dhuha": "06:54", "dzuhur": "12:52", "ashr": "16:16", "magrib": "19:10", "isya": "20:26"}, {"tanggal": "2022-01-18", "imsyak": "05:00", "shubuh": "05:10", "terbit": "06:31", "dhuha": "06:55", "dzuhur": "12:52", "ashr": "16:16", "magrib": "19:10", "isya": "20:26"}, {"tanggal": "2022-01-19", "imsyak": "05:01", "shubuh": "05:11", "terbit": "06:31", "dhuha": "06:55", "dzuhur": "12:53", "ashr": "16:16", "magrib": "19:10", "isya": "20:26"}, {"tanggal": "2022-01-20", "imsyak": "05:01", "shubuh": "05:11", "terbit": "06:32", "dhuha": "06:56", "dzuhur": "12:53", "ashr": "16:16", "magrib": "19:10", "isya": "20:26"}, {"tanggal": "2022-01-21", "imsyak": "05:02", "shubuh": "05:12", "terbit": "06:32", "dhuha": "06:56", "dzuhur": "12:53", "ashr": "16:16", "magrib": "19:10", "isya": "20:26"}, {"tanggal": "2022-01-22", "imsyak": "05:03", "shubuh": "05:13", "terbit": "06:33", "dhuha": "06:57", "dzuhur": "12:54", "ashr": "16:16", "magrib": "19:11", "isya": "20:26"}, {"tanggal": "2022-01-23", "imsyak": "05:03", "shubuh": "05:13", "terbit": "06:33", "dhuha": "06:57", "dzuhur": "12:54", "ashr": "16:16", "magrib": "19:11", "isya": "20:26"}, {"tanggal": "2022-01-24", "imsyak": "05:04", "shubuh": "05:14", "terbit": "06:34", "dhuha": "06:58", "dzuhur": "12:54", "ashr": "16:16", "magrib": "19:11", "isya": "20:26"}, {"tanggal": "2022-01-25", "imsyak": "05:04", "shubuh": "05:14", "terbit": "06:34", "dhuha": "06:58", "dzuhur": "12:54", "ashr": "16:16", "magrib": "19:11", "isya": "20:26"}, {"tanggal": "2022-01-26", "imsyak": "05:05", "shubuh": "05:15", "terbit": "06:34", "dhuha": "06:58", "dzuhur": "12:55", "ashr": "16:16", "magrib": "19:11", "isya": "20:25"}, {"tanggal": "2022-01-27", "imsyak": "05:05", "shubuh": "05:15", "terbit": "06:35", "dhuha": "06:59", "dzuhur": "12:55", "ashr": "16:16", "magrib": "19:11", "isya": "20:25"}, {"tanggal": "2022-01-28", "imsyak": "05:06", "shubuh": "05:16", "terbit": "06:35", "dhuha": "06:59", "dzuhur": "12:55", "ashr": "16:15", "magrib": "19:11", "isya": "20:25"}, {"tanggal": "2022-01-29", "imsyak": "05:07", "shubuh": "05:17", "terbit": "06:36", "dhuha": "07:00", "dzuhur": "12:55", "ashr": "16:15", "magrib": "19:11", "isya": "20:25"}, {"tanggal": "2022-01-30", "imsyak": "05:07", "shubuh": "05:17", "terbit": "06:36", "dhuha": "07:00", "dzuhur": "12:55", "ashr": "16:15", "magrib": "19:11", "isya": "20:25"}, {"tanggal": "2022-01-31", "imsyak": "05:08", "shubuh": "05:18", "terbit": "06:36", "dhuha": "07:00", "dzuhur": "12:56", "ashr": "16:15", "magrib": "19:11", "isya": "20:25"}]