[{"tanggal": "2022-04-01", "imsyak": "05:18", "shubuh": "05:28", "terbit": "06:42", "dhuha": "07:06", "dzuhur": "12:47", "ashr": "16:04", "magrib": "18:47", "isya": "19:57"}, {"tanggal": "2022-04-02", "imsyak": "05:18", "shubuh": "05:28", "terbit": "06:42", "dhuha": "07:06", "dzuhur": "12:46", "ashr": "16:04", "magrib": "18:47", "isya": "19:56"}, {"tanggal": "2022-04-03", "imsyak": "05:18", "shubuh": "05:28", "terbit": "06:42", "dhuha": "07:06", "dzuhur": "12:46", "ashr": "16:04", "magrib": "18:46", "isya": "19:56"}, {"tanggal": "2022-04-04", "imsyak": "05:18", "shubuh": "05:28", "terbit": "06:42", "dhuha": "07:06", "dzuhur": "12:46", "ashr": "16:04", "magrib": "18:46", "isya": "19:55"}, {"tanggal": "2022-04-05", "imsyak": "05:18", "shubuh": "05:28", "terbit": "06:42", "dhuha": "07:06", "dzuhur": "12:45", "ashr": "16:04", "magrib": "18:45", "isya": "19:55"}, {"tanggal": "2022-04-06", "imsyak": "05:18", "shubuh": "05:28", "terbit": "06:42", "dhuha": "07:06", "dzuhur": "12:45", "ashr": "16:04", "magrib": "18:45", "isya": "19:54"}, {"tanggal": "2022-04-07", "imsyak": "05:18", "shubuh": "05:28", "terbit": "06:42", "dhuha": "07:06", "dzuhur": "12:45", "ashr": "16:04", "magrib": "18:44", "isya": "19:54"}, {"tanggal": "2022-04-08", "imsyak": "05:18", "shubuh": "05:28", "terbit": "06:42", "dhuha": "07:06", "dzuhur": "12:45", "ashr": "16:04", "magrib": "18:43", "isya": "19:53"}, {"tanggal": "2022-04-09", "imsyak": "05:18", "shubuh": "05:28", "terbit": "06:42", "dhuha": "07:06", "dzuhur": "12:44", "ashr": "16:04", "magrib": "18:43", "isya": "19:53"}, {"tanggal": "2022-04-10", "imsyak": "05:17", "shubuh": "05:27", "terbit": "06:42", "dhuha": "07:06", "dzuhur": "12:44", "ashr": "16:03", "magrib": "18:42", "isya": "19:52"}, {"tanggal": "2022-04-11", "imsyak": "05:17", "shubuh": "05:27", "terbit": "06:42", "dhuha": "07:06", "dzuhur": "12:44", "ashr": "16:03", "magrib": "18:42", "isya": "19:52"}, {"tanggal": "2022-04-12", "imsyak": "05:17", "shubuh": "05:27", "terbit": "06:42", "dhuha": "07:06", "dzuhur": "12:44", "ashr": "16:03", "magrib": "18:41", "isya": "19:52"}, {"tanggal": "2022-04-13", "imsyak": "05:17", "shubuh": "05:27", "terbit": "06:41", "dhuha": "07:05", "dzuhur": "12:43", "ashr": "16:03", "magrib": "18:41", "isya": "19:51"}, {"tanggal": "2022-04-14", "imsyak": "05:17", "shubuh": "05:27", "terbit": "06:41", "dhuha": "07:05", "dzuhur": "12:43", "ashr": "16:03", "magrib": "18:40", "isya": "19:51"}, {"tanggal": "2022-04-15", "imsyak": "05:17", "shubuh": "05:27", "terbit": "06:41", "dhuha": "07:05", "dzuhur": "12:43", "ashr": "16:03", "magrib": "18:40", "isya": "19:50"}, {"tanggal": "2022-04-16", "imsyak": "05:17", "shubuh": "05:27", "terbit": "06:41", "dhuha": "07:05", "dzuhur": "12:43", "ashr": "16:03", "magrib": "18:39", "isya": "19:50"}, {"tanggal": "2022-04-17", "imsyak": "05:17", "shubuh": "05:27", "terbit": "06:41", "dhuha": "07:05", "dzuhur": "12:42", "ashr": "16:03", "magrib": "18:39", "isya": "19:49"}, {"tanggal": "2022-04-18", "imsyak": "05:17", "shubuh": "05:27", "terbit": "06:41", "dhuha": "07:05", "dzuhur": "12:42", "ashr": "16:02", "magrib": "18:39", "isya": "19:49"}, {"tanggal": "2022-04-19", "imsyak": "05:17", "shubuh": "05:27", "terbit": "06:41", "dhuha": "07:05", "dzuhur": "12:42", "ashr": "16:02", "magrib": "18:38", "isya": "19:49"}, {"tanggal": "2022-04-20", "imsyak": "05:17", "shubuh": "05:27", "terbit": "06:41", "dhuha": "07:05", "dzuhur": "12:42", "ashr": "16:02", "magrib": "18:38", "isya": "19:48"}, {"tanggal": "2022-04-21", "imsyak": "05:17", "shubuh": "05:27", "terbit": "06:41", "dhuha": "07:05", "dzuhur": "12:41", "ashr": "16:02", "magrib": "18:37", "isya": "19:48"}, {"tanggal": "2022-04-22", "imsyak": "05:16", "shubuh": "05:26", "terbit": "06:41", "dhuha": "07:05", "dzuhur": "12:41", "ashr": "16:02", "magrib": "18:37", "isya": "19:48"}, {"tanggal": "2022-04-23", "imsyak": "05:16", "shubuh": "05:26", "terbit": "06:41", "dhuha": "07:05", "dzuhur": "12:41", "ashr": "16:02", "magrib": "18:36", "isya": "19:47"}, {"tanggal": "2022-04-24", "imsyak": "05:16", "shubuh": "05:26", "terbit": "06:41", "dhuha": "07:05", "dzuhur": "12:41", "ashr": "16:02", "magrib": "18:36", "isya": "19:47"}, {"tanggal": "2022-04-25", "imsyak": "05:16", "shubuh": "05:26", "terbit": "06:42", "dhuha": "07:06", "dzuhur": "12:41", "ashr": "16:01", "magrib": "18:36", "isya": "19:47"}, {"tanggal": "2022-04-26", "imsyak": "05:16", "shubuh": "05:26", "terbit": "06:42", "dhuha": "07:06", "dzuhur": "12:40", "ashr": "16:01", "magrib": "18:35", "isya": "19:46"}, {"tanggal": "2022-04-27", "imsyak": "05:16", "shubuh": "05:26", "terbit": "06:42", "dhuha": "07:06", "dzuhur": "12:40", "ashr": "16:01", "magrib": "18:35", "isya": "19:46"}, {"tanggal": "2022-04-28", "imsyak": "05:16", "shubuh": "05:26", "terbit": "06:42", "dhuha": "07:06", "dzuhur": "12:40", "ashr": "16:01", "magrib": "18:34", "isya": "19:46"}, {"tanggal": "2022-04-29", "imsyak": "05:16", "shubuh": "05:26", "terbit": "06:42", "dhuha": "07:06", "dzuhur": "12:40", "ashr": "16:01", "magrib": "18:34", "isya": "19:45"}, {"tanggal": "2022-04-30", "imsyak": "05:16", "shubuh": "05:26", "terbit": "06:42", "dhuha": "07:06", "dzuhur": "12:40", "ashr": "16:01", "magrib": "18:34", "isya": "19:45"}]