[{"tanggal": "2022-06-01", "imsyak": "05:18", "shubuh": "05:28", "terbit": "06:47", "dhuha": "07:11", "dzuhur": "12:40", "ashr": "16:00", "magrib": "18:29", "isya": "19:43"}, {"tanggal": "2022-06-02", "imsyak": "05:18", "shubuh": "05:28", "terbit": "06:47", "dhuha": "07:11", "dzuhur": "12:40", "ashr": "16:00", "magrib": "18:29", "isya": "19:44"}, {"tanggal": "2022-06-03", "imsyak": "05:18", "shubuh": "05:28", "terbit": "06:48", "dhuha": "07:12", "dzuhur": "12:40", "ashr": "16:00", "magrib": "18:29", "isya": "19:44"}, {"tanggal": "2022-06-04", "imsyak": "05:19", "shubuh": "05:29", "terbit": "06:48", "dhuha": "07:12", "dzuhur": "12:41", "ashr": "16:00", "magrib": "18:29", "isya": "19:44"}, {"tanggal": "2022-06-05", "imsyak": "05:19", "shubuh": "05:29", "terbit": "06:48", "dhuha": "07:12", "dzuhur": "12:41", "ashr": "16:01", "magrib": "18:29", "isya": "19:44"}, {"tanggal": "2022-06-06", "imsyak": "05:19", "shubuh": "05:29", "terbit": "06:48", "dhuha": "07:12", "dzuhur": "12:41", "ashr": "16:01", "magrib": "18:29", "isya": "19:44"}, {"tanggal": "2022-06-07", "imsyak": "05:19", "shubuh": "05:29", "terbit": "06:49", "dhuha": "07:13", "dzuhur": "12:41", "ashr": "16:01", "magrib": "18:29", "isya": "19:44"}, {"tanggal": "2022-06-08", "imsyak": "05:19", "shubuh": "05:29", "terbit": "06:49", "dhuha": "07:13", "dzuhur": "12:41", "ashr": "16:01", "magrib": "18:30", "isya": "19:44"}, {"tanggal": "2022-06-09", "imsyak": "05:20", "shubuh": "05:30", "terbit": "06:49", "dhuha": "07:13", "dzuhur": "12:41", "ashr": "16:01", "magrib": "18:30", "isya": "19:45"}, {"tanggal": "2022-06-10", "imsyak": "05:20", "shubuh": "05:30", "terbit": "06:49", "dhuha": "07:13", "dzuhur": "12:42", "ashr": "16:01", "magrib": "18:30", "isya": "19:45"}, {"tanggal": "2022-06-11", "imsyak": "05:20", "shubuh": "05:30", "terbit": "06:50", "dhuha": "07:14", "dzuhur": "12:42", "ashr": "16:01", "magrib": "18:30", "isya": "19:45"}, {"tanggal": "2022-06-12", "imsyak": "05:20", "shubuh": "05:30", "terbit": "06:50", "dhuha": "07:14", "dzuhur": "12:42", "ashr": "16:02", "magrib": "18:30", "isya": "19:45"}, {"tanggal": "2022-06-13", "imsyak": "05:20", "shubuh": "05:30", "terbit": "06:50", "dhuha": "07:14", "dzuhur": "12:42", "ashr": "16:02", "magrib": "18:30", "isya": "19:45"}, {"tanggal": "2022-06-14", "imsyak": "05:21", "shubuh": "05:31", "terbit": "06:50", "dhuha": "07:14", "dzuhur": "12:42", "ashr": "16:02", "magrib": "18:30", "isya": "19:46"}, {"tanggal": "2022-06-15", "imsyak": "05:21", "shubuh": "05:31", "terbit": "06:51", "dhuha": "07:15", "dzuhur": "12:43", "ashr": "16:02", "magrib": "18:31", "isya": "19:46"}, {"tanggal": "2022-06-16", "imsyak": "05:21", "shubuh": "05:31", "terbit": "06:51", "dhuha": "07:15", "dzuhur": "12:43", "ashr": "16:02", "magrib": "18:31", "isya": "19:46"}, {"tanggal": "2022-06-17", "imsyak": "05:21", "shubuh": "05:31", "terbit": "06:51", "dhuha": "07:15", "dzuhur": "12:43", "ashr": "16:03", "magrib": "18:31", "isya": "19:46"}, {"tanggal": "2022-06-18", "imsyak": "05:21", "shubuh": "05:31", "terbit": "06:51", "dhuha": "07:15", "dzuhur": "12:43", "ashr": "16:03", "magrib": "18:31", "isya": "19:46"}, {"tanggal": "2022-06-19", "imsyak": "05:22", "shubuh": "05:32", "terbit": "06:52", "dhuha": "07:16", "dzuhur": "12:44", "ashr": "16:03", "magrib": "18:31", "isya": "19:47"}, {"tanggal": "2022-06-20", "imsyak": "05:22", "shubuh": "05:32", "terbit": "06:52", "dhuha": "07:16", "dzuhur": "12:44", "ashr": "16:03", "magrib": "18:32", "isya": "19:47"}, {"tanggal": "2022-06-21", "imsyak": "05:22", "shubuh": "05:32", "terbit": "06:52", "dhuha": "07:16", "dzuhur": "12:44", "ashr": "16:03", "magrib": "18:32", "isya": "19:47"}, {"tanggal": "2022-06-22", "imsyak": "05:22", "shubuh": "05:32", "terbit": "06:52", "dhuha": "07:16", "dzuhur": "12:44", "ashr": "16:04", "magrib": "18:32", "isya": "19:47"}, {"tanggal": "2022-06-23", "imsyak": "05:23", "shubuh": "05:33", "terbit": "06:53", "dhuha": "07:17", "dzuhur": "12:44", "ashr": "16:04", "magrib": "18:32", "isya": "19:48"}, {"tanggal": "2022-06-24", "imsyak": "05:23", "shubuh": "05:33", "terbit": "06:53", "dhuha": "07:17", "dzuhur": "12:45", "ashr": "16:04", "magrib": "18:32", "isya": "19:48"}, {"tanggal": "2022-06-25", "imsyak": "05:23", "shubuh": "05:33", "terbit": "06:53", "dhuha": "07:17", "dzuhur": "12:45", "ashr": "16:04", "magrib": "18:33", "isya": "19:48"}, {"tanggal": "2022-06-26", "imsyak": "05:23", "shubuh": "05:33", "terbit": "06:53", "dhuha": "07:17", "dzuhur": "12:45", "ashr": "16:05", "magrib": "18:33", "isya": "19:48"}, {"tanggal": "2022-06-27", "imsyak": "05:23", "shubuh": "05:33", "terbit": "06:53", "dhuha": "07:17", "dzuhur": "12:45", "ashr": "16:05", "magrib": "18:33", "isya": "19:48"}, {"tanggal": "2022-06-28", "imsyak": "05:24", "shubuh": "05:34", "terbit": "06:54", "dhuha": "07:18", "dzuhur": "12:45", "ashr": "16:05", "magrib": "18:33", "isya": "19:49"}, {"tanggal": "2022-06-29", "imsyak": "05:24", "shubuh": "05:34", "terbit": "06:54", "dhuha": "07:18", "dzuhur": "12:46", "ashr": "16:05", "magrib": "18:34", "isya": "19:49"}, {"tanggal": "2022-06-30", "imsyak": "05:24", "shubuh": "05:34", "terbit": "06:54", "dhuha": "07:18", "dzuhur": "12:46", "ashr": "16:05", "magrib": "18:34", "isya": "19:49"}]