[{"tanggal": "2022-07-01", "imsyak": "05:24", "shubuh": "05:34", "terbit": "06:54", "dhuha": "07:18", "dzuhur": "12:46", "ashr": "16:06", "magrib": "18:34", "isya": "19:49"}, {"tanggal": "2022-07-02", "imsyak": "05:24", "shubuh": "05:34", "terbit": "06:54", "dhuha": "07:18", "dzuhur": "12:46", "ashr": "16:06", "magrib": "18:34", "isya": "19:49"}, {"tanggal": "2022-07-03", "imsyak": "05:25", "shubuh": "05:35", "terbit": "06:54", "dhuha": "07:18", "dzuhur": "12:46", "ashr": "16:06", "magrib": "18:35", "isya": "19:50"}, {"tanggal": "2022-07-04", "imsyak": "05:25", "shubuh": "05:35", "terbit": "06:55", "dhuha": "07:19", "dzuhur": "12:47", "ashr": "16:06", "magrib": "18:35", "isya": "19:50"}, {"tanggal": "2022-07-05", "imsyak": "05:25", "shubuh": "05:35", "terbit": "06:55", "dhuha": "07:19", "dzuhur": "12:47", "ashr": "16:07", "magrib": "18:35", "isya": "19:50"}, {"tanggal": "2022-07-06", "imsyak": "05:25", "shubuh": "05:35", "terbit": "06:55", "dhuha": "07:19", "dzuhur": "12:47", "ashr": "16:07", "magrib": "18:35", "isya": "19:50"}, {"tanggal": "2022-07-07", "imsyak": "05:25", "shubuh": "05:35", "terbit": "06:55", "dhuha": "07:19", "dzuhur": "12:47", "ashr": "16:07", "magrib": "18:36", "isya": "19:50"}, {"tanggal": "2022-07-08", "imsyak": "05:25", "shubuh": "05:35", "terbit": "06:55", "dhuha": "07:19", "dzuhur": "12:47", "ashr": "16:07", "magrib": "18:36", "isya": "19:51"}, {"tanggal": "2022-07-09", "imsyak": "05:26", "shubuh": "05:36", "terbit": "06:55", "dhuha": "07:19", "dzuhur": "12:47", "ashr": "16:07", "magrib": "18:36", "isya": "19:51"}, {"tanggal": "2022-07-10", "imsyak": "05:26", "shubuh": "05:36", "terbit": "06:55", "dhuha": "07:19", "dzuhur": "12:48", "ashr": "16:08", "magrib": "18:36", "isya": "19:51"}, {"tanggal": "2022-07-11", "imsyak": "05:26", "shubuh": "05:36", "terbit": "06:55", "dhuha": "07:19", "dzuhur": "12:48", "ashr": "16:08", "magrib": "18:36", "isya": "19:51"}, {"tanggal": "2022-07-12", "imsyak": "05:26", "shubuh": "05:36", "terbit": "06:55", "dhuha": "07:19", "dzuhur": "12:48", "ashr": "16:08", "magrib": "18:37", "isya": "19:51"}, {"tanggal": "2022-07-13", "imsyak": "05:26", "shubuh": "05:36", "terbit": "06:55", "dhuha": "07:19", "dzuhur": "12:48", "ashr": "16:08", "magrib": "18:37", "isya": "19:51"}, {"tanggal": "2022-07-14", "imsyak": "05:26", "shubuh": "05:36", "terbit": "06:55", "dhuha": "07:19", "dzuhur": "12:48", "ashr": "16:08", "magrib": "18:37", "isya": "19:52"}, {"tanggal": "2022-07-15", "imsyak": "05:26", "shubuh": "05:36", "terbit": "06:55", "dhuha": "07:19", "dzuhur": "12:48", "ashr": "16:08", "magrib": "18:37", "isya": "19:52"}, {"tanggal": "2022-07-16", "imsyak": "05:26", "shubuh": "05:36", "terbit": "06:55", "dhuha": "07:19", "dzuhur": "12:48", "ashr": "16:09", "magrib": "18:38", "isya": "19:52"}, {"tanggal": "2022-07-17", "imsyak": "05:26", "shubuh": "05:36", "terbit": "06:55", "dhuha": "07:19", "dzuhur": "12:49", "ashr": "16:09", "magrib": "18:38", "isya": "19:52"}, {"tanggal": "2022-07-18", "imsyak": "05:26", "shubuh": "05:36", "terbit": "06:55", "dhuha": "07:19", "dzuhur": "12:49", "ashr": "16:09", "magrib": "18:38", "isya": "19:52"}, {"tanggal": "2022-07-19", "imsyak": "05:27", "shubuh": "05:37", "terbit": "06:55", "dhuha": "07:19", "dzuhur": "12:49", "ashr": "16:09", "magrib": "18:38", "isya": "19:52"}, {"tanggal": "2022-07-20", "imsyak": "05:27", "shubuh": "05:37", "terbit": "06:55", "dhuha": "07:19", "dzuhur": "12:49", "ashr": "16:09", "magrib": "18:38", "isya": "19:52"}, {"tanggal": "2022-07-21", "imsyak": "05:27", "shubuh": "05:37", "terbit": "06:55", "dhuha": "07:19", "dzuhur": "12:49", "ashr": "16:09", "magrib": "18:39", "isya": "19:52"}, {"tanggal": "2022-07-22", "imsyak": "05:27", "shubuh": "05:37", "terbit": "06:55", "dhuha": "07:19", "dzuhur": "12:49", "ashr": "16:09", "magrib": "18:39", "isya": "19:53"}, {"tanggal": "2022-07-23", "imsyak": "05:27", "shubuh": "05:37", "terbit": "06:55", "dhuha": "07:19", "dzuhur": "12:49", "ashr": "16:10", "magrib": "18:39", "isya": "19:53"}, {"tanggal": "2022-07-24", "imsyak": "05:27", "shubuh": "05:37", "terbit": "06:55", "dhuha": "07:19", "dzuhur": "12:49", "ashr": "16:10", "magrib": "18:39", "isya": "19:53"}, {"tanggal": "2022-07-25", "imsyak": "05:27", "shubuh": "05:37", "terbit": "06:55", "dhuha": "07:19", "dzuhur": "12:49", "ashr": "16:10", "magrib": "18:39", "isya": "19:53"}, {"tanggal": "2022-07-26", "imsyak": "05:27", "shubuh": "05:37", "terbit": "06:55", "dhuha": "07:19", "dzuhur": "12:49", "ashr": "16:10", "magrib": "18:39", "isya": "19:53"}, {"tanggal": "2022-07-27", "imsyak": "05:27", "shubuh": "05:37", "terbit": "06:54", "dhuha": "07:18", "dzuhur": "12:49", "ashr": "16:10", "magrib": "18:40", "isya": "19:53"}, {"tanggal": "2022-07-28", "imsyak": "05:27", "shubuh": "05:37", "terbit": "06:54", "dhuha": "07:18", "dzuhur": "12:49", "ashr": "16:10", "magrib": "18:40", "isya": "19:53"}, {"tanggal": "2022-07-29", "imsyak": "05:26", "shubuh": "05:36", "terbit": "06:54", "dhuha": "07:18", "dzuhur": "12:49", "ashr": "16:10", "magrib": "18:40", "isya": "19:53"}, {"tanggal": "2022-07-30", "imsyak": "05:26", "shubuh": "05:36", "terbit": "06:54", "dhuha": "07:18", "dzuhur": "12:49", "ashr": "16:10", "magrib": "18:40", "isya": "19:53"}, {"tanggal": "2022-07-31", "imsyak": "05:26", "shubuh": "05:36", "terbit": "06:54", "dhuha": "07:18", "dzuhur": "12:49", "ashr": "16:10", "magrib": "18:40", "isya": "19:53"}]