[{"tanggal": "2022-08-01", "imsyak": "05:26", "shubuh": "05:36", "terbit": "06:53", "dhuha": "07:17", "dzuhur": "12:49", "ashr": "16:10", "magrib": "18:40", "isya": "19:53"}, {"tanggal": "2022-08-02", "imsyak": "05:26", "shubuh": "05:36", "terbit": "06:53", "dhuha": "07:17", "dzuhur": "12:49", "ashr": "16:10", "magrib": "18:40", "isya": "19:53"}, {"tanggal": "2022-08-03", "imsyak": "05:26", "shubuh": "05:36", "terbit": "06:53", "dhuha": "07:17", "dzuhur": "12:49", "ashr": "16:10", "magrib": "18:41", "isya": "19:53"}, {"tanggal": "2022-08-04", "imsyak": "05:26", "shubuh": "05:36", "terbit": "06:53", "dhuha": "07:17", "dzuhur": "12:49", "ashr": "16:10", "magrib": "18:41", "isya": "19:53"}, {"tanggal": "2022-08-05", "imsyak": "05:26", "shubuh": "05:36", "terbit": "06:52", "dhuha": "07:16", "dzuhur": "12:49", "ashr": "16:10", "magrib": "18:41", "isya": "19:53"}, {"tanggal": "2022-08-06", "imsyak": "05:25", "shubuh": "05:35", "terbit": "06:52", "dhuha": "07:16", "dzuhur": "12:48", "ashr": "16:10", "magrib": "18:41", "isya": "19:53"}, {"tanggal": "2022-08-07", "imsyak": "05:25", "shubuh": "05:35", "terbit": "06:52", "dhuha": "07:16", "dzuhur": "12:48", "ashr": "16:10", "magrib": "18:41", "isya": "19:53"}, {"tanggal": "2022-08-08", "imsyak": "05:25", "shubuh": "05:35", "terbit": "06:52", "dhuha": "07:16", "dzuhur": "12:48", "ashr": "16:09", "magrib": "18:41", "isya": "19:53"}, {"tanggal": "2022-08-09", "imsyak": "05:25", "shubuh": "05:35", "terbit": "06:51", "dhuha": "07:15", "dzuhur": "12:48", "ashr": "16:09", "magrib": "18:41", "isya": "19:53"}, {"tanggal": "2022-08-10", "imsyak": "05:25", "shubuh": "05:35", "terbit": "06:51", "dhuha": "07:15", "dzuhur": "12:48", "ashr": "16:09", "magrib": "18:41", "isya": "19:53"}, {"tanggal": "2022-08-11", "imsyak": "05:24", "shubuh": "05:34", "terbit": "06:51", "dhuha": "07:15", "dzuhur": "12:48", "ashr": "16:09", "magrib": "18:41", "isya": "19:53"}, {"tanggal": "2022-08-12", "imsyak": "05:24", "shubuh": "05:34", "terbit": "06:50", "dhuha": "07:14", "dzuhur": "12:48", "ashr": "16:09", "magrib": "18:41", "isya": "19:53"}, {"tanggal": "2022-08-13", "imsyak": "05:24", "shubuh": "05:34", "terbit": "06:50", "dhuha": "07:14", "dzuhur": "12:48", "ashr": "16:09", "magrib": "18:41", "isya": "19:53"}, {"tanggal": "2022-08-14", "imsyak": "05:24", "shubuh": "05:34", "terbit": "06:50", "dhuha": "07:14", "dzuhur": "12:47", "ashr": "16:09", "magrib": "18:41", "isya": "19:53"}, {"tanggal": "2022-08-15", "imsyak": "05:23", "shubuh": "05:33", "terbit": "06:49", "dhuha": "07:13", "dzuhur": "12:47", "ashr": "16:08", "magrib": "18:41", "isya": "19:53"}, {"tanggal": "2022-08-16", "imsyak": "05:23", "shubuh": "05:33", "terbit": "06:49", "dhuha": "07:13", "dzuhur": "12:47", "ashr": "16:08", "magrib": "18:41", "isya": "19:53"}, {"tanggal": "2022-08-17", "imsyak": "05:23", "shubuh": "05:33", "terbit": "06:48", "dhuha": "07:12", "dzuhur": "12:47", "ashr": "16:08", "magrib": "18:41", "isya": "19:53"}, {"tanggal": "2022-08-18", "imsyak": "05:23", "shubuh": "05:33", "terbit": "06:48", "dhuha": "07:12", "dzuhur": "12:47", "ashr": "16:08", "magrib": "18:41", "isya": "19:52"}, {"tanggal": "2022-08-19", "imsyak": "05:22", "shubuh": "05:32", "terbit": "06:48", "dhuha": "07:12", "dzuhur": "12:46", "ashr": "16:07", "magrib": "18:41", "isya": "19:52"}, {"tanggal": "2022-08-20", "imsyak": "05:22", "shubuh": "05:32", "terbit": "06:47", "dhuha": "07:11", "dzuhur": "12:46", "ashr": "16:07", "magrib": "18:41", "isya": "19:52"}, {"tanggal": "2022-08-21", "imsyak": "05:21", "shubuh": "05:31", "terbit": "06:47", "dhuha": "07:11", "dzuhur": "12:46", "ashr": "16:07", "magrib": "18:41", "isya": "19:52"}, {"tanggal": "2022-08-22", "imsyak": "05:21", "shubuh": "05:31", "terbit": "06:46", "dhuha": "07:10", "dzuhur": "12:46", "ashr": "16:07", "magrib": "18:41", "isya": "19:52"}, {"tanggal": "2022-08-23", "imsyak": "05:21", "shubuh": "05:31", "terbit": "06:46", "dhuha": "07:10", "dzuhur": "12:45", "ashr": "16:06", "magrib": "18:41", "isya": "19:52"}, {"tanggal": "2022-08-24", "imsyak": "05:20", "shubuh": "05:30", "terbit": "06:45", "dhuha": "07:09", "dzuhur": "12:45", "ashr": "16:06", "magrib": "18:41", "isya": "19:52"}, {"tanggal": "2022-08-25", "imsyak": "05:20", "shubuh": "05:30", "terbit": "06:45", "dhuha": "07:09", "dzuhur": "12:45", "ashr": "16:06", "magrib": "18:41", "isya": "19:52"}, {"tanggal": "2022-08-26", "imsyak": "05:20", "shubuh": "05:30", "terbit": "06:44", "dhuha": "07:08", "dzuhur": "12:45", "ashr": "16:05", "magrib": "18:41", "isya": "19:52"}, {"tanggal": "2022-08-27", "imsyak": "05:19", "shubuh": "05:29", "terbit": "06:44", "dhuha": "07:08", "dzuhur": "12:44", "ashr": "16:05", "magrib": "18:41", "isya": "19:51"}, {"tanggal": "2022-08-28", "imsyak": "05:19", "shubuh": "05:29", "terbit": "06:43", "dhuha": "07:07", "dzuhur": "12:44", "ashr": "16:04", "magrib": "18:41", "isya": "19:51"}, {"tanggal": "2022-08-29", "imsyak": "05:18", "shubuh": "05:28", "terbit": "06:43", "dhuha": "07:07", "dzuhur": "12:44", "ashr": "16:04", "magrib": "18:41", "isya": "19:51"}, {"tanggal": "2022-08-30", "imsyak": "05:18", "shubuh": "05:28", "terbit": "06:42", "dhuha": "07:06", "dzuhur": "12:43", "ashr": "16:04", "magrib": "18:41", "isya": "19:51"}, {"tanggal": "2022-08-31", "imsyak": "05:17", "shubuh": "05:27", "terbit": "06:42", "dhuha": "07:06", "dzuhur": "12:43", "ashr": "16:03", "magrib": "18:41", "isya": "19:51"}]