[{"tanggal": "2022-09-01", "imsyak": "05:17", "shubuh": "05:27", "terbit": "06:41", "dhuha": "07:05", "dzuhur": "12:43", "ashr": "16:03", "magrib": "18:41", "isya": "19:51"}, {"tanggal": "2022-09-02", "imsyak": "05:16", "shubuh": "05:26", "terbit": "06:41", "dhuha": "07:05", "dzuhur": "12:43", "ashr": "16:02", "magrib": "18:41", "isya": "19:51"}, {"tanggal": "2022-09-03", "imsyak": "05:16", "shubuh": "05:26", "terbit": "06:40", "dhuha": "07:04", "dzuhur": "12:42", "ashr": "16:02", "magrib": "18:40", "isya": "19:50"}, {"tanggal": "2022-09-04", "imsyak": "05:15", "shubuh": "05:25", "terbit": "06:39", "dhuha": "07:03", "dzuhur": "12:42", "ashr": "16:01", "magrib": "18:40", "isya": "19:50"}, {"tanggal": "2022-09-05", "imsyak": "05:15", "shubuh": "05:25", "terbit": "06:39", "dhuha": "07:03", "dzuhur": "12:42", "ashr": "16:01", "magrib": "18:40", "isya": "19:50"}, {"tanggal": "2022-09-06", "imsyak": "05:14", "shubuh": "05:24", "terbit": "06:38", "dhuha": "07:02", "dzuhur": "12:41", "ashr": "16:00", "magrib": "18:40", "isya": "19:50"}, {"tanggal": "2022-09-07", "imsyak": "05:14", "shubuh": "05:24", "terbit": "06:38", "dhuha": "07:02", "dzuhur": "12:41", "ashr": "16:00", "magrib": "18:40", "isya": "19:50"}, {"tanggal": "2022-09-08", "imsyak": "05:13", "shubuh": "05:23", "terbit": "06:37", "dhuha": "07:01", "dzuhur": "12:41", "ashr": "15:59", "magrib": "18:40", "isya": "19:50"}, {"tanggal": "2022-09-09", "imsyak": "05:13", "shubuh": "05:23", "terbit": "06:37", "dhuha": "07:01", "dzuhur": "12:40", "ashr": "15:59", "magrib": "18:40", "isya": "19:50"}, {"tanggal": "2022-09-10", "imsyak": "05:12", "shubuh": "05:22", "terbit": "06:36", "dhuha": "07:00", "dzuhur": "12:40", "ashr": "15:58", "magrib": "18:40", "isya": "19:49"}, {"tanggal": "2022-09-11", "imsyak": "05:12", "shubuh": "05:22", "terbit": "06:35", "dhuha": "06:59", "dzuhur": "12:39", "ashr": "15:58", "magrib": "18:40", "isya": "19:49"}, {"tanggal": "2022-09-12", "imsyak": "05:11", "shubuh": "05:21", "terbit": "06:35", "dhuha": "06:59", "dzuhur": "12:39", "ashr": "15:57", "magrib": "18:40", "isya": "19:49"}, {"tanggal": "2022-09-13", "imsyak": "05:11", "shubuh": "05:21", "terbit": "06:34", "dhuha": "06:58", "dzuhur": "12:39", "ashr": "15:57", "magrib": "18:39", "isya": "19:49"}, {"tanggal": "2022-09-14", "imsyak": "05:10", "shubuh": "05:20", "terbit": "06:34", "dhuha": "06:58", "dzuhur": "12:38", "ashr": "15:56", "magrib": "18:39", "isya": "19:49"}, {"tanggal": "2022-09-15", "imsyak": "05:09", "shubuh": "05:19", "terbit": "06:33", "dhuha": "06:57", "dzuhur": "12:38", "ashr": "15:55", "magrib": "18:39", "isya": "19:49"}, {"tanggal": "2022-09-16", "imsyak": "05:09", "shubuh": "05:19", "terbit": "06:32", "dhuha": "06:56", "dzuhur": "12:38", "ashr": "15:55", "magrib": "18:39", "isya": "19:49"}, {"tanggal": "2022-09-17", "imsyak": "05:08", "shubuh": "05:18", "terbit": "06:32", "dhuha": "06:56", "dzuhur": "12:37", "ashr": "15:54", "magrib": "18:39", "isya": "19:49"}, {"tanggal": "2022-09-18", "imsyak": "05:08", "shubuh": "05:18", "terbit": "06:31", "dhuha": "06:55", "dzuhur": "12:37", "ashr": "15:53", "magrib": "18:39", "isya": "19:48"}, {"tanggal": "2022-09-19", "imsyak": "05:07", "shubuh": "05:17", "terbit": "06:31", "dhuha": "06:55", "dzuhur": "12:37", "ashr": "15:53", "magrib": "18:39", "isya": "19:48"}, {"tanggal": "2022-09-20", "imsyak": "05:06", "shubuh": "05:16", "terbit": "06:30", "dhuha": "06:54", "dzuhur": "12:36", "ashr": "15:52", "magrib": "18:39", "isya": "19:48"}, {"tanggal": "2022-09-21", "imsyak": "05:06", "shubuh": "05:16", "terbit": "06:29", "dhuha": "06:53", "dzuhur": "12:36", "ashr": "15:51", "magrib": "18:39", "isya": "19:48"}, {"tanggal": "2022-09-22", "imsyak": "05:05", "shubuh": "05:15", "terbit": "06:29", "dhuha": "06:53", "dzuhur": "12:36", "ashr": "15:51", "magrib": "18:38", "isya": "19:48"}, {"tanggal": "2022-09-23", "imsyak": "05:05", "shubuh": "05:15", "terbit": "06:28", "dhuha": "06:52", "dzuhur": "12:35", "ashr": "15:50", "magrib": "18:38", "isya": "19:48"}, {"tanggal": "2022-09-24", "imsyak": "05:04", "shubuh": "05:14", "terbit": "06:28", "dhuha": "06:52", "dzuhur": "12:35", "ashr": "15:49", "magrib": "18:38", "isya": "19:48"}, {"tanggal": "2022-09-25", "imsyak": "05:03", "shubuh": "05:13", "terbit": "06:27", "dhuha": "06:51", "dzuhur": "12:35", "ashr": "15:49", "magrib": "18:38", "isya": "19:48"}, {"tanggal": "2022-09-26", "imsyak": "05:03", "shubuh": "05:13", "terbit": "06:26", "dhuha": "06:50", "dzuhur": "12:34", "ashr": "15:48", "magrib": "18:38", "isya": "19:48"}, {"tanggal": "2022-09-27", "imsyak": "05:02", "shubuh": "05:12", "terbit": "06:26", "dhuha": "06:50", "dzuhur": "12:34", "ashr": "15:47", "magrib": "18:38", "isya": "19:48"}, {"tanggal": "2022-09-28", "imsyak": "05:01", "shubuh": "05:11", "terbit": "06:25", "dhuha": "06:49", "dzuhur": "12:33", "ashr": "15:46", "magrib": "18:38", "isya": "19:48"}, {"tanggal": "2022-09-29", "imsyak": "05:01", "shubuh": "05:11", "terbit": "06:25", "dhuha": "06:49", "dzuhur": "12:33", "ashr": "15:46", "magrib": "18:38", "isya": "19:48"}, {"tanggal": "2022-09-30", "imsyak": "05:00", "shubuh": "05:10", "terbit": "06:24", "dhuha": "06:48", "dzuhur": "12:33", "ashr": "15:45", "magrib": "18:38", "isya": "19:47"}]