[{"tanggal": "2022-11-01", "imsyak": "04:43", "shubuh": "04:53", "terbit": "06:09", "dhuha": "06:33", "dzuhur": "12:26", "ashr": "15:39", "magrib": "18:39", "isya": "19:51"}, {"tanggal": "2022-11-02", "imsyak": "04:42", "shubuh": "04:52", "terbit": "06:09", "dhuha": "06:33", "dzuhur": "12:26", "ashr": "15:39", "magrib": "18:39", "isya": "19:52"}, {"tanggal": "2022-11-03", "imsyak": "04:42", "shubuh": "04:52", "terbit": "06:09", "dhuha": "06:33", "dzuhur": "12:26", "ashr": "15:40", "magrib": "18:39", "isya": "19:52"}, {"tanggal": "2022-11-04", "imsyak": "04:41", "shubuh": "04:51", "terbit": "06:09", "dhuha": "06:33", "dzuhur": "12:26", "ashr": "15:41", "magrib": "18:39", "isya": "19:52"}, {"tanggal": "2022-11-05", "imsyak": "04:41", "shubuh": "04:51", "terbit": "06:08", "dhuha": "06:32", "dzuhur": "12:26", "ashr": "15:41", "magrib": "18:40", "isya": "19:53"}, {"tanggal": "2022-11-06", "imsyak": "04:41", "shubuh": "04:51", "terbit": "06:08", "dhuha": "06:32", "dzuhur": "12:26", "ashr": "15:42", "magrib": "18:40", "isya": "19:53"}, {"tanggal": "2022-11-07", "imsyak": "04:40", "shubuh": "04:50", "terbit": "06:08", "dhuha": "06:32", "dzuhur": "12:26", "ashr": "15:42", "magrib": "18:40", "isya": "19:53"}, {"tanggal": "2022-11-08", "imsyak": "04:40", "shubuh": "04:50", "terbit": "06:08", "dhuha": "06:32", "dzuhur": "12:26", "ashr": "15:43", "magrib": "18:40", "isya": "19:54"}, {"tanggal": "2022-11-09", "imsyak": "04:40", "shubuh": "04:50", "terbit": "06:08", "dhuha": "06:32", "dzuhur": "12:26", "ashr": "15:43", "magrib": "18:41", "isya": "19:54"}, {"tanggal": "2022-11-10", "imsyak": "04:39", "shubuh": "04:49", "terbit": "06:08", "dhuha": "06:32", "dzuhur": "12:26", "ashr": "15:44", "magrib": "18:41", "isya": "19:55"}, {"tanggal": "2022-11-11", "imsyak": "04:39", "shubuh": "04:49", "terbit": "06:07", "dhuha": "06:31", "dzuhur": "12:26", "ashr": "15:44", "magrib": "18:41", "isya": "19:55"}, {"tanggal": "2022-11-12", "imsyak": "04:39", "shubuh": "04:49", "terbit": "06:07", "dhuha": "06:31", "dzuhur": "12:26", "ashr": "15:45", "magrib": "18:42", "isya": "19:55"}, {"tanggal": "2022-11-13", "imsyak": "04:39", "shubuh": "04:49", "terbit": "06:07", "dhuha": "06:31", "dzuhur": "12:27", "ashr": "15:46", "magrib": "18:42", "isya": "19:56"}, {"tanggal": "2022-11-14", "imsyak": "04:38", "shubuh": "04:48", "terbit": "06:07", "dhuha": "06:31", "dzuhur": "12:27", "ashr": "15:46", "magrib": "18:42", "isya": "19:56"}, {"tanggal": "2022-11-15", "imsyak": "04:38", "shubuh": "04:48", "terbit": "06:07", "dhuha": "06:31", "dzuhur": "12:27", "ashr": "15:47", "magrib": "18:43", "isya": "19:57"}, {"tanggal": "2022-11-16", "imsyak": "04:38", "shubuh": "04:48", "terbit": "06:07", "dhuha": "06:31", "dzuhur": "12:27", "ashr": "15:47", "magrib": "18:43", "isya": "19:57"}, {"tanggal": "2022-11-17", "imsyak": "04:38", "shubuh": "04:48", "terbit": "06:07", "dhuha": "06:31", "dzuhur": "12:27", "ashr": "15:48", "magrib": "18:43", "isya": "19:58"}, {"tanggal": "2022-11-18", "imsyak": "04:38", "shubuh": "04:48", "terbit": "06:07", "dhuha": "06:31", "dzuhur": "12:27", "ashr": "15:48", "magrib": "18:44", "isya": "19:58"}, {"tanggal": "2022-11-19", "imsyak": "04:38", "shubuh": "04:48", "terbit": "06:07", "dhuha": "06:31", "dzuhur": "12:28", "ashr": "15:49", "magrib": "18:44", "isya": "19:59"}, {"tanggal": "2022-11-20", "imsyak": "04:37", "shubuh": "04:47", "terbit": "06:07", "dhuha": "06:31", "dzuhur": "12:28", "ashr": "15:50", "magrib": "18:44", "isya": "19:59"}, {"tanggal": "2022-11-21", "imsyak": "04:37", "shubuh": "04:47", "terbit": "06:07", "dhuha": "06:31", "dzuhur": "12:28", "ashr": "15:50", "magrib": "18:45", "isya": "20:00"}, {"tanggal": "2022-11-22", "imsyak": "04:37", "shubuh": "04:47", "terbit": "06:07", "dhuha": "06:31", "dzuhur": "12:28", "ashr": "15:51", "magrib": "18:45", "isya": "20:00"}, {"tanggal": "2022-11-23", "imsyak": "04:37", "shubuh": "04:47", "terbit": "06:07", "dhuha": "06:31", "dzuhur": "12:28", "ashr": "15:51", "magrib": "18:46", "isya": "20:01"}, {"tanggal": "2022-11-24", "imsyak": "04:37", "shubuh": "04:47", "terbit": "06:07", "dhuha": "06:31", "dzuhur": "12:29", "ashr": "15:52", "magrib": "18:46", "isya": "20:02"}, {"tanggal": "2022-11-25", "imsyak": "04:37", "shubuh": "04:47", "terbit": "06:08", "dhuha": "06:32", "dzuhur": "12:29", "ashr": "15:52", "magrib": "18:47", "isya": "20:02"}, {"tanggal": "2022-11-26", "imsyak": "04:37", "shubuh": "04:47", "terbit": "06:08", "dhuha": "06:32", "dzuhur": "12:29", "ashr": "15:53", "magrib": "18:47", "isya": "20:03"}, {"tanggal": "2022-11-27", "imsyak": "04:37", "shubuh": "04:47", "terbit": "06:08", "dhuha": "06:32", "dzuhur": "12:30", "ashr": "15:54", "magrib": "18:47", "isya": "20:03"}, {"tanggal": "2022-11-28", "imsyak": "04:37", "shubuh": "04:47", "terbit": "06:08", "dhuha": "06:32", "dzuhur": "12:30", "ashr": "15:54", "magrib": "18:48", "isya": "20:04"}, {"tanggal": "2022-11-29", "imsyak": "04:37", "shubuh": "04:47", "terbit": "06:08", "dhuha": "06:32", "dzuhur": "12:30", "ashr": "15:55", "magrib": "18:48", "isya": "20:04"}, {"tanggal": "2022-11-30", "imsyak": "04:37", "shubuh": "04:47", "terbit": "06:08", "dhuha": "06:32", "dzuhur": "12:31", "ashr": "15:55", "magrib": "18:49", "isya": "20:05"}]