[{"tanggal": "2022-12-01", "imsyak": "04:37", "shubuh": "04:47", "terbit": "06:09", "dhuha": "06:33", "dzuhur": "12:31", "ashr": "15:56", "magrib": "18:49", "isya": "20:06"}, {"tanggal": "2022-12-02", "imsyak": "04:38", "shubuh": "04:48", "terbit": "06:09", "dhuha": "06:33", "dzuhur": "12:31", "ashr": "15:56", "magrib": "18:50", "isya": "20:06"}, {"tanggal": "2022-12-03", "imsyak": "04:38", "shubuh": "04:48", "terbit": "06:09", "dhuha": "06:33", "dzuhur": "12:32", "ashr": "15:57", "magrib": "18:50", "isya": "20:07"}, {"tanggal": "2022-12-04", "imsyak": "04:38", "shubuh": "04:48", "terbit": "06:09", "dhuha": "06:33", "dzuhur": "12:32", "ashr": "15:58", "magrib": "18:51", "isya": "20:07"}, {"tanggal": "2022-12-05", "imsyak": "04:38", "shubuh": "04:48", "terbit": "06:10", "dhuha": "06:34", "dzuhur": "12:33", "ashr": "15:58", "magrib": "18:51", "isya": "20:08"}, {"tanggal": "2022-12-06", "imsyak": "04:38", "shubuh": "04:48", "terbit": "06:10", "dhuha": "06:34", "dzuhur": "12:33", "ashr": "15:59", "magrib": "18:52", "isya": "20:09"}, {"tanggal": "2022-12-07", "imsyak": "04:39", "shubuh": "04:49", "terbit": "06:10", "dhuha": "06:34", "dzuhur": "12:33", "ashr": "15:59", "magrib": "18:52", "isya": "20:09"}, {"tanggal": "2022-12-08", "imsyak": "04:39", "shubuh": "04:49", "terbit": "06:11", "dhuha": "06:35", "dzuhur": "12:34", "ashr": "16:00", "magrib": "18:53", "isya": "20:10"}, {"tanggal": "2022-12-09", "imsyak": "04:39", "shubuh": "04:49", "terbit": "06:11", "dhuha": "06:35", "dzuhur": "12:34", "ashr": "16:01", "magrib": "18:53", "isya": "20:10"}, {"tanggal": "2022-12-10", "imsyak": "04:39", "shubuh": "04:49", "terbit": "06:11", "dhuha": "06:35", "dzuhur": "12:35", "ashr": "16:01", "magrib": "18:54", "isya": "20:11"}, {"tanggal": "2022-12-11", "imsyak": "04:40", "shubuh": "04:50", "terbit": "06:12", "dhuha": "06:36", "dzuhur": "12:35", "ashr": "16:02", "magrib": "18:54", "isya": "20:11"}, {"tanggal": "2022-12-12", "imsyak": "04:40", "shubuh": "04:50", "terbit": "06:12", "dhuha": "06:36", "dzuhur": "12:36", "ashr": "16:02", "magrib": "18:55", "isya": "20:12"}, {"tanggal": "2022-12-13", "imsyak": "04:40", "shubuh": "04:50", "terbit": "06:13", "dhuha": "06:37", "dzuhur": "12:36", "ashr": "16:03", "magrib": "18:55", "isya": "20:13"}, {"tanggal": "2022-12-14", "imsyak": "04:41", "shubuh": "04:51", "terbit": "06:13", "dhuha": "06:37", "dzuhur": "12:36", "ashr": "16:03", "magrib": "18:56", "isya": "20:13"}, {"tanggal": "2022-12-15", "imsyak": "04:41", "shubuh": "04:51", "terbit": "06:13", "dhuha": "06:37", "dzuhur": "12:37", "ashr": "16:04", "magrib": "18:57", "isya": "20:14"}, {"tanggal": "2022-12-16", "imsyak": "04:41", "shubuh": "04:51", "terbit": "06:14", "dhuha": "06:38", "dzuhur": "12:37", "ashr": "16:05", "magrib": "18:57", "isya": "20:14"}, {"tanggal": "2022-12-17", "imsyak": "04:42", "shubuh": "04:52", "terbit": "06:14", "dhuha": "06:38", "dzuhur": "12:38", "ashr": "16:05", "magrib": "18:58", "isya": "20:15"}, {"tanggal": "2022-12-18", "imsyak": "04:42", "shubuh": "04:52", "terbit": "06:15", "dhuha": "06:39", "dzuhur": "12:38", "ashr": "16:06", "magrib": "18:58", "isya": "20:15"}, {"tanggal": "2022-12-19", "imsyak": "04:43", "shubuh": "04:53", "terbit": "06:15", "dhuha": "06:39", "dzuhur": "12:39", "ashr": "16:06", "magrib": "18:59", "isya": "20:16"}, {"tanggal": "2022-12-20", "imsyak": "04:43", "shubuh": "04:53", "terbit": "06:16", "dhuha": "06:40", "dzuhur": "12:39", "ashr": "16:07", "magrib": "18:59", "isya": "20:16"}, {"tanggal": "2022-12-21", "imsyak": "04:44", "shubuh": "04:54", "terbit": "06:16", "dhuha": "06:40", "dzuhur": "12:40", "ashr": "16:07", "magrib": "19:00", "isya": "20:17"}, {"tanggal": "2022-12-22", "imsyak": "04:44", "shubuh": "04:54", "terbit": "06:17", "dhuha": "06:41", "dzuhur": "12:40", "ashr": "16:08", "magrib": "19:00", "isya": "20:17"}, {"tanggal": "2022-12-23", "imsyak": "04:45", "shubuh": "04:55", "terbit": "06:17", "dhuha": "06:41", "dzuhur": "12:41", "ashr": "16:08", "magrib": "19:01", "isya": "20:18"}, {"tanggal": "2022-12-24", "imsyak": "04:45", "shubuh": "04:55", "terbit": "06:18", "dhuha": "06:42", "dzuhur": "12:41", "ashr": "16:09", "magrib": "19:01", "isya": "20:18"}, {"tanggal": "2022-12-25", "imsyak": "04:46", "shubuh": "04:56", "terbit": "06:18", "dhuha": "06:42", "dzuhur": "12:42", "ashr": "16:09", "magrib": "19:02", "isya": "20:19"}, {"tanggal": "2022-12-26", "imsyak": "04:46", "shubuh": "04:56", "terbit": "06:19", "dhuha": "06:43", "dzuhur": "12:42", "ashr": "16:10", "magrib": "19:02", "isya": "20:19"}, {"tanggal": "2022-12-27", "imsyak": "04:47", "shubuh": "04:57", "terbit": "06:19", "dhuha": "06:43", "dzuhur": "12:43", "ashr": "16:10", "magrib": "19:03", "isya": "20:20"}, {"tanggal": "2022-12-28", "imsyak": "04:47", "shubuh": "04:57", "terbit": "06:20", "dhuha": "06:44", "dzuhur": "12:43", "ashr": "16:11", "magrib": "19:03", "isya": "20:20"}, {"tanggal": "2022-12-29", "imsyak": "04:48", "shubuh": "04:58", "terbit": "06:20", "dhuha": "06:44", "dzuhur": "12:44", "ashr": "16:11", "magrib": "19:03", "isya": "20:21"}, {"tanggal": "2022-12-30", "imsyak": "04:48", "shubuh": "04:58", "terbit": "06:21", "dhuha": "06:45", "dzuhur": "12:44", "ashr": "16:11", "magrib": "19:04", "isya": "20:21"}, {"tanggal": "2022-12-31", "imsyak": "04:49", "shubuh": "04:59", "terbit": "06:21", "dhuha": "06:45", "dzuhur": "12:45", "ashr": "16:12", "magrib": "19:04", "isya": "20:21"}]