[{"imsyak": "05:04", "shubuh": "05:14", "dzuhur": "12:33", "tanggal": "2020-04-01", "terbit": "06:27", "magrib": "18:35", "isya": "19:44", "dhuha": "06:51", "ashr": "15:46"}, {"imsyak": "05:04", "shubuh": "05:14", "dzuhur": "12:33", "tanggal": "2020-04-02", "terbit": "06:27", "magrib": "18:35", "isya": "19:44", "dhuha": "06:51", "ashr": "15:46"}, {"imsyak": "05:04", "shubuh": "05:14", "dzuhur": "12:33", "tanggal": "2020-04-03", "terbit": "06:27", "magrib": "18:35", "isya": "19:44", "dhuha": "06:51", "ashr": "15:46"}, {"imsyak": "05:04", "shubuh": "05:14", "dzuhur": "12:32", "tanggal": "2020-04-04", "terbit": "06:27", "magrib": "18:34", "isya": "19:43", "dhuha": "06:51", "ashr": "15:47"}, {"imsyak": "05:03", "shubuh": "05:13", "dzuhur": "12:32", "tanggal": "2020-04-05", "terbit": "06:26", "magrib": "18:34", "isya": "19:43", "dhuha": "06:50", "ashr": "15:47"}, {"imsyak": "05:03", "shubuh": "05:13", "dzuhur": "12:32", "tanggal": "2020-04-06", "terbit": "06:26", "magrib": "18:33", "isya": "19:43", "dhuha": "06:50", "ashr": "15:47"}, {"imsyak": "05:03", "shubuh": "05:13", "dzuhur": "12:32", "tanggal": "2020-04-07", "terbit": "06:26", "magrib": "18:33", "isya": "19:42", "dhuha": "06:50", "ashr": "15:47"}, {"imsyak": "05:03", "shubuh": "05:13", "dzuhur": "12:31", "tanggal": "2020-04-08", "terbit": "06:26", "magrib": "18:33", "isya": "19:42", "dhuha": "06:50", "ashr": "15:47"}, {"imsyak": "05:02", "shubuh": "05:12", "dzuhur": "12:31", "tanggal": "2020-04-09", "terbit": "06:26", "magrib": "18:32", "isya": "19:42", "dhuha": "06:50", "ashr": "15:47"}, {"imsyak": "05:02", "shubuh": "05:12", "dzuhur": "12:31", "tanggal": "2020-04-10", "terbit": "06:26", "magrib": "18:32", "isya": "19:41", "dhuha": "06:50", "ashr": "15:47"}, {"imsyak": "05:02", "shubuh": "05:12", "dzuhur": "12:31", "tanggal": "2020-04-11", "terbit": "06:25", "magrib": "18:32", "isya": "19:41", "dhuha": "06:49", "ashr": "15:47"}, {"imsyak": "05:02", "shubuh": "05:12", "dzuhur": "12:30", "tanggal": "2020-04-12", "terbit": "06:25", "magrib": "18:31", "isya": "19:41", "dhuha": "06:49", "ashr": "15:47"}, {"imsyak": "05:01", "shubuh": "05:11", "dzuhur": "12:30", "tanggal": "2020-04-13", "terbit": "06:25", "magrib": "18:31", "isya": "19:41", "dhuha": "06:49", "ashr": "15:47"}, {"imsyak": "05:01", "shubuh": "05:11", "dzuhur": "12:30", "tanggal": "2020-04-14", "terbit": "06:25", "magrib": "18:31", "isya": "19:40", "dhuha": "06:49", "ashr": "15:47"}, {"imsyak": "05:01", "shubuh": "05:11", "dzuhur": "12:30", "tanggal": "2020-04-15", "terbit": "06:25", "magrib": "18:30", "isya": "19:40", "dhuha": "06:49", "ashr": "15:47"}, {"imsyak": "05:01", "shubuh": "05:11", "dzuhur": "12:29", "tanggal": "2020-04-16", "terbit": "06:25", "magrib": "18:30", "isya": "19:40", "dhuha": "06:49", "ashr": "15:47"}, {"imsyak": "05:00", "shubuh": "05:10", "dzuhur": "12:29", "tanggal": "2020-04-17", "terbit": "06:24", "magrib": "18:30", "isya": "19:40", "dhuha": "06:48", "ashr": "15:47"}, {"imsyak": "05:00", "shubuh": "05:10", "dzuhur": "12:29", "tanggal": "2020-04-18", "terbit": "06:24", "magrib": "18:29", "isya": "19:39", "dhuha": "06:48", "ashr": "15:48"}, {"imsyak": "05:00", "shubuh": "05:10", "dzuhur": "12:29", "tanggal": "2020-04-19", "terbit": "06:24", "magrib": "18:29", "isya": "19:39", "dhuha": "06:48", "ashr": "15:48"}, {"imsyak": "05:00", "shubuh": "05:10", "dzuhur": "12:28", "tanggal": "2020-04-20", "terbit": "06:24", "magrib": "18:29", "isya": "19:39", "dhuha": "06:48", "ashr": "15:48"}, {"imsyak": "05:00", "shubuh": "05:10", "dzuhur": "12:28", "tanggal": "2020-04-21", "terbit": "06:24", "magrib": "18:28", "isya": "19:39", "dhuha": "06:48", "ashr": "15:48"}, {"imsyak": "04:59", "shubuh": "05:09", "dzuhur": "12:28", "tanggal": "2020-04-22", "terbit": "06:24", "magrib": "18:28", "isya": "19:38", "dhuha": "06:48", "ashr": "15:48"}, {"imsyak": "04:59", "shubuh": "05:09", "dzuhur": "12:28", "tanggal": "2020-04-23", "terbit": "06:24", "magrib": "18:28", "isya": "19:38", "dhuha": "06:48", "ashr": "15:48"}, {"imsyak": "04:59", "shubuh": "05:09", "dzuhur": "12:28", "tanggal": "2020-04-24", "terbit": "06:24", "magrib": "18:28", "isya": "19:38", "dhuha": "06:48", "ashr": "15:48"}, {"imsyak": "04:59", "shubuh": "05:09", "dzuhur": "12:27", "tanggal": "2020-04-25", "terbit": "06:24", "magrib": "18:27", "isya": "19:38", "dhuha": "06:48", "ashr": "15:48"}, {"imsyak": "04:59", "shubuh": "05:09", "dzuhur": "12:27", "tanggal": "2020-04-26", "terbit": "06:23", "magrib": "18:27", "isya": "19:38", "dhuha": "06:47", "ashr": "15:48"}, {"imsyak": "04:58", "shubuh": "05:08", "dzuhur": "12:27", "tanggal": "2020-04-27", "terbit": "06:23", "magrib": "18:27", "isya": "19:38", "dhuha": "06:47", "ashr": "15:48"}, {"imsyak": "04:58", "shubuh": "05:08", "dzuhur": "12:27", "tanggal": "2020-04-28", "terbit": "06:23", "magrib": "18:27", "isya": "19:37", "dhuha": "06:47", "ashr": "15:48"}, {"imsyak": "04:58", "shubuh": "05:08", "dzuhur": "12:27", "tanggal": "2020-04-29", "terbit": "06:23", "magrib": "18:26", "isya": "19:37", "dhuha": "06:47", "ashr": "15:48"}, {"imsyak": "04:58", "shubuh": "05:08", "dzuhur": "12:27", "tanggal": "2020-04-30", "terbit": "06:23", "magrib": "18:26", "isya": "19:37", "dhuha": "06:47", "ashr": "15:48"}]