[{"imsyak": "04:58", "shubuh": "05:08", "dzuhur": "12:27", "tanggal": "2020-05-01", "terbit": "06:23", "magrib": "18:26", "isya": "19:37", "dhuha": "06:47", "ashr": "15:48"}, {"imsyak": "04:58", "shubuh": "05:08", "dzuhur": "12:26", "tanggal": "2020-05-02", "terbit": "06:23", "magrib": "18:26", "isya": "19:37", "dhuha": "06:47", "ashr": "15:48"}, {"imsyak": "04:57", "shubuh": "05:07", "dzuhur": "12:26", "tanggal": "2020-05-03", "terbit": "06:23", "magrib": "18:26", "isya": "19:37", "dhuha": "06:47", "ashr": "15:48"}, {"imsyak": "04:57", "shubuh": "05:07", "dzuhur": "12:26", "tanggal": "2020-05-04", "terbit": "06:23", "magrib": "18:25", "isya": "19:37", "dhuha": "06:47", "ashr": "15:48"}, {"imsyak": "04:57", "shubuh": "05:07", "dzuhur": "12:26", "tanggal": "2020-05-05", "terbit": "06:23", "magrib": "18:25", "isya": "19:37", "dhuha": "06:47", "ashr": "15:48"}, {"imsyak": "04:57", "shubuh": "05:07", "dzuhur": "12:26", "tanggal": "2020-05-06", "terbit": "06:23", "magrib": "18:25", "isya": "19:37", "dhuha": "06:47", "ashr": "15:48"}, {"imsyak": "04:57", "shubuh": "05:07", "dzuhur": "12:26", "tanggal": "2020-05-07", "terbit": "06:23", "magrib": "18:25", "isya": "19:37", "dhuha": "06:47", "ashr": "15:48"}, {"imsyak": "04:57", "shubuh": "05:07", "dzuhur": "12:26", "tanggal": "2020-05-08", "terbit": "06:23", "magrib": "18:25", "isya": "19:37", "dhuha": "06:47", "ashr": "15:48"}, {"imsyak": "04:57", "shubuh": "05:07", "dzuhur": "12:26", "tanggal": "2020-05-09", "terbit": "06:23", "magrib": "18:25", "isya": "19:37", "dhuha": "06:47", "ashr": "15:48"}, {"imsyak": "04:57", "shubuh": "05:07", "dzuhur": "12:26", "tanggal": "2020-05-10", "terbit": "06:23", "magrib": "18:25", "isya": "19:37", "dhuha": "06:47", "ashr": "15:48"}, {"imsyak": "04:57", "shubuh": "05:07", "dzuhur": "12:26", "tanggal": "2020-05-11", "terbit": "06:23", "magrib": "18:25", "isya": "19:37", "dhuha": "06:47", "ashr": "15:48"}, {"imsyak": "04:56", "shubuh": "05:06", "dzuhur": "12:26", "tanggal": "2020-05-12", "terbit": "06:23", "magrib": "18:24", "isya": "19:37", "dhuha": "06:47", "ashr": "15:48"}, {"imsyak": "04:56", "shubuh": "05:06", "dzuhur": "12:26", "tanggal": "2020-05-13", "terbit": "06:23", "magrib": "18:24", "isya": "19:37", "dhuha": "06:47", "ashr": "15:48"}, {"imsyak": "04:56", "shubuh": "05:06", "dzuhur": "12:26", "tanggal": "2020-05-14", "terbit": "06:23", "magrib": "18:24", "isya": "19:37", "dhuha": "06:47", "ashr": "15:49"}, {"imsyak": "04:56", "shubuh": "05:06", "dzuhur": "12:26", "tanggal": "2020-05-15", "terbit": "06:23", "magrib": "18:24", "isya": "19:37", "dhuha": "06:47", "ashr": "15:49"}, {"imsyak": "04:56", "shubuh": "05:06", "dzuhur": "12:26", "tanggal": "2020-05-16", "terbit": "06:23", "magrib": "18:24", "isya": "19:37", "dhuha": "06:47", "ashr": "15:49"}, {"imsyak": "04:56", "shubuh": "05:06", "dzuhur": "12:26", "tanggal": "2020-05-17", "terbit": "06:23", "magrib": "18:24", "isya": "19:37", "dhuha": "06:47", "ashr": "15:49"}, {"imsyak": "04:56", "shubuh": "05:06", "dzuhur": "12:26", "tanggal": "2020-05-18", "terbit": "06:24", "magrib": "18:24", "isya": "19:37", "dhuha": "06:48", "ashr": "15:49"}, {"imsyak": "04:56", "shubuh": "05:06", "dzuhur": "12:26", "tanggal": "2020-05-19", "terbit": "06:24", "magrib": "18:24", "isya": "19:37", "dhuha": "06:48", "ashr": "15:49"}, {"imsyak": "04:56", "shubuh": "05:06", "dzuhur": "12:26", "tanggal": "2020-05-20", "terbit": "06:24", "magrib": "18:24", "isya": "19:37", "dhuha": "06:48", "ashr": "15:49"}, {"imsyak": "04:56", "shubuh": "05:06", "dzuhur": "12:26", "tanggal": "2020-05-21", "terbit": "06:24", "magrib": "18:24", "isya": "19:37", "dhuha": "06:48", "ashr": "15:49"}, {"imsyak": "04:56", "shubuh": "05:06", "dzuhur": "12:26", "tanggal": "2020-05-22", "terbit": "06:24", "magrib": "18:24", "isya": "19:37", "dhuha": "06:48", "ashr": "15:49"}, {"imsyak": "04:56", "shubuh": "05:06", "dzuhur": "12:26", "tanggal": "2020-05-23", "terbit": "06:24", "magrib": "18:24", "isya": "19:38", "dhuha": "06:48", "ashr": "15:49"}, {"imsyak": "04:56", "shubuh": "05:06", "dzuhur": "12:26", "tanggal": "2020-05-24", "terbit": "06:24", "magrib": "18:24", "isya": "19:38", "dhuha": "06:48", "ashr": "15:50"}, {"imsyak": "04:56", "shubuh": "05:06", "dzuhur": "12:26", "tanggal": "2020-05-25", "terbit": "06:24", "magrib": "18:24", "isya": "19:38", "dhuha": "06:48", "ashr": "15:50"}, {"imsyak": "04:56", "shubuh": "05:06", "dzuhur": "12:26", "tanggal": "2020-05-26", "terbit": "06:25", "magrib": "18:24", "isya": "19:38", "dhuha": "06:49", "ashr": "15:50"}, {"imsyak": "04:56", "shubuh": "05:06", "dzuhur": "12:27", "tanggal": "2020-05-27", "terbit": "06:25", "magrib": "18:24", "isya": "19:38", "dhuha": "06:49", "ashr": "15:50"}, {"imsyak": "04:56", "shubuh": "05:06", "dzuhur": "12:27", "tanggal": "2020-05-28", "terbit": "06:25", "magrib": "18:24", "isya": "19:38", "dhuha": "06:49", "ashr": "15:50"}, {"imsyak": "04:57", "shubuh": "05:07", "dzuhur": "12:27", "tanggal": "2020-05-29", "terbit": "06:25", "magrib": "18:25", "isya": "19:38", "dhuha": "06:49", "ashr": "15:50"}, {"imsyak": "04:57", "shubuh": "05:07", "dzuhur": "12:27", "tanggal": "2020-05-30", "terbit": "06:25", "magrib": "18:25", "isya": "19:39", "dhuha": "06:49", "ashr": "15:50"}, {"imsyak": "04:57", "shubuh": "05:07", "dzuhur": "12:27", "tanggal": "2020-05-31", "terbit": "06:25", "magrib": "18:25", "isya": "19:39", "dhuha": "06:49", "ashr": "15:51"}]