[{"imsyak": "04:57", "shubuh": "05:07", "dzuhur": "12:27", "tanggal": "2020-06-01", "terbit": "06:26", "magrib": "18:25", "isya": "19:39", "dhuha": "06:50", "ashr": "15:51"}, {"imsyak": "04:57", "shubuh": "05:07", "dzuhur": "12:27", "tanggal": "2020-06-02", "terbit": "06:26", "magrib": "18:25", "isya": "19:39", "dhuha": "06:50", "ashr": "15:51"}, {"imsyak": "04:57", "shubuh": "05:07", "dzuhur": "12:28", "tanggal": "2020-06-03", "terbit": "06:26", "magrib": "18:25", "isya": "19:39", "dhuha": "06:50", "ashr": "15:51"}, {"imsyak": "04:57", "shubuh": "05:07", "dzuhur": "12:28", "tanggal": "2020-06-04", "terbit": "06:26", "magrib": "18:25", "isya": "19:40", "dhuha": "06:50", "ashr": "15:51"}, {"imsyak": "04:57", "shubuh": "05:07", "dzuhur": "12:28", "tanggal": "2020-06-05", "terbit": "06:26", "magrib": "18:25", "isya": "19:40", "dhuha": "06:50", "ashr": "15:52"}, {"imsyak": "04:57", "shubuh": "05:07", "dzuhur": "12:28", "tanggal": "2020-06-06", "terbit": "06:27", "magrib": "18:26", "isya": "19:40", "dhuha": "06:51", "ashr": "15:52"}, {"imsyak": "04:58", "shubuh": "05:08", "dzuhur": "12:28", "tanggal": "2020-06-07", "terbit": "06:27", "magrib": "18:26", "isya": "19:40", "dhuha": "06:51", "ashr": "15:52"}, {"imsyak": "04:58", "shubuh": "05:08", "dzuhur": "12:28", "tanggal": "2020-06-08", "terbit": "06:27", "magrib": "18:26", "isya": "19:40", "dhuha": "06:51", "ashr": "15:52"}, {"imsyak": "04:58", "shubuh": "05:08", "dzuhur": "12:29", "tanggal": "2020-06-09", "terbit": "06:27", "magrib": "18:26", "isya": "19:41", "dhuha": "06:51", "ashr": "15:52"}, {"imsyak": "04:58", "shubuh": "05:08", "dzuhur": "12:29", "tanggal": "2020-06-10", "terbit": "06:27", "magrib": "18:26", "isya": "19:41", "dhuha": "06:51", "ashr": "15:53"}, {"imsyak": "04:58", "shubuh": "05:08", "dzuhur": "12:29", "tanggal": "2020-06-11", "terbit": "06:28", "magrib": "18:26", "isya": "19:41", "dhuha": "06:52", "ashr": "15:53"}, {"imsyak": "04:58", "shubuh": "05:08", "dzuhur": "12:29", "tanggal": "2020-06-12", "terbit": "06:28", "magrib": "18:27", "isya": "19:41", "dhuha": "06:52", "ashr": "15:53"}, {"imsyak": "04:59", "shubuh": "05:09", "dzuhur": "12:29", "tanggal": "2020-06-13", "terbit": "06:28", "magrib": "18:27", "isya": "19:42", "dhuha": "06:52", "ashr": "15:53"}, {"imsyak": "04:59", "shubuh": "05:09", "dzuhur": "12:30", "tanggal": "2020-06-14", "terbit": "06:28", "magrib": "18:27", "isya": "19:42", "dhuha": "06:52", "ashr": "15:53"}, {"imsyak": "04:59", "shubuh": "05:09", "dzuhur": "12:30", "tanggal": "2020-06-15", "terbit": "06:29", "magrib": "18:27", "isya": "19:42", "dhuha": "06:53", "ashr": "15:54"}, {"imsyak": "04:59", "shubuh": "05:09", "dzuhur": "12:30", "tanggal": "2020-06-16", "terbit": "06:29", "magrib": "18:27", "isya": "19:42", "dhuha": "06:53", "ashr": "15:54"}, {"imsyak": "04:59", "shubuh": "05:09", "dzuhur": "12:30", "tanggal": "2020-06-17", "terbit": "06:29", "magrib": "18:28", "isya": "19:42", "dhuha": "06:53", "ashr": "15:54"}, {"imsyak": "05:00", "shubuh": "05:10", "dzuhur": "12:31", "tanggal": "2020-06-18", "terbit": "06:29", "magrib": "18:28", "isya": "19:43", "dhuha": "06:53", "ashr": "15:54"}, {"imsyak": "05:00", "shubuh": "05:10", "dzuhur": "12:31", "tanggal": "2020-06-19", "terbit": "06:29", "magrib": "18:28", "isya": "19:43", "dhuha": "06:53", "ashr": "15:54"}, {"imsyak": "05:00", "shubuh": "05:10", "dzuhur": "12:31", "tanggal": "2020-06-20", "terbit": "06:30", "magrib": "18:28", "isya": "19:43", "dhuha": "06:54", "ashr": "15:55"}, {"imsyak": "05:00", "shubuh": "05:10", "dzuhur": "12:31", "tanggal": "2020-06-21", "terbit": "06:30", "magrib": "18:28", "isya": "19:43", "dhuha": "06:54", "ashr": "15:55"}, {"imsyak": "05:00", "shubuh": "05:10", "dzuhur": "12:31", "tanggal": "2020-06-22", "terbit": "06:30", "magrib": "18:29", "isya": "19:44", "dhuha": "06:54", "ashr": "15:55"}, {"imsyak": "05:01", "shubuh": "05:11", "dzuhur": "12:32", "tanggal": "2020-06-23", "terbit": "06:30", "magrib": "18:29", "isya": "19:44", "dhuha": "06:54", "ashr": "15:55"}, {"imsyak": "05:01", "shubuh": "05:11", "dzuhur": "12:32", "tanggal": "2020-06-24", "terbit": "06:31", "magrib": "18:29", "isya": "19:44", "dhuha": "06:55", "ashr": "15:56"}, {"imsyak": "05:01", "shubuh": "05:11", "dzuhur": "12:32", "tanggal": "2020-06-25", "terbit": "06:31", "magrib": "18:29", "isya": "19:44", "dhuha": "06:55", "ashr": "15:56"}, {"imsyak": "05:01", "shubuh": "05:11", "dzuhur": "12:32", "tanggal": "2020-06-26", "terbit": "06:31", "magrib": "18:30", "isya": "19:44", "dhuha": "06:55", "ashr": "15:56"}, {"imsyak": "05:02", "shubuh": "05:12", "dzuhur": "12:32", "tanggal": "2020-06-27", "terbit": "06:31", "magrib": "18:30", "isya": "19:45", "dhuha": "06:55", "ashr": "15:56"}, {"imsyak": "05:02", "shubuh": "05:12", "dzuhur": "12:33", "tanggal": "2020-06-28", "terbit": "06:31", "magrib": "18:30", "isya": "19:45", "dhuha": "06:55", "ashr": "15:56"}, {"imsyak": "05:02", "shubuh": "05:12", "dzuhur": "12:33", "tanggal": "2020-06-29", "terbit": "06:32", "magrib": "18:30", "isya": "19:45", "dhuha": "06:56", "ashr": "15:57"}, {"imsyak": "05:02", "shubuh": "05:12", "dzuhur": "12:33", "tanggal": "2020-06-30", "terbit": "06:32", "magrib": "18:30", "isya": "19:45", "dhuha": "06:56", "ashr": "15:57"}]