[{"imsyak": "05:02", "shubuh": "05:12", "dzuhur": "12:33", "tanggal": "2020-07-01", "terbit": "06:32", "magrib": "18:31", "isya": "19:45", "dhuha": "06:56", "ashr": "15:57"}, {"imsyak": "05:03", "shubuh": "05:13", "dzuhur": "12:33", "tanggal": "2020-07-02", "terbit": "06:32", "magrib": "18:31", "isya": "19:46", "dhuha": "06:56", "ashr": "15:57"}, {"imsyak": "05:03", "shubuh": "05:13", "dzuhur": "12:34", "tanggal": "2020-07-03", "terbit": "06:32", "magrib": "18:31", "isya": "19:46", "dhuha": "06:56", "ashr": "15:57"}, {"imsyak": "05:03", "shubuh": "05:13", "dzuhur": "12:34", "tanggal": "2020-07-04", "terbit": "06:32", "magrib": "18:31", "isya": "19:46", "dhuha": "06:56", "ashr": "15:58"}, {"imsyak": "05:03", "shubuh": "05:13", "dzuhur": "12:34", "tanggal": "2020-07-05", "terbit": "06:33", "magrib": "18:31", "isya": "19:46", "dhuha": "06:57", "ashr": "15:58"}, {"imsyak": "05:04", "shubuh": "05:14", "dzuhur": "12:34", "tanggal": "2020-07-06", "terbit": "06:33", "magrib": "18:32", "isya": "19:46", "dhuha": "06:57", "ashr": "15:58"}, {"imsyak": "05:04", "shubuh": "05:14", "dzuhur": "12:34", "tanggal": "2020-07-07", "terbit": "06:33", "magrib": "18:32", "isya": "19:46", "dhuha": "06:57", "ashr": "15:58"}, {"imsyak": "05:04", "shubuh": "05:14", "dzuhur": "12:34", "tanggal": "2020-07-08", "terbit": "06:33", "magrib": "18:32", "isya": "19:46", "dhuha": "06:57", "ashr": "15:58"}, {"imsyak": "05:04", "shubuh": "05:14", "dzuhur": "12:35", "tanggal": "2020-07-09", "terbit": "06:33", "magrib": "18:32", "isya": "19:46", "dhuha": "06:57", "ashr": "15:58"}, {"imsyak": "05:04", "shubuh": "05:14", "dzuhur": "12:35", "tanggal": "2020-07-10", "terbit": "06:33", "magrib": "18:32", "isya": "19:47", "dhuha": "06:57", "ashr": "15:58"}, {"imsyak": "05:04", "shubuh": "05:14", "dzuhur": "12:35", "tanggal": "2020-07-11", "terbit": "06:33", "magrib": "18:33", "isya": "19:47", "dhuha": "06:57", "ashr": "15:59"}, {"imsyak": "05:05", "shubuh": "05:15", "dzuhur": "12:35", "tanggal": "2020-07-12", "terbit": "06:33", "magrib": "18:33", "isya": "19:47", "dhuha": "06:57", "ashr": "15:59"}, {"imsyak": "05:05", "shubuh": "05:15", "dzuhur": "12:35", "tanggal": "2020-07-13", "terbit": "06:33", "magrib": "18:33", "isya": "19:47", "dhuha": "06:57", "ashr": "15:59"}, {"imsyak": "05:05", "shubuh": "05:15", "dzuhur": "12:35", "tanggal": "2020-07-14", "terbit": "06:34", "magrib": "18:33", "isya": "19:47", "dhuha": "06:58", "ashr": "15:59"}, {"imsyak": "05:05", "shubuh": "05:15", "dzuhur": "12:35", "tanggal": "2020-07-15", "terbit": "06:34", "magrib": "18:33", "isya": "19:47", "dhuha": "06:58", "ashr": "15:59"}, {"imsyak": "05:05", "shubuh": "05:15", "dzuhur": "12:35", "tanggal": "2020-07-16", "terbit": "06:34", "magrib": "18:33", "isya": "19:47", "dhuha": "06:58", "ashr": "15:59"}, {"imsyak": "05:05", "shubuh": "05:15", "dzuhur": "12:36", "tanggal": "2020-07-17", "terbit": "06:34", "magrib": "18:33", "isya": "19:47", "dhuha": "06:58", "ashr": "15:59"}, {"imsyak": "05:06", "shubuh": "05:16", "dzuhur": "12:36", "tanggal": "2020-07-18", "terbit": "06:34", "magrib": "18:34", "isya": "19:47", "dhuha": "06:58", "ashr": "15:59"}, {"imsyak": "05:06", "shubuh": "05:16", "dzuhur": "12:36", "tanggal": "2020-07-19", "terbit": "06:34", "magrib": "18:34", "isya": "19:47", "dhuha": "06:58", "ashr": "15:59"}, {"imsyak": "05:06", "shubuh": "05:16", "dzuhur": "12:36", "tanggal": "2020-07-20", "terbit": "06:34", "magrib": "18:34", "isya": "19:47", "dhuha": "06:58", "ashr": "15:59"}, {"imsyak": "05:06", "shubuh": "05:16", "dzuhur": "12:36", "tanggal": "2020-07-21", "terbit": "06:34", "magrib": "18:34", "isya": "19:47", "dhuha": "06:58", "ashr": "15:59"}, {"imsyak": "05:06", "shubuh": "05:16", "dzuhur": "12:36", "tanggal": "2020-07-22", "terbit": "06:34", "magrib": "18:34", "isya": "19:47", "dhuha": "06:58", "ashr": "15:59"}, {"imsyak": "05:06", "shubuh": "05:16", "dzuhur": "12:36", "tanggal": "2020-07-23", "terbit": "06:34", "magrib": "18:34", "isya": "19:47", "dhuha": "06:58", "ashr": "15:59"}, {"imsyak": "05:06", "shubuh": "05:16", "dzuhur": "12:36", "tanggal": "2020-07-24", "terbit": "06:34", "magrib": "18:34", "isya": "19:47", "dhuha": "06:58", "ashr": "15:59"}, {"imsyak": "05:06", "shubuh": "05:16", "dzuhur": "12:36", "tanggal": "2020-07-25", "terbit": "06:34", "magrib": "18:34", "isya": "19:47", "dhuha": "06:58", "ashr": "15:59"}, {"imsyak": "05:06", "shubuh": "05:16", "dzuhur": "12:36", "tanggal": "2020-07-26", "terbit": "06:34", "magrib": "18:34", "isya": "19:47", "dhuha": "06:58", "ashr": "15:59"}, {"imsyak": "05:06", "shubuh": "05:16", "dzuhur": "12:36", "tanggal": "2020-07-27", "terbit": "06:34", "magrib": "18:34", "isya": "19:47", "dhuha": "06:58", "ashr": "15:59"}, {"imsyak": "05:06", "shubuh": "05:16", "dzuhur": "12:36", "tanggal": "2020-07-28", "terbit": "06:34", "magrib": "18:34", "isya": "19:47", "dhuha": "06:58", "ashr": "15:59"}, {"imsyak": "05:06", "shubuh": "05:16", "dzuhur": "12:36", "tanggal": "2020-07-29", "terbit": "06:33", "magrib": "18:34", "isya": "19:47", "dhuha": "06:57", "ashr": "15:59"}, {"imsyak": "05:06", "shubuh": "05:16", "dzuhur": "12:36", "tanggal": "2020-07-30", "terbit": "06:33", "magrib": "18:34", "isya": "19:47", "dhuha": "06:57", "ashr": "15:59"}, {"imsyak": "05:06", "shubuh": "05:16", "dzuhur": "12:36", "tanggal": "2020-07-31", "terbit": "06:33", "magrib": "18:34", "isya": "19:47", "dhuha": "06:57", "ashr": "15:59"}]