[{"imsyak": "05:06", "shubuh": "05:16", "dzuhur": "12:36", "tanggal": "2020-08-01", "terbit": "06:33", "magrib": "18:34", "isya": "19:47", "dhuha": "06:57", "ashr": "15:58"}, {"imsyak": "05:06", "shubuh": "05:16", "dzuhur": "12:36", "tanggal": "2020-08-02", "terbit": "06:33", "magrib": "18:34", "isya": "19:47", "dhuha": "06:57", "ashr": "15:58"}, {"imsyak": "05:06", "shubuh": "05:16", "dzuhur": "12:36", "tanggal": "2020-08-03", "terbit": "06:33", "magrib": "18:34", "isya": "19:46", "dhuha": "06:57", "ashr": "15:58"}, {"imsyak": "05:06", "shubuh": "05:16", "dzuhur": "12:36", "tanggal": "2020-08-04", "terbit": "06:33", "magrib": "18:34", "isya": "19:46", "dhuha": "06:57", "ashr": "15:58"}, {"imsyak": "05:06", "shubuh": "05:16", "dzuhur": "12:35", "tanggal": "2020-08-05", "terbit": "06:33", "magrib": "18:34", "isya": "19:46", "dhuha": "06:57", "ashr": "15:58"}, {"imsyak": "05:06", "shubuh": "05:16", "dzuhur": "12:35", "tanggal": "2020-08-06", "terbit": "06:32", "magrib": "18:34", "isya": "19:46", "dhuha": "06:56", "ashr": "15:58"}, {"imsyak": "05:06", "shubuh": "05:16", "dzuhur": "12:35", "tanggal": "2020-08-07", "terbit": "06:32", "magrib": "18:34", "isya": "19:46", "dhuha": "06:56", "ashr": "15:57"}, {"imsyak": "05:06", "shubuh": "05:16", "dzuhur": "12:35", "tanggal": "2020-08-08", "terbit": "06:32", "magrib": "18:34", "isya": "19:46", "dhuha": "06:56", "ashr": "15:57"}, {"imsyak": "05:06", "shubuh": "05:16", "dzuhur": "12:35", "tanggal": "2020-08-09", "terbit": "06:32", "magrib": "18:34", "isya": "19:46", "dhuha": "06:56", "ashr": "15:57"}, {"imsyak": "05:06", "shubuh": "05:16", "dzuhur": "12:35", "tanggal": "2020-08-10", "terbit": "06:32", "magrib": "18:34", "isya": "19:45", "dhuha": "06:56", "ashr": "15:56"}, {"imsyak": "05:06", "shubuh": "05:16", "dzuhur": "12:35", "tanggal": "2020-08-11", "terbit": "06:31", "magrib": "18:34", "isya": "19:45", "dhuha": "06:55", "ashr": "15:56"}, {"imsyak": "05:06", "shubuh": "05:16", "dzuhur": "12:35", "tanggal": "2020-08-12", "terbit": "06:31", "magrib": "18:34", "isya": "19:45", "dhuha": "06:55", "ashr": "15:56"}, {"imsyak": "05:06", "shubuh": "05:16", "dzuhur": "12:34", "tanggal": "2020-08-13", "terbit": "06:31", "magrib": "18:34", "isya": "19:45", "dhuha": "06:55", "ashr": "15:56"}, {"imsyak": "05:05", "shubuh": "05:15", "dzuhur": "12:34", "tanggal": "2020-08-14", "terbit": "06:31", "magrib": "18:34", "isya": "19:45", "dhuha": "06:55", "ashr": "15:55"}, {"imsyak": "05:05", "shubuh": "05:15", "dzuhur": "12:34", "tanggal": "2020-08-15", "terbit": "06:30", "magrib": "18:34", "isya": "19:44", "dhuha": "06:54", "ashr": "15:55"}, {"imsyak": "05:05", "shubuh": "05:15", "dzuhur": "12:34", "tanggal": "2020-08-16", "terbit": "06:30", "magrib": "18:34", "isya": "19:44", "dhuha": "06:54", "ashr": "15:54"}, {"imsyak": "05:05", "shubuh": "05:15", "dzuhur": "12:34", "tanggal": "2020-08-17", "terbit": "06:30", "magrib": "18:33", "isya": "19:44", "dhuha": "06:54", "ashr": "15:54"}, {"imsyak": "05:05", "shubuh": "05:15", "dzuhur": "12:33", "tanggal": "2020-08-18", "terbit": "06:29", "magrib": "18:33", "isya": "19:44", "dhuha": "06:53", "ashr": "15:54"}, {"imsyak": "05:04", "shubuh": "05:14", "dzuhur": "12:33", "tanggal": "2020-08-19", "terbit": "06:29", "magrib": "18:33", "isya": "19:44", "dhuha": "06:53", "ashr": "15:53"}, {"imsyak": "05:04", "shubuh": "05:14", "dzuhur": "12:33", "tanggal": "2020-08-20", "terbit": "06:29", "magrib": "18:33", "isya": "19:43", "dhuha": "06:53", "ashr": "15:53"}, {"imsyak": "05:04", "shubuh": "05:14", "dzuhur": "12:33", "tanggal": "2020-08-21", "terbit": "06:28", "magrib": "18:33", "isya": "19:43", "dhuha": "06:52", "ashr": "15:52"}, {"imsyak": "05:04", "shubuh": "05:14", "dzuhur": "12:32", "tanggal": "2020-08-22", "terbit": "06:28", "magrib": "18:33", "isya": "19:43", "dhuha": "06:52", "ashr": "15:52"}, {"imsyak": "05:04", "shubuh": "05:14", "dzuhur": "12:32", "tanggal": "2020-08-23", "terbit": "06:28", "magrib": "18:32", "isya": "19:43", "dhuha": "06:52", "ashr": "15:51"}, {"imsyak": "05:03", "shubuh": "05:13", "dzuhur": "12:32", "tanggal": "2020-08-24", "terbit": "06:27", "magrib": "18:32", "isya": "19:42", "dhuha": "06:51", "ashr": "15:51"}, {"imsyak": "05:03", "shubuh": "05:13", "dzuhur": "12:32", "tanggal": "2020-08-25", "terbit": "06:27", "magrib": "18:32", "isya": "19:42", "dhuha": "06:51", "ashr": "15:50"}, {"imsyak": "05:03", "shubuh": "05:13", "dzuhur": "12:31", "tanggal": "2020-08-26", "terbit": "06:27", "magrib": "18:32", "isya": "19:42", "dhuha": "06:51", "ashr": "15:50"}, {"imsyak": "05:02", "shubuh": "05:12", "dzuhur": "12:31", "tanggal": "2020-08-27", "terbit": "06:26", "magrib": "18:32", "isya": "19:42", "dhuha": "06:50", "ashr": "15:49"}, {"imsyak": "05:02", "shubuh": "05:12", "dzuhur": "12:31", "tanggal": "2020-08-28", "terbit": "06:26", "magrib": "18:32", "isya": "19:41", "dhuha": "06:50", "ashr": "15:49"}, {"imsyak": "05:02", "shubuh": "05:12", "dzuhur": "12:30", "tanggal": "2020-08-29", "terbit": "06:26", "magrib": "18:31", "isya": "19:41", "dhuha": "06:50", "ashr": "15:48"}, {"imsyak": "05:02", "shubuh": "05:12", "dzuhur": "12:30", "tanggal": "2020-08-30", "terbit": "06:25", "magrib": "18:31", "isya": "19:41", "dhuha": "06:49", "ashr": "15:47"}, {"imsyak": "05:01", "shubuh": "05:11", "dzuhur": "12:30", "tanggal": "2020-08-31", "terbit": "06:25", "magrib": "18:31", "isya": "19:40", "dhuha": "06:49", "ashr": "15:47"}]