[{"tanggal": "2020-09-01", "imsyak": "05:01", "shubuh": "05:11", "terbit": "06:24", "dhuha": "06:48", "dzuhur": "12:30", "ashr": "15:46", "magrib": "18:31", "isya": "19:40"}, {"tanggal": "2020-09-02", "imsyak": "05:01", "shubuh": "05:11", "terbit": "06:24", "dhuha": "06:48", "dzuhur": "12:29", "ashr": "15:46", "magrib": "18:30", "isya": "19:40"}, {"tanggal": "2020-09-03", "imsyak": "05:00", "shubuh": "05:10", "terbit": "06:24", "dhuha": "06:48", "dzuhur": "12:29", "ashr": "15:45", "magrib": "18:30", "isya": "19:40"}, {"tanggal": "2020-09-04", "imsyak": "05:00", "shubuh": "05:10", "terbit": "06:23", "dhuha": "06:47", "dzuhur": "12:29", "ashr": "15:44", "magrib": "18:30", "isya": "19:39"}, {"tanggal": "2020-09-05", "imsyak": "04:59", "shubuh": "05:09", "terbit": "06:23", "dhuha": "06:47", "dzuhur": "12:28", "ashr": "15:43", "magrib": "18:30", "isya": "19:39"}, {"tanggal": "2020-09-06", "imsyak": "04:59", "shubuh": "05:09", "terbit": "06:22", "dhuha": "06:46", "dzuhur": "12:28", "ashr": "15:43", "magrib": "18:29", "isya": "19:39"}, {"tanggal": "2020-09-07", "imsyak": "04:59", "shubuh": "05:09", "terbit": "06:22", "dhuha": "06:46", "dzuhur": "12:28", "ashr": "15:42", "magrib": "18:29", "isya": "19:38"}, {"tanggal": "2020-09-08", "imsyak": "04:58", "shubuh": "05:08", "terbit": "06:21", "dhuha": "06:45", "dzuhur": "12:27", "ashr": "15:41", "magrib": "18:29", "isya": "19:38"}, {"tanggal": "2020-09-09", "imsyak": "04:58", "shubuh": "05:08", "terbit": "06:21", "dhuha": "06:45", "dzuhur": "12:27", "ashr": "15:41", "magrib": "18:29", "isya": "19:38"}, {"tanggal": "2020-09-10", "imsyak": "04:57", "shubuh": "05:07", "terbit": "06:21", "dhuha": "06:45", "dzuhur": "12:26", "ashr": "15:40", "magrib": "18:29", "isya": "19:37"}, {"tanggal": "2020-09-11", "imsyak": "04:57", "shubuh": "05:07", "terbit": "06:20", "dhuha": "06:44", "dzuhur": "12:26", "ashr": "15:39", "magrib": "18:28", "isya": "19:37"}, {"tanggal": "2020-09-12", "imsyak": "04:57", "shubuh": "05:07", "terbit": "06:20", "dhuha": "06:44", "dzuhur": "12:26", "ashr": "15:38", "magrib": "18:28", "isya": "19:37"}, {"tanggal": "2020-09-13", "imsyak": "04:56", "shubuh": "05:06", "terbit": "06:19", "dhuha": "06:43", "dzuhur": "12:25", "ashr": "15:37", "magrib": "18:28", "isya": "19:37"}, {"tanggal": "2020-09-14", "imsyak": "04:56", "shubuh": "05:06", "terbit": "06:19", "dhuha": "06:43", "dzuhur": "12:25", "ashr": "15:37", "magrib": "18:27", "isya": "19:36"}, {"tanggal": "2020-09-15", "imsyak": "04:55", "shubuh": "05:05", "terbit": "06:18", "dhuha": "06:42", "dzuhur": "12:25", "ashr": "15:36", "magrib": "18:27", "isya": "19:36"}, {"tanggal": "2020-09-16", "imsyak": "04:55", "shubuh": "05:05", "terbit": "06:18", "dhuha": "06:42", "dzuhur": "12:24", "ashr": "15:35", "magrib": "18:27", "isya": "19:36"}, {"tanggal": "2020-09-17", "imsyak": "04:55", "shubuh": "05:05", "terbit": "06:17", "dhuha": "06:41", "dzuhur": "12:24", "ashr": "15:34", "magrib": "18:27", "isya": "19:36"}, {"tanggal": "2020-09-18", "imsyak": "04:54", "shubuh": "05:04", "terbit": "06:17", "dhuha": "06:41", "dzuhur": "12:24", "ashr": "15:33", "magrib": "18:26", "isya": "19:35"}, {"tanggal": "2020-09-19", "imsyak": "04:54", "shubuh": "05:04", "terbit": "06:16", "dhuha": "06:40", "dzuhur": "12:23", "ashr": "15:32", "magrib": "18:26", "isya": "19:35"}, {"tanggal": "2020-09-20", "imsyak": "04:53", "shubuh": "05:03", "terbit": "06:16", "dhuha": "06:40", "dzuhur": "12:23", "ashr": "15:31", "magrib": "18:26", "isya": "19:35"}, {"tanggal": "2020-09-21", "imsyak": "04:53", "shubuh": "05:03", "terbit": "06:16", "dhuha": "06:40", "dzuhur": "12:23", "ashr": "15:30", "magrib": "18:26", "isya": "19:34"}, {"tanggal": "2020-09-22", "imsyak": "04:52", "shubuh": "05:02", "terbit": "06:15", "dhuha": "06:39", "dzuhur": "12:22", "ashr": "15:29", "magrib": "18:25", "isya": "19:34"}, {"tanggal": "2020-09-23", "imsyak": "04:52", "shubuh": "05:02", "terbit": "06:15", "dhuha": "06:39", "dzuhur": "12:22", "ashr": "15:28", "magrib": "18:25", "isya": "19:34"}, {"tanggal": "2020-09-24", "imsyak": "04:51", "shubuh": "05:01", "terbit": "06:14", "dhuha": "06:38", "dzuhur": "12:22", "ashr": "15:27", "magrib": "18:25", "isya": "19:34"}, {"tanggal": "2020-09-25", "imsyak": "04:51", "shubuh": "05:01", "terbit": "06:14", "dhuha": "06:38", "dzuhur": "12:21", "ashr": "15:27", "magrib": "18:25", "isya": "19:34"}, {"tanggal": "2020-09-26", "imsyak": "04:50", "shubuh": "05:00", "terbit": "06:13", "dhuha": "06:37", "dzuhur": "12:21", "ashr": "15:26", "magrib": "18:24", "isya": "19:33"}, {"tanggal": "2020-09-27", "imsyak": "04:50", "shubuh": "05:00", "terbit": "06:13", "dhuha": "06:37", "dzuhur": "12:20", "ashr": "15:25", "magrib": "18:24", "isya": "19:33"}, {"tanggal": "2020-09-28", "imsyak": "04:50", "shubuh": "05:00", "terbit": "06:12", "dhuha": "06:36", "dzuhur": "12:20", "ashr": "15:24", "magrib": "18:24", "isya": "19:33"}, {"tanggal": "2020-09-29", "imsyak": "04:49", "shubuh": "04:59", "terbit": "06:12", "dhuha": "06:36", "dzuhur": "12:20", "ashr": "15:23", "magrib": "18:24", "isya": "19:33"}, {"tanggal": "2020-09-30", "imsyak": "04:49", "shubuh": "04:59", "terbit": "06:12", "dhuha": "06:36", "dzuhur": "12:19", "ashr": "15:22", "magrib": "18:24", "isya": "19:32"}]