[{"tanggal": "2020-10-01", "imsyak": "04:48", "shubuh": "04:58", "terbit": "06:11", "dhuha": "06:35", "dzuhur": "12:19", "ashr": "15:20", "magrib": "18:23", "isya": "19:32"}, {"tanggal": "2020-10-02", "imsyak": "04:48", "shubuh": "04:58", "terbit": "06:11", "dhuha": "06:35", "dzuhur": "12:19", "ashr": "15:19", "magrib": "18:23", "isya": "19:32"}, {"tanggal": "2020-10-03", "imsyak": "04:47", "shubuh": "04:57", "terbit": "06:10", "dhuha": "06:34", "dzuhur": "12:19", "ashr": "15:19", "magrib": "18:23", "isya": "19:32"}, {"tanggal": "2020-10-04", "imsyak": "04:47", "shubuh": "04:57", "terbit": "06:10", "dhuha": "06:34", "dzuhur": "12:18", "ashr": "15:20", "magrib": "18:23", "isya": "19:32"}, {"tanggal": "2020-10-05", "imsyak": "04:46", "shubuh": "04:56", "terbit": "06:09", "dhuha": "06:33", "dzuhur": "12:18", "ashr": "15:20", "magrib": "18:22", "isya": "19:32"}, {"tanggal": "2020-10-06", "imsyak": "04:46", "shubuh": "04:56", "terbit": "06:09", "dhuha": "06:33", "dzuhur": "12:18", "ashr": "15:21", "magrib": "18:22", "isya": "19:31"}, {"tanggal": "2020-10-07", "imsyak": "04:45", "shubuh": "04:55", "terbit": "06:09", "dhuha": "06:33", "dzuhur": "12:17", "ashr": "15:21", "magrib": "18:22", "isya": "19:31"}, {"tanggal": "2020-10-08", "imsyak": "04:45", "shubuh": "04:55", "terbit": "06:08", "dhuha": "06:32", "dzuhur": "12:17", "ashr": "15:22", "magrib": "18:22", "isya": "19:31"}, {"tanggal": "2020-10-09", "imsyak": "04:44", "shubuh": "04:54", "terbit": "06:08", "dhuha": "06:32", "dzuhur": "12:17", "ashr": "15:22", "magrib": "18:22", "isya": "19:31"}, {"tanggal": "2020-10-10", "imsyak": "04:44", "shubuh": "04:54", "terbit": "06:07", "dhuha": "06:31", "dzuhur": "12:16", "ashr": "15:23", "magrib": "18:22", "isya": "19:31"}, {"tanggal": "2020-10-11", "imsyak": "04:44", "shubuh": "04:54", "terbit": "06:07", "dhuha": "06:31", "dzuhur": "12:16", "ashr": "15:23", "magrib": "18:21", "isya": "19:31"}, {"tanggal": "2020-10-12", "imsyak": "04:43", "shubuh": "04:53", "terbit": "06:07", "dhuha": "06:31", "dzuhur": "12:16", "ashr": "15:23", "magrib": "18:21", "isya": "19:31"}, {"tanggal": "2020-10-13", "imsyak": "04:43", "shubuh": "04:53", "terbit": "06:06", "dhuha": "06:30", "dzuhur": "12:16", "ashr": "15:24", "magrib": "18:21", "isya": "19:31"}, {"tanggal": "2020-10-14", "imsyak": "04:42", "shubuh": "04:52", "terbit": "06:06", "dhuha": "06:30", "dzuhur": "12:15", "ashr": "15:24", "magrib": "18:21", "isya": "19:31"}, {"tanggal": "2020-10-15", "imsyak": "04:42", "shubuh": "04:52", "terbit": "06:06", "dhuha": "06:30", "dzuhur": "12:15", "ashr": "15:25", "magrib": "18:21", "isya": "19:31"}, {"tanggal": "2020-10-16", "imsyak": "04:41", "shubuh": "04:51", "terbit": "06:05", "dhuha": "06:29", "dzuhur": "12:15", "ashr": "15:25", "magrib": "18:21", "isya": "19:31"}, {"tanggal": "2020-10-17", "imsyak": "04:41", "shubuh": "04:51", "terbit": "06:05", "dhuha": "06:29", "dzuhur": "12:15", "ashr": "15:25", "magrib": "18:21", "isya": "19:31"}, {"tanggal": "2020-10-18", "imsyak": "04:41", "shubuh": "04:51", "terbit": "06:05", "dhuha": "06:29", "dzuhur": "12:15", "ashr": "15:26", "magrib": "18:21", "isya": "19:30"}, {"tanggal": "2020-10-19", "imsyak": "04:40", "shubuh": "04:50", "terbit": "06:05", "dhuha": "06:29", "dzuhur": "12:14", "ashr": "15:26", "magrib": "18:20", "isya": "19:30"}, {"tanggal": "2020-10-20", "imsyak": "04:40", "shubuh": "04:50", "terbit": "06:04", "dhuha": "06:28", "dzuhur": "12:14", "ashr": "15:27", "magrib": "18:20", "isya": "19:31"}, {"tanggal": "2020-10-21", "imsyak": "04:40", "shubuh": "04:50", "terbit": "06:04", "dhuha": "06:28", "dzuhur": "12:14", "ashr": "15:27", "magrib": "18:20", "isya": "19:31"}, {"tanggal": "2020-10-22", "imsyak": "04:39", "shubuh": "04:49", "terbit": "06:04", "dhuha": "06:28", "dzuhur": "12:14", "ashr": "15:27", "magrib": "18:20", "isya": "19:31"}, {"tanggal": "2020-10-23", "imsyak": "04:39", "shubuh": "04:49", "terbit": "06:03", "dhuha": "06:27", "dzuhur": "12:14", "ashr": "15:28", "magrib": "18:20", "isya": "19:31"}, {"tanggal": "2020-10-24", "imsyak": "04:38", "shubuh": "04:48", "terbit": "06:03", "dhuha": "06:27", "dzuhur": "12:14", "ashr": "15:28", "magrib": "18:20", "isya": "19:31"}, {"tanggal": "2020-10-25", "imsyak": "04:38", "shubuh": "04:48", "terbit": "06:03", "dhuha": "06:27", "dzuhur": "12:14", "ashr": "15:28", "magrib": "18:20", "isya": "19:31"}, {"tanggal": "2020-10-26", "imsyak": "04:38", "shubuh": "04:48", "terbit": "06:03", "dhuha": "06:27", "dzuhur": "12:13", "ashr": "15:29", "magrib": "18:20", "isya": "19:31"}, {"tanggal": "2020-10-27", "imsyak": "04:38", "shubuh": "04:48", "terbit": "06:03", "dhuha": "06:27", "dzuhur": "12:13", "ashr": "15:29", "magrib": "18:20", "isya": "19:31"}, {"tanggal": "2020-10-28", "imsyak": "04:37", "shubuh": "04:47", "terbit": "06:02", "dhuha": "06:26", "dzuhur": "12:13", "ashr": "15:30", "magrib": "18:20", "isya": "19:31"}, {"tanggal": "2020-10-29", "imsyak": "04:37", "shubuh": "04:47", "terbit": "06:02", "dhuha": "06:26", "dzuhur": "12:13", "ashr": "15:30", "magrib": "18:20", "isya": "19:31"}, {"tanggal": "2020-10-30", "imsyak": "04:37", "shubuh": "04:47", "terbit": "06:02", "dhuha": "06:26", "dzuhur": "12:13", "ashr": "15:30", "magrib": "18:20", "isya": "19:31"}, {"tanggal": "2020-10-31", "imsyak": "04:36", "shubuh": "04:46", "terbit": "06:02", "dhuha": "06:26", "dzuhur": "12:13", "ashr": "15:31", "magrib": "18:20", "isya": "19:32"}]