[{"imsyak": "04:43", "shubuh": "04:53", "dzuhur": "12:26", "tanggal": "2019-11-01", "terbit": "06:09", "magrib": "18:39", "isya": "19:51", "dhuha": "06:33", "ashr": "15:39"}, {"imsyak": "04:42", "shubuh": "04:52", "dzuhur": "12:26", "tanggal": "2019-11-02", "terbit": "06:09", "magrib": "18:39", "isya": "19:52", "dhuha": "06:33", "ashr": "15:39"}, {"imsyak": "04:42", "shubuh": "04:52", "dzuhur": "12:26", "tanggal": "2019-11-03", "terbit": "06:09", "magrib": "18:39", "isya": "19:52", "dhuha": "06:33", "ashr": "15:40"}, {"imsyak": "04:41", "shubuh": "04:51", "dzuhur": "12:26", "tanggal": "2019-11-04", "terbit": "06:09", "magrib": "18:39", "isya": "19:52", "dhuha": "06:33", "ashr": "15:41"}, {"imsyak": "04:41", "shubuh": "04:51", "dzuhur": "12:26", "tanggal": "2019-11-05", "terbit": "06:08", "magrib": "18:40", "isya": "19:53", "dhuha": "06:32", "ashr": "15:41"}, {"imsyak": "04:41", "shubuh": "04:51", "dzuhur": "12:26", "tanggal": "2019-11-06", "terbit": "06:08", "magrib": "18:40", "isya": "19:53", "dhuha": "06:32", "ashr": "15:42"}, {"imsyak": "04:40", "shubuh": "04:50", "dzuhur": "12:26", "tanggal": "2019-11-07", "terbit": "06:08", "magrib": "18:40", "isya": "19:53", "dhuha": "06:32", "ashr": "15:42"}, {"imsyak": "04:40", "shubuh": "04:50", "dzuhur": "12:26", "tanggal": "2019-11-08", "terbit": "06:08", "magrib": "18:40", "isya": "19:54", "dhuha": "06:32", "ashr": "15:43"}, {"imsyak": "04:40", "shubuh": "04:50", "dzuhur": "12:26", "tanggal": "2019-11-09", "terbit": "06:08", "magrib": "18:41", "isya": "19:54", "dhuha": "06:32", "ashr": "15:43"}, {"imsyak": "04:39", "shubuh": "04:49", "dzuhur": "12:26", "tanggal": "2019-11-10", "terbit": "06:08", "magrib": "18:41", "isya": "19:55", "dhuha": "06:32", "ashr": "15:44"}, {"imsyak": "04:39", "shubuh": "04:49", "dzuhur": "12:26", "tanggal": "2019-11-11", "terbit": "06:07", "magrib": "18:41", "isya": "19:55", "dhuha": "06:31", "ashr": "15:44"}, {"imsyak": "04:39", "shubuh": "04:49", "dzuhur": "12:26", "tanggal": "2019-11-12", "terbit": "06:07", "magrib": "18:42", "isya": "19:55", "dhuha": "06:31", "ashr": "15:45"}, {"imsyak": "04:39", "shubuh": "04:49", "dzuhur": "12:27", "tanggal": "2019-11-13", "terbit": "06:07", "magrib": "18:42", "isya": "19:56", "dhuha": "06:31", "ashr": "15:46"}, {"imsyak": "04:38", "shubuh": "04:48", "dzuhur": "12:27", "tanggal": "2019-11-14", "terbit": "06:07", "magrib": "18:42", "isya": "19:56", "dhuha": "06:31", "ashr": "15:46"}, {"imsyak": "04:38", "shubuh": "04:48", "dzuhur": "12:27", "tanggal": "2019-11-15", "terbit": "06:07", "magrib": "18:43", "isya": "19:57", "dhuha": "06:31", "ashr": "15:47"}, {"imsyak": "04:38", "shubuh": "04:48", "dzuhur": "12:27", "tanggal": "2019-11-16", "terbit": "06:07", "magrib": "18:43", "isya": "19:57", "dhuha": "06:31", "ashr": "15:47"}, {"imsyak": "04:38", "shubuh": "04:48", "dzuhur": "12:27", "tanggal": "2019-11-17", "terbit": "06:07", "magrib": "18:43", "isya": "19:58", "dhuha": "06:31", "ashr": "15:48"}, {"imsyak": "04:38", "shubuh": "04:48", "dzuhur": "12:27", "tanggal": "2019-11-18", "terbit": "06:07", "magrib": "18:44", "isya": "19:58", "dhuha": "06:31", "ashr": "15:48"}, {"imsyak": "04:38", "shubuh": "04:48", "dzuhur": "12:28", "tanggal": "2019-11-19", "terbit": "06:07", "magrib": "18:44", "isya": "19:59", "dhuha": "06:31", "ashr": "15:49"}, {"imsyak": "04:37", "shubuh": "04:47", "dzuhur": "12:28", "tanggal": "2019-11-20", "terbit": "06:07", "magrib": "18:44", "isya": "19:59", "dhuha": "06:31", "ashr": "15:50"}, {"imsyak": "04:37", "shubuh": "04:47", "dzuhur": "12:28", "tanggal": "2019-11-21", "terbit": "06:07", "magrib": "18:45", "isya": "20:00", "dhuha": "06:31", "ashr": "15:50"}, {"imsyak": "04:37", "shubuh": "04:47", "dzuhur": "12:28", "tanggal": "2019-11-22", "terbit": "06:07", "magrib": "18:45", "isya": "20:00", "dhuha": "06:31", "ashr": "15:51"}, {"imsyak": "04:37", "shubuh": "04:47", "dzuhur": "12:28", "tanggal": "2019-11-23", "terbit": "06:07", "magrib": "18:46", "isya": "20:01", "dhuha": "06:31", "ashr": "15:51"}, {"imsyak": "04:37", "shubuh": "04:47", "dzuhur": "12:29", "tanggal": "2019-11-24", "terbit": "06:07", "magrib": "18:46", "isya": "20:02", "dhuha": "06:31", "ashr": "15:52"}, {"imsyak": "04:37", "shubuh": "04:47", "dzuhur": "12:29", "tanggal": "2019-11-25", "terbit": "06:08", "magrib": "18:47", "isya": "20:02", "dhuha": "06:32", "ashr": "15:52"}, {"imsyak": "04:37", "shubuh": "04:47", "dzuhur": "12:29", "tanggal": "2019-11-26", "terbit": "06:08", "magrib": "18:47", "isya": "20:03", "dhuha": "06:32", "ashr": "15:53"}, {"imsyak": "04:37", "shubuh": "04:47", "dzuhur": "12:30", "tanggal": "2019-11-27", "terbit": "06:08", "magrib": "18:47", "isya": "20:03", "dhuha": "06:32", "ashr": "15:54"}, {"imsyak": "04:37", "shubuh": "04:47", "dzuhur": "12:30", "tanggal": "2019-11-28", "terbit": "06:08", "magrib": "18:48", "isya": "20:04", "dhuha": "06:32", "ashr": "15:54"}, {"imsyak": "04:37", "shubuh": "04:47", "dzuhur": "12:30", "tanggal": "2019-11-29", "terbit": "06:08", "magrib": "18:48", "isya": "20:04", "dhuha": "06:32", "ashr": "15:55"}, {"imsyak": "04:37", "shubuh": "04:47", "dzuhur": "12:31", "tanggal": "2019-11-30", "terbit": "06:08", "magrib": "18:49", "isya": "20:05", "dhuha": "06:32", "ashr": "15:55"}]