[{"imsyak": "04:38", "shubuh": "04:48", "dzuhur": "12:31", "tanggal": "2019-12-01", "terbit": "06:09", "magrib": "18:49", "isya": "20:06", "dhuha": "06:33", "ashr": "15:56"}, {"imsyak": "04:38", "shubuh": "04:48", "dzuhur": "12:31", "tanggal": "2019-12-02", "terbit": "06:09", "magrib": "18:50", "isya": "20:06", "dhuha": "06:33", "ashr": "15:56"}, {"imsyak": "04:38", "shubuh": "04:48", "dzuhur": "12:32", "tanggal": "2019-12-03", "terbit": "06:09", "magrib": "18:50", "isya": "20:07", "dhuha": "06:33", "ashr": "15:57"}, {"imsyak": "04:38", "shubuh": "04:48", "dzuhur": "12:32", "tanggal": "2019-12-04", "terbit": "06:09", "magrib": "18:51", "isya": "20:07", "dhuha": "06:33", "ashr": "15:58"}, {"imsyak": "04:38", "shubuh": "04:48", "dzuhur": "12:33", "tanggal": "2019-12-05", "terbit": "06:10", "magrib": "18:51", "isya": "20:08", "dhuha": "06:34", "ashr": "15:58"}, {"imsyak": "04:38", "shubuh": "04:48", "dzuhur": "12:33", "tanggal": "2019-12-06", "terbit": "06:10", "magrib": "18:52", "isya": "20:09", "dhuha": "06:34", "ashr": "15:59"}, {"imsyak": "04:39", "shubuh": "04:49", "dzuhur": "12:33", "tanggal": "2019-12-07", "terbit": "06:10", "magrib": "18:52", "isya": "20:09", "dhuha": "06:34", "ashr": "15:59"}, {"imsyak": "04:39", "shubuh": "04:49", "dzuhur": "12:34", "tanggal": "2019-12-08", "terbit": "06:11", "magrib": "18:53", "isya": "20:10", "dhuha": "06:35", "ashr": "16:00"}, {"imsyak": "04:39", "shubuh": "04:49", "dzuhur": "12:34", "tanggal": "2019-12-09", "terbit": "06:11", "magrib": "18:53", "isya": "20:10", "dhuha": "06:35", "ashr": "16:01"}, {"imsyak": "04:39", "shubuh": "04:49", "dzuhur": "12:35", "tanggal": "2019-12-10", "terbit": "06:11", "magrib": "18:54", "isya": "20:11", "dhuha": "06:35", "ashr": "16:01"}, {"imsyak": "04:40", "shubuh": "04:50", "dzuhur": "12:35", "tanggal": "2019-12-11", "terbit": "06:12", "magrib": "18:54", "isya": "20:11", "dhuha": "06:36", "ashr": "16:02"}, {"imsyak": "04:40", "shubuh": "04:50", "dzuhur": "12:36", "tanggal": "2019-12-12", "terbit": "06:12", "magrib": "18:55", "isya": "20:12", "dhuha": "06:36", "ashr": "16:02"}, {"imsyak": "04:40", "shubuh": "04:50", "dzuhur": "12:36", "tanggal": "2019-12-13", "terbit": "06:13", "magrib": "18:55", "isya": "20:13", "dhuha": "06:37", "ashr": "16:03"}, {"imsyak": "04:41", "shubuh": "04:51", "dzuhur": "12:36", "tanggal": "2019-12-14", "terbit": "06:13", "magrib": "18:56", "isya": "20:13", "dhuha": "06:37", "ashr": "16:03"}, {"imsyak": "04:41", "shubuh": "04:51", "dzuhur": "12:37", "tanggal": "2019-12-15", "terbit": "06:13", "magrib": "18:57", "isya": "20:14", "dhuha": "06:37", "ashr": "16:04"}, {"imsyak": "04:41", "shubuh": "04:51", "dzuhur": "12:37", "tanggal": "2019-12-16", "terbit": "06:14", "magrib": "18:57", "isya": "20:14", "dhuha": "06:38", "ashr": "16:05"}, {"imsyak": "04:42", "shubuh": "04:52", "dzuhur": "12:38", "tanggal": "2019-12-17", "terbit": "06:14", "magrib": "18:58", "isya": "20:15", "dhuha": "06:38", "ashr": "16:05"}, {"imsyak": "04:42", "shubuh": "04:52", "dzuhur": "12:38", "tanggal": "2019-12-18", "terbit": "06:15", "magrib": "18:58", "isya": "20:15", "dhuha": "06:39", "ashr": "16:06"}, {"imsyak": "04:43", "shubuh": "04:53", "dzuhur": "12:39", "tanggal": "2019-12-19", "terbit": "06:15", "magrib": "18:59", "isya": "20:16", "dhuha": "06:39", "ashr": "16:06"}, {"imsyak": "04:43", "shubuh": "04:53", "dzuhur": "12:39", "tanggal": "2019-12-20", "terbit": "06:16", "magrib": "18:59", "isya": "20:16", "dhuha": "06:40", "ashr": "16:07"}, {"imsyak": "04:44", "shubuh": "04:54", "dzuhur": "12:40", "tanggal": "2019-12-21", "terbit": "06:16", "magrib": "19:00", "isya": "20:17", "dhuha": "06:40", "ashr": "16:07"}, {"imsyak": "04:44", "shubuh": "04:54", "dzuhur": "12:40", "tanggal": "2019-12-22", "terbit": "06:17", "magrib": "19:00", "isya": "20:17", "dhuha": "06:41", "ashr": "16:08"}, {"imsyak": "04:45", "shubuh": "04:55", "dzuhur": "12:41", "tanggal": "2019-12-23", "terbit": "06:17", "magrib": "19:01", "isya": "20:18", "dhuha": "06:41", "ashr": "16:08"}, {"imsyak": "04:45", "shubuh": "04:55", "dzuhur": "12:41", "tanggal": "2019-12-24", "terbit": "06:18", "magrib": "19:01", "isya": "20:18", "dhuha": "06:42", "ashr": "16:09"}, {"imsyak": "04:46", "shubuh": "04:56", "dzuhur": "12:42", "tanggal": "2019-12-25", "terbit": "06:18", "magrib": "19:02", "isya": "20:19", "dhuha": "06:42", "ashr": "16:09"}, {"imsyak": "04:46", "shubuh": "04:56", "dzuhur": "12:42", "tanggal": "2019-12-26", "terbit": "06:19", "magrib": "19:02", "isya": "20:19", "dhuha": "06:43", "ashr": "16:10"}, {"imsyak": "04:47", "shubuh": "04:57", "dzuhur": "12:43", "tanggal": "2019-12-27", "terbit": "06:19", "magrib": "19:03", "isya": "20:20", "dhuha": "06:43", "ashr": "16:10"}, {"imsyak": "04:47", "shubuh": "04:57", "dzuhur": "12:43", "tanggal": "2019-12-28", "terbit": "06:20", "magrib": "19:03", "isya": "20:20", "dhuha": "06:44", "ashr": "16:11"}, {"imsyak": "04:48", "shubuh": "04:58", "dzuhur": "12:44", "tanggal": "2019-12-29", "terbit": "06:20", "magrib": "19:03", "isya": "20:21", "dhuha": "06:44", "ashr": "16:11"}, {"imsyak": "04:48", "shubuh": "04:58", "dzuhur": "12:44", "tanggal": "2019-12-30", "terbit": "06:21", "magrib": "19:04", "isya": "20:21", "dhuha": "06:45", "ashr": "16:11"}, {"imsyak": "04:49", "shubuh": "04:59", "dzuhur": "12:45", "tanggal": "2019-12-31", "terbit": "06:21", "magrib": "19:04", "isya": "20:21", "dhuha": "06:45", "ashr": "16:12"}]