[{"tanggal": "2020-02-01", "imsyak": "05:08", "shubuh": "05:18", "terbit": "06:35", "dhuha": "06:59", "dzuhur": "12:39", "ashr": "16:02", "magrib": "18:40", "isya": "19:52"}, {"tanggal": "2020-02-02", "imsyak": "05:08", "shubuh": "05:18", "terbit": "06:35", "dhuha": "06:59", "dzuhur": "12:39", "ashr": "16:02", "magrib": "18:40", "isya": "19:52"}, {"tanggal": "2020-02-03", "imsyak": "05:09", "shubuh": "05:19", "terbit": "06:35", "dhuha": "06:59", "dzuhur": "12:39", "ashr": "16:02", "magrib": "18:40", "isya": "19:52"}, {"tanggal": "2020-02-04", "imsyak": "05:09", "shubuh": "05:19", "terbit": "06:35", "dhuha": "06:59", "dzuhur": "12:40", "ashr": "16:02", "magrib": "18:40", "isya": "19:52"}, {"tanggal": "2020-02-05", "imsyak": "05:09", "shubuh": "05:19", "terbit": "06:35", "dhuha": "06:59", "dzuhur": "12:40", "ashr": "16:02", "magrib": "18:40", "isya": "19:52"}, {"tanggal": "2020-02-06", "imsyak": "05:09", "shubuh": "05:19", "terbit": "06:35", "dhuha": "06:59", "dzuhur": "12:40", "ashr": "16:01", "magrib": "18:41", "isya": "19:52"}, {"tanggal": "2020-02-07", "imsyak": "05:09", "shubuh": "05:19", "terbit": "06:35", "dhuha": "06:59", "dzuhur": "12:40", "ashr": "16:01", "magrib": "18:41", "isya": "19:52"}, {"tanggal": "2020-02-08", "imsyak": "05:09", "shubuh": "05:19", "terbit": "06:35", "dhuha": "06:59", "dzuhur": "12:40", "ashr": "16:01", "magrib": "18:41", "isya": "19:52"}, {"tanggal": "2020-02-09", "imsyak": "05:10", "shubuh": "05:20", "terbit": "06:35", "dhuha": "06:59", "dzuhur": "12:40", "ashr": "16:01", "magrib": "18:41", "isya": "19:52"}, {"tanggal": "2020-02-10", "imsyak": "05:10", "shubuh": "05:20", "terbit": "06:35", "dhuha": "06:59", "dzuhur": "12:40", "ashr": "16:01", "magrib": "18:41", "isya": "19:52"}, {"tanggal": "2020-02-11", "imsyak": "05:10", "shubuh": "05:20", "terbit": "06:35", "dhuha": "06:59", "dzuhur": "12:40", "ashr": "16:01", "magrib": "18:41", "isya": "19:52"}, {"tanggal": "2020-02-12", "imsyak": "05:10", "shubuh": "05:20", "terbit": "06:35", "dhuha": "06:59", "dzuhur": "12:40", "ashr": "16:00", "magrib": "18:41", "isya": "19:52"}, {"tanggal": "2020-02-13", "imsyak": "05:10", "shubuh": "05:20", "terbit": "06:35", "dhuha": "06:59", "dzuhur": "12:40", "ashr": "16:00", "magrib": "18:41", "isya": "19:52"}, {"tanggal": "2020-02-14", "imsyak": "05:10", "shubuh": "05:20", "terbit": "06:35", "dhuha": "06:59", "dzuhur": "12:40", "ashr": "16:00", "magrib": "18:41", "isya": "19:52"}, {"tanggal": "2020-02-15", "imsyak": "05:10", "shubuh": "05:20", "terbit": "06:35", "dhuha": "06:59", "dzuhur": "12:40", "ashr": "16:00", "magrib": "18:41", "isya": "19:52"}, {"tanggal": "2020-02-16", "imsyak": "05:10", "shubuh": "05:20", "terbit": "06:35", "dhuha": "06:59", "dzuhur": "12:40", "ashr": "15:59", "magrib": "18:41", "isya": "19:52"}, {"tanggal": "2020-02-17", "imsyak": "05:10", "shubuh": "05:20", "terbit": "06:34", "dhuha": "06:58", "dzuhur": "12:40", "ashr": "15:59", "magrib": "18:41", "isya": "19:51"}, {"tanggal": "2020-02-18", "imsyak": "05:10", "shubuh": "05:20", "terbit": "06:34", "dhuha": "06:58", "dzuhur": "12:40", "ashr": "15:59", "magrib": "18:41", "isya": "19:51"}, {"tanggal": "2020-02-19", "imsyak": "05:10", "shubuh": "05:20", "terbit": "06:34", "dhuha": "06:58", "dzuhur": "12:40", "ashr": "15:58", "magrib": "18:41", "isya": "19:51"}, {"tanggal": "2020-02-20", "imsyak": "05:10", "shubuh": "05:20", "terbit": "06:34", "dhuha": "06:58", "dzuhur": "12:40", "ashr": "15:58", "magrib": "18:41", "isya": "19:51"}, {"tanggal": "2020-02-21", "imsyak": "05:10", "shubuh": "05:20", "terbit": "06:34", "dhuha": "06:58", "dzuhur": "12:39", "ashr": "15:58", "magrib": "18:41", "isya": "19:51"}, {"tanggal": "2020-02-22", "imsyak": "05:10", "shubuh": "05:20", "terbit": "06:34", "dhuha": "06:58", "dzuhur": "12:39", "ashr": "15:57", "magrib": "18:41", "isya": "19:51"}, {"tanggal": "2020-02-23", "imsyak": "05:10", "shubuh": "05:20", "terbit": "06:34", "dhuha": "06:58", "dzuhur": "12:39", "ashr": "15:57", "magrib": "18:41", "isya": "19:51"}, {"tanggal": "2020-02-24", "imsyak": "05:10", "shubuh": "05:20", "terbit": "06:33", "dhuha": "06:57", "dzuhur": "12:39", "ashr": "15:56", "magrib": "18:41", "isya": "19:51"}, {"tanggal": "2020-02-25", "imsyak": "05:09", "shubuh": "05:19", "terbit": "06:33", "dhuha": "06:57", "dzuhur": "12:39", "ashr": "15:56", "magrib": "18:41", "isya": "19:50"}, {"tanggal": "2020-02-26", "imsyak": "05:09", "shubuh": "05:19", "terbit": "06:33", "dhuha": "06:57", "dzuhur": "12:39", "ashr": "15:55", "magrib": "18:41", "isya": "19:50"}, {"tanggal": "2020-02-27", "imsyak": "05:09", "shubuh": "05:19", "terbit": "06:33", "dhuha": "06:57", "dzuhur": "12:39", "ashr": "15:55", "magrib": "18:41", "isya": "19:50"}, {"tanggal": "2020-02-28", "imsyak": "05:09", "shubuh": "05:19", "terbit": "06:33", "dhuha": "06:57", "dzuhur": "12:38", "ashr": "15:54", "magrib": "18:40", "isya": "19:50"}, {"tanggal": "2020-02-29", "imsyak": "05:09", "shubuh": "05:19", "terbit": "06:32", "dhuha": "06:56", "dzuhur": "12:38", "ashr": "15:54", "magrib": "18:40", "isya": "19:50"}]