[{"tanggal": "2020-03-01", "imsyak": "05:09", "shubuh": "05:19", "terbit": "06:32", "dhuha": "06:56", "dzuhur": "12:38", "ashr": "15:53", "magrib": "18:40", "isya": "19:49"}, {"tanggal": "2020-03-02", "imsyak": "05:08", "shubuh": "05:18", "terbit": "06:32", "dhuha": "06:56", "dzuhur": "12:38", "ashr": "15:52", "magrib": "18:40", "isya": "19:49"}, {"tanggal": "2020-03-03", "imsyak": "05:08", "shubuh": "05:18", "terbit": "06:32", "dhuha": "06:56", "dzuhur": "12:38", "ashr": "15:52", "magrib": "18:40", "isya": "19:49"}, {"tanggal": "2020-03-04", "imsyak": "05:08", "shubuh": "05:18", "terbit": "06:31", "dhuha": "06:55", "dzuhur": "12:37", "ashr": "15:51", "magrib": "18:40", "isya": "19:49"}, {"tanggal": "2020-03-05", "imsyak": "05:08", "shubuh": "05:18", "terbit": "06:31", "dhuha": "06:55", "dzuhur": "12:37", "ashr": "15:50", "magrib": "18:40", "isya": "19:49"}, {"tanggal": "2020-03-06", "imsyak": "05:08", "shubuh": "05:18", "terbit": "06:31", "dhuha": "06:55", "dzuhur": "12:37", "ashr": "15:50", "magrib": "18:39", "isya": "19:48"}, {"tanggal": "2020-03-07", "imsyak": "05:07", "shubuh": "05:17", "terbit": "06:30", "dhuha": "06:54", "dzuhur": "12:37", "ashr": "15:49", "magrib": "18:39", "isya": "19:48"}, {"tanggal": "2020-03-08", "imsyak": "05:07", "shubuh": "05:17", "terbit": "06:30", "dhuha": "06:54", "dzuhur": "12:37", "ashr": "15:48", "magrib": "18:39", "isya": "19:48"}, {"tanggal": "2020-03-09", "imsyak": "05:07", "shubuh": "05:17", "terbit": "06:30", "dhuha": "06:54", "dzuhur": "12:36", "ashr": "15:47", "magrib": "18:39", "isya": "19:48"}, {"tanggal": "2020-03-10", "imsyak": "05:07", "shubuh": "05:17", "terbit": "06:29", "dhuha": "06:53", "dzuhur": "12:36", "ashr": "15:47", "magrib": "18:39", "isya": "19:48"}, {"tanggal": "2020-03-11", "imsyak": "05:06", "shubuh": "05:16", "terbit": "06:29", "dhuha": "06:53", "dzuhur": "12:36", "ashr": "15:46", "magrib": "18:38", "isya": "19:47"}, {"tanggal": "2020-03-12", "imsyak": "05:06", "shubuh": "05:16", "terbit": "06:29", "dhuha": "06:53", "dzuhur": "12:36", "ashr": "15:45", "magrib": "18:38", "isya": "19:47"}, {"tanggal": "2020-03-13", "imsyak": "05:06", "shubuh": "05:16", "terbit": "06:28", "dhuha": "06:52", "dzuhur": "12:35", "ashr": "15:44", "magrib": "18:38", "isya": "19:47"}, {"tanggal": "2020-03-14", "imsyak": "05:05", "shubuh": "05:15", "terbit": "06:28", "dhuha": "06:52", "dzuhur": "12:35", "ashr": "15:43", "magrib": "18:38", "isya": "19:47"}, {"tanggal": "2020-03-15", "imsyak": "05:05", "shubuh": "05:15", "terbit": "06:28", "dhuha": "06:52", "dzuhur": "12:35", "ashr": "15:42", "magrib": "18:38", "isya": "19:46"}, {"tanggal": "2020-03-16", "imsyak": "05:05", "shubuh": "05:15", "terbit": "06:27", "dhuha": "06:51", "dzuhur": "12:34", "ashr": "15:42", "magrib": "18:37", "isya": "19:46"}, {"tanggal": "2020-03-17", "imsyak": "05:04", "shubuh": "05:14", "terbit": "06:27", "dhuha": "06:51", "dzuhur": "12:34", "ashr": "15:41", "magrib": "18:37", "isya": "19:46"}, {"tanggal": "2020-03-18", "imsyak": "05:04", "shubuh": "05:14", "terbit": "06:27", "dhuha": "06:51", "dzuhur": "12:34", "ashr": "15:40", "magrib": "18:37", "isya": "19:46"}, {"tanggal": "2020-03-19", "imsyak": "05:04", "shubuh": "05:14", "terbit": "06:26", "dhuha": "06:50", "dzuhur": "12:34", "ashr": "15:39", "magrib": "18:37", "isya": "19:45"}, {"tanggal": "2020-03-20", "imsyak": "05:03", "shubuh": "05:13", "terbit": "06:26", "dhuha": "06:50", "dzuhur": "12:33", "ashr": "15:38", "magrib": "18:37", "isya": "19:45"}, {"tanggal": "2020-03-21", "imsyak": "05:03", "shubuh": "05:13", "terbit": "06:26", "dhuha": "06:50", "dzuhur": "12:33", "ashr": "15:37", "magrib": "18:36", "isya": "19:45"}, {"tanggal": "2020-03-22", "imsyak": "05:03", "shubuh": "05:13", "terbit": "06:25", "dhuha": "06:49", "dzuhur": "12:33", "ashr": "15:36", "magrib": "18:36", "isya": "19:45"}, {"tanggal": "2020-03-23", "imsyak": "05:02", "shubuh": "05:12", "terbit": "06:25", "dhuha": "06:49", "dzuhur": "12:32", "ashr": "15:35", "magrib": "18:36", "isya": "19:45"}, {"tanggal": "2020-03-24", "imsyak": "05:02", "shubuh": "05:12", "terbit": "06:25", "dhuha": "06:49", "dzuhur": "12:32", "ashr": "15:34", "magrib": "18:36", "isya": "19:44"}, {"tanggal": "2020-03-25", "imsyak": "05:01", "shubuh": "05:11", "terbit": "06:24", "dhuha": "06:48", "dzuhur": "12:32", "ashr": "15:33", "magrib": "18:35", "isya": "19:44"}, {"tanggal": "2020-03-26", "imsyak": "05:01", "shubuh": "05:11", "terbit": "06:24", "dhuha": "06:48", "dzuhur": "12:31", "ashr": "15:32", "magrib": "18:35", "isya": "19:44"}, {"tanggal": "2020-03-27", "imsyak": "05:01", "shubuh": "05:11", "terbit": "06:23", "dhuha": "06:47", "dzuhur": "12:31", "ashr": "15:32", "magrib": "18:35", "isya": "19:44"}, {"tanggal": "2020-03-28", "imsyak": "05:00", "shubuh": "05:10", "terbit": "06:23", "dhuha": "06:47", "dzuhur": "12:31", "ashr": "15:32", "magrib": "18:35", "isya": "19:43"}, {"tanggal": "2020-03-29", "imsyak": "05:00", "shubuh": "05:10", "terbit": "06:23", "dhuha": "06:47", "dzuhur": "12:31", "ashr": "15:33", "magrib": "18:34", "isya": "19:43"}, {"tanggal": "2020-03-30", "imsyak": "04:59", "shubuh": "05:09", "terbit": "06:22", "dhuha": "06:46", "dzuhur": "12:30", "ashr": "15:33", "magrib": "18:34", "isya": "19:43"}, {"tanggal": "2020-03-31", "imsyak": "04:59", "shubuh": "05:09", "terbit": "06:22", "dhuha": "06:46", "dzuhur": "12:30", "ashr": "15:34", "magrib": "18:34", "isya": "19:43"}]