[{"imsyak": "04:59", "shubuh": "05:09", "dzuhur": "12:30", "tanggal": "2020-04-01", "terbit": "06:22", "magrib": "18:34", "isya": "19:43", "dhuha": "06:46", "ashr": "15:34"}, {"imsyak": "04:58", "shubuh": "05:08", "dzuhur": "12:29", "tanggal": "2020-04-02", "terbit": "06:21", "magrib": "18:33", "isya": "19:43", "dhuha": "06:45", "ashr": "15:35"}, {"imsyak": "04:58", "shubuh": "05:08", "dzuhur": "12:29", "tanggal": "2020-04-03", "terbit": "06:21", "magrib": "18:33", "isya": "19:42", "dhuha": "06:45", "ashr": "15:35"}, {"imsyak": "04:57", "shubuh": "05:07", "dzuhur": "12:29", "tanggal": "2020-04-04", "terbit": "06:21", "magrib": "18:33", "isya": "19:42", "dhuha": "06:45", "ashr": "15:35"}, {"imsyak": "04:57", "shubuh": "05:07", "dzuhur": "12:29", "tanggal": "2020-04-05", "terbit": "06:20", "magrib": "18:33", "isya": "19:42", "dhuha": "06:44", "ashr": "15:36"}, {"imsyak": "04:57", "shubuh": "05:07", "dzuhur": "12:28", "tanggal": "2020-04-06", "terbit": "06:20", "magrib": "18:33", "isya": "19:42", "dhuha": "06:44", "ashr": "15:36"}, {"imsyak": "04:56", "shubuh": "05:06", "dzuhur": "12:28", "tanggal": "2020-04-07", "terbit": "06:20", "magrib": "18:32", "isya": "19:42", "dhuha": "06:44", "ashr": "15:36"}, {"imsyak": "04:56", "shubuh": "05:06", "dzuhur": "12:28", "tanggal": "2020-04-08", "terbit": "06:19", "magrib": "18:32", "isya": "19:42", "dhuha": "06:43", "ashr": "15:37"}, {"imsyak": "04:55", "shubuh": "05:05", "dzuhur": "12:27", "tanggal": "2020-04-09", "terbit": "06:19", "magrib": "18:32", "isya": "19:41", "dhuha": "06:43", "ashr": "15:37"}, {"imsyak": "04:55", "shubuh": "05:05", "dzuhur": "12:27", "tanggal": "2020-04-10", "terbit": "06:19", "magrib": "18:32", "isya": "19:41", "dhuha": "06:43", "ashr": "15:37"}, {"imsyak": "04:55", "shubuh": "05:05", "dzuhur": "12:27", "tanggal": "2020-04-11", "terbit": "06:18", "magrib": "18:32", "isya": "19:41", "dhuha": "06:42", "ashr": "15:38"}, {"imsyak": "04:54", "shubuh": "05:04", "dzuhur": "12:27", "tanggal": "2020-04-12", "terbit": "06:18", "magrib": "18:31", "isya": "19:41", "dhuha": "06:42", "ashr": "15:38"}, {"imsyak": "04:54", "shubuh": "05:04", "dzuhur": "12:26", "tanggal": "2020-04-13", "terbit": "06:18", "magrib": "18:31", "isya": "19:41", "dhuha": "06:42", "ashr": "15:38"}, {"imsyak": "04:53", "shubuh": "05:03", "dzuhur": "12:26", "tanggal": "2020-04-14", "terbit": "06:17", "magrib": "18:31", "isya": "19:41", "dhuha": "06:41", "ashr": "15:39"}, {"imsyak": "04:53", "shubuh": "05:03", "dzuhur": "12:26", "tanggal": "2020-04-15", "terbit": "06:17", "magrib": "18:31", "isya": "19:41", "dhuha": "06:41", "ashr": "15:39"}, {"imsyak": "04:53", "shubuh": "05:03", "dzuhur": "12:26", "tanggal": "2020-04-16", "terbit": "06:17", "magrib": "18:31", "isya": "19:41", "dhuha": "06:41", "ashr": "15:39"}, {"imsyak": "04:52", "shubuh": "05:02", "dzuhur": "12:25", "tanggal": "2020-04-17", "terbit": "06:16", "magrib": "18:30", "isya": "19:41", "dhuha": "06:40", "ashr": "15:39"}, {"imsyak": "04:52", "shubuh": "05:02", "dzuhur": "12:25", "tanggal": "2020-04-18", "terbit": "06:16", "magrib": "18:30", "isya": "19:40", "dhuha": "06:40", "ashr": "15:40"}, {"imsyak": "04:51", "shubuh": "05:01", "dzuhur": "12:25", "tanggal": "2020-04-19", "terbit": "06:16", "magrib": "18:30", "isya": "19:40", "dhuha": "06:40", "ashr": "15:40"}, {"imsyak": "04:51", "shubuh": "05:01", "dzuhur": "12:25", "tanggal": "2020-04-20", "terbit": "06:15", "magrib": "18:30", "isya": "19:40", "dhuha": "06:39", "ashr": "15:40"}, {"imsyak": "04:51", "shubuh": "05:01", "dzuhur": "12:25", "tanggal": "2020-04-21", "terbit": "06:15", "magrib": "18:30", "isya": "19:40", "dhuha": "06:39", "ashr": "15:40"}, {"imsyak": "04:50", "shubuh": "05:00", "dzuhur": "12:24", "tanggal": "2020-04-22", "terbit": "06:15", "magrib": "18:30", "isya": "19:40", "dhuha": "06:39", "ashr": "15:41"}, {"imsyak": "04:50", "shubuh": "05:00", "dzuhur": "12:24", "tanggal": "2020-04-23", "terbit": "06:15", "magrib": "18:30", "isya": "19:40", "dhuha": "06:39", "ashr": "15:41"}, {"imsyak": "04:50", "shubuh": "05:00", "dzuhur": "12:24", "tanggal": "2020-04-24", "terbit": "06:14", "magrib": "18:29", "isya": "19:40", "dhuha": "06:38", "ashr": "15:41"}, {"imsyak": "04:49", "shubuh": "04:59", "dzuhur": "12:24", "tanggal": "2020-04-25", "terbit": "06:14", "magrib": "18:29", "isya": "19:40", "dhuha": "06:38", "ashr": "15:41"}, {"imsyak": "04:49", "shubuh": "04:59", "dzuhur": "12:24", "tanggal": "2020-04-26", "terbit": "06:14", "magrib": "18:29", "isya": "19:40", "dhuha": "06:38", "ashr": "15:41"}, {"imsyak": "04:48", "shubuh": "04:58", "dzuhur": "12:23", "tanggal": "2020-04-27", "terbit": "06:14", "magrib": "18:29", "isya": "19:40", "dhuha": "06:38", "ashr": "15:42"}, {"imsyak": "04:48", "shubuh": "04:58", "dzuhur": "12:23", "tanggal": "2020-04-28", "terbit": "06:14", "magrib": "18:29", "isya": "19:40", "dhuha": "06:38", "ashr": "15:42"}, {"imsyak": "04:48", "shubuh": "04:58", "dzuhur": "12:23", "tanggal": "2020-04-29", "terbit": "06:13", "magrib": "18:29", "isya": "19:40", "dhuha": "06:37", "ashr": "15:42"}, {"imsyak": "04:48", "shubuh": "04:58", "dzuhur": "12:23", "tanggal": "2020-04-30", "terbit": "06:13", "magrib": "18:29", "isya": "19:40", "dhuha": "06:37", "ashr": "15:42"}]