[{"imsyak": "04:47", "shubuh": "04:57", "dzuhur": "12:23", "tanggal": "2020-05-01", "terbit": "06:13", "magrib": "18:29", "isya": "19:40", "dhuha": "06:37", "ashr": "15:42"}, {"imsyak": "04:47", "shubuh": "04:57", "dzuhur": "12:23", "tanggal": "2020-05-02", "terbit": "06:13", "magrib": "18:29", "isya": "19:40", "dhuha": "06:37", "ashr": "15:43"}, {"imsyak": "04:47", "shubuh": "04:57", "dzuhur": "12:23", "tanggal": "2020-05-03", "terbit": "06:13", "magrib": "18:29", "isya": "19:40", "dhuha": "06:37", "ashr": "15:43"}, {"imsyak": "04:46", "shubuh": "04:56", "dzuhur": "12:23", "tanggal": "2020-05-04", "terbit": "06:12", "magrib": "18:29", "isya": "19:40", "dhuha": "06:36", "ashr": "15:43"}, {"imsyak": "04:46", "shubuh": "04:56", "dzuhur": "12:22", "tanggal": "2020-05-05", "terbit": "06:12", "magrib": "18:29", "isya": "19:41", "dhuha": "06:36", "ashr": "15:43"}, {"imsyak": "04:46", "shubuh": "04:56", "dzuhur": "12:22", "tanggal": "2020-05-06", "terbit": "06:12", "magrib": "18:29", "isya": "19:41", "dhuha": "06:36", "ashr": "15:43"}, {"imsyak": "04:46", "shubuh": "04:56", "dzuhur": "12:22", "tanggal": "2020-05-07", "terbit": "06:12", "magrib": "18:29", "isya": "19:41", "dhuha": "06:36", "ashr": "15:44"}, {"imsyak": "04:45", "shubuh": "04:55", "dzuhur": "12:22", "tanggal": "2020-05-08", "terbit": "06:12", "magrib": "18:29", "isya": "19:41", "dhuha": "06:36", "ashr": "15:44"}, {"imsyak": "04:45", "shubuh": "04:55", "dzuhur": "12:22", "tanggal": "2020-05-09", "terbit": "06:12", "magrib": "18:29", "isya": "19:41", "dhuha": "06:36", "ashr": "15:44"}, {"imsyak": "04:45", "shubuh": "04:55", "dzuhur": "12:22", "tanggal": "2020-05-10", "terbit": "06:12", "magrib": "18:29", "isya": "19:41", "dhuha": "06:36", "ashr": "15:44"}, {"imsyak": "04:45", "shubuh": "04:55", "dzuhur": "12:22", "tanggal": "2020-05-11", "terbit": "06:12", "magrib": "18:29", "isya": "19:41", "dhuha": "06:36", "ashr": "15:44"}, {"imsyak": "04:44", "shubuh": "04:54", "dzuhur": "12:22", "tanggal": "2020-05-12", "terbit": "06:12", "magrib": "18:29", "isya": "19:41", "dhuha": "06:36", "ashr": "15:45"}, {"imsyak": "04:44", "shubuh": "04:54", "dzuhur": "12:22", "tanggal": "2020-05-13", "terbit": "06:11", "magrib": "18:29", "isya": "19:42", "dhuha": "06:35", "ashr": "15:45"}, {"imsyak": "04:44", "shubuh": "04:54", "dzuhur": "12:22", "tanggal": "2020-05-14", "terbit": "06:11", "magrib": "18:29", "isya": "19:42", "dhuha": "06:35", "ashr": "15:45"}, {"imsyak": "04:44", "shubuh": "04:54", "dzuhur": "12:22", "tanggal": "2020-05-15", "terbit": "06:11", "magrib": "18:29", "isya": "19:42", "dhuha": "06:35", "ashr": "15:45"}, {"imsyak": "04:44", "shubuh": "04:54", "dzuhur": "12:22", "tanggal": "2020-05-16", "terbit": "06:11", "magrib": "18:29", "isya": "19:42", "dhuha": "06:35", "ashr": "15:46"}, {"imsyak": "04:44", "shubuh": "04:54", "dzuhur": "12:22", "tanggal": "2020-05-17", "terbit": "06:11", "magrib": "18:29", "isya": "19:42", "dhuha": "06:35", "ashr": "15:46"}, {"imsyak": "04:43", "shubuh": "04:53", "dzuhur": "12:22", "tanggal": "2020-05-18", "terbit": "06:11", "magrib": "18:29", "isya": "19:42", "dhuha": "06:35", "ashr": "15:46"}, {"imsyak": "04:43", "shubuh": "04:53", "dzuhur": "12:22", "tanggal": "2020-05-19", "terbit": "06:11", "magrib": "18:29", "isya": "19:43", "dhuha": "06:35", "ashr": "15:46"}, {"imsyak": "04:43", "shubuh": "04:53", "dzuhur": "12:22", "tanggal": "2020-05-20", "terbit": "06:11", "magrib": "18:29", "isya": "19:43", "dhuha": "06:35", "ashr": "15:46"}, {"imsyak": "04:43", "shubuh": "04:53", "dzuhur": "12:22", "tanggal": "2020-05-21", "terbit": "06:11", "magrib": "18:29", "isya": "19:43", "dhuha": "06:35", "ashr": "15:47"}, {"imsyak": "04:43", "shubuh": "04:53", "dzuhur": "12:22", "tanggal": "2020-05-22", "terbit": "06:11", "magrib": "18:29", "isya": "19:43", "dhuha": "06:35", "ashr": "15:47"}, {"imsyak": "04:43", "shubuh": "04:53", "dzuhur": "12:22", "tanggal": "2020-05-23", "terbit": "06:11", "magrib": "18:30", "isya": "19:43", "dhuha": "06:35", "ashr": "15:47"}, {"imsyak": "04:43", "shubuh": "04:53", "dzuhur": "12:23", "tanggal": "2020-05-24", "terbit": "06:11", "magrib": "18:30", "isya": "19:44", "dhuha": "06:35", "ashr": "15:47"}, {"imsyak": "04:43", "shubuh": "04:53", "dzuhur": "12:23", "tanggal": "2020-05-25", "terbit": "06:12", "magrib": "18:30", "isya": "19:44", "dhuha": "06:36", "ashr": "15:48"}, {"imsyak": "04:43", "shubuh": "04:53", "dzuhur": "12:23", "tanggal": "2020-05-26", "terbit": "06:12", "magrib": "18:30", "isya": "19:44", "dhuha": "06:36", "ashr": "15:48"}, {"imsyak": "04:43", "shubuh": "04:53", "dzuhur": "12:23", "tanggal": "2020-05-27", "terbit": "06:12", "magrib": "18:30", "isya": "19:44", "dhuha": "06:36", "ashr": "15:48"}, {"imsyak": "04:43", "shubuh": "04:53", "dzuhur": "12:23", "tanggal": "2020-05-28", "terbit": "06:12", "magrib": "18:30", "isya": "19:45", "dhuha": "06:36", "ashr": "15:48"}, {"imsyak": "04:43", "shubuh": "04:53", "dzuhur": "12:23", "tanggal": "2020-05-29", "terbit": "06:12", "magrib": "18:30", "isya": "19:45", "dhuha": "06:36", "ashr": "15:49"}, {"imsyak": "04:43", "shubuh": "04:53", "dzuhur": "12:23", "tanggal": "2020-05-30", "terbit": "06:12", "magrib": "18:31", "isya": "19:45", "dhuha": "06:36", "ashr": "15:49"}, {"imsyak": "04:43", "shubuh": "04:53", "dzuhur": "12:23", "tanggal": "2020-05-31", "terbit": "06:12", "magrib": "18:31", "isya": "19:45", "dhuha": "06:36", "ashr": "15:49"}]