[{"imsyak": "04:43", "shubuh": "04:53", "dzuhur": "12:24", "tanggal": "2020-06-01", "terbit": "06:12", "magrib": "18:31", "isya": "19:46", "dhuha": "06:36", "ashr": "15:49"}, {"imsyak": "04:43", "shubuh": "04:53", "dzuhur": "12:24", "tanggal": "2020-06-02", "terbit": "06:12", "magrib": "18:31", "isya": "19:46", "dhuha": "06:36", "ashr": "15:49"}, {"imsyak": "04:43", "shubuh": "04:53", "dzuhur": "12:24", "tanggal": "2020-06-03", "terbit": "06:12", "magrib": "18:31", "isya": "19:46", "dhuha": "06:36", "ashr": "15:50"}, {"imsyak": "04:43", "shubuh": "04:53", "dzuhur": "12:24", "tanggal": "2020-06-04", "terbit": "06:13", "magrib": "18:32", "isya": "19:46", "dhuha": "06:37", "ashr": "15:50"}, {"imsyak": "04:43", "shubuh": "04:53", "dzuhur": "12:24", "tanggal": "2020-06-05", "terbit": "06:13", "magrib": "18:32", "isya": "19:47", "dhuha": "06:37", "ashr": "15:50"}, {"imsyak": "04:43", "shubuh": "04:53", "dzuhur": "12:24", "tanggal": "2020-06-06", "terbit": "06:13", "magrib": "18:32", "isya": "19:47", "dhuha": "06:37", "ashr": "15:50"}, {"imsyak": "04:43", "shubuh": "04:53", "dzuhur": "12:25", "tanggal": "2020-06-07", "terbit": "06:13", "magrib": "18:32", "isya": "19:47", "dhuha": "06:37", "ashr": "15:51"}, {"imsyak": "04:43", "shubuh": "04:53", "dzuhur": "12:25", "tanggal": "2020-06-08", "terbit": "06:13", "magrib": "18:32", "isya": "19:48", "dhuha": "06:37", "ashr": "15:51"}, {"imsyak": "04:43", "shubuh": "04:53", "dzuhur": "12:25", "tanggal": "2020-06-09", "terbit": "06:13", "magrib": "18:33", "isya": "19:48", "dhuha": "06:37", "ashr": "15:51"}, {"imsyak": "04:44", "shubuh": "04:54", "dzuhur": "12:25", "tanggal": "2020-06-10", "terbit": "06:14", "magrib": "18:33", "isya": "19:48", "dhuha": "06:38", "ashr": "15:52"}, {"imsyak": "04:44", "shubuh": "04:54", "dzuhur": "12:25", "tanggal": "2020-06-11", "terbit": "06:14", "magrib": "18:33", "isya": "19:48", "dhuha": "06:38", "ashr": "15:52"}, {"imsyak": "04:44", "shubuh": "04:54", "dzuhur": "12:26", "tanggal": "2020-06-12", "terbit": "06:14", "magrib": "18:33", "isya": "19:49", "dhuha": "06:38", "ashr": "15:52"}, {"imsyak": "04:44", "shubuh": "04:54", "dzuhur": "12:26", "tanggal": "2020-06-13", "terbit": "06:14", "magrib": "18:33", "isya": "19:49", "dhuha": "06:38", "ashr": "15:52"}, {"imsyak": "04:44", "shubuh": "04:54", "dzuhur": "12:26", "tanggal": "2020-06-14", "terbit": "06:14", "magrib": "18:34", "isya": "19:49", "dhuha": "06:38", "ashr": "15:52"}, {"imsyak": "04:44", "shubuh": "04:54", "dzuhur": "12:26", "tanggal": "2020-06-15", "terbit": "06:15", "magrib": "18:34", "isya": "19:49", "dhuha": "06:39", "ashr": "15:53"}, {"imsyak": "04:44", "shubuh": "04:54", "dzuhur": "12:26", "tanggal": "2020-06-16", "terbit": "06:15", "magrib": "18:34", "isya": "19:50", "dhuha": "06:39", "ashr": "15:53"}, {"imsyak": "04:45", "shubuh": "04:55", "dzuhur": "12:27", "tanggal": "2020-06-17", "terbit": "06:15", "magrib": "18:34", "isya": "19:50", "dhuha": "06:39", "ashr": "15:53"}, {"imsyak": "04:45", "shubuh": "04:55", "dzuhur": "12:27", "tanggal": "2020-06-18", "terbit": "06:15", "magrib": "18:35", "isya": "19:50", "dhuha": "06:39", "ashr": "15:53"}, {"imsyak": "04:45", "shubuh": "04:55", "dzuhur": "12:27", "tanggal": "2020-06-19", "terbit": "06:15", "magrib": "18:35", "isya": "19:50", "dhuha": "06:39", "ashr": "15:54"}, {"imsyak": "04:45", "shubuh": "04:55", "dzuhur": "12:27", "tanggal": "2020-06-20", "terbit": "06:16", "magrib": "18:35", "isya": "19:50", "dhuha": "06:40", "ashr": "15:54"}, {"imsyak": "04:45", "shubuh": "04:55", "dzuhur": "12:28", "tanggal": "2020-06-21", "terbit": "06:16", "magrib": "18:35", "isya": "19:51", "dhuha": "06:40", "ashr": "15:54"}, {"imsyak": "04:46", "shubuh": "04:56", "dzuhur": "12:28", "tanggal": "2020-06-22", "terbit": "06:16", "magrib": "18:35", "isya": "19:51", "dhuha": "06:40", "ashr": "15:54"}, {"imsyak": "04:46", "shubuh": "04:56", "dzuhur": "12:28", "tanggal": "2020-06-23", "terbit": "06:16", "magrib": "18:36", "isya": "19:51", "dhuha": "06:40", "ashr": "15:55"}, {"imsyak": "04:46", "shubuh": "04:56", "dzuhur": "12:28", "tanggal": "2020-06-24", "terbit": "06:16", "magrib": "18:36", "isya": "19:51", "dhuha": "06:40", "ashr": "15:55"}, {"imsyak": "04:46", "shubuh": "04:56", "dzuhur": "12:28", "tanggal": "2020-06-25", "terbit": "06:17", "magrib": "18:36", "isya": "19:52", "dhuha": "06:41", "ashr": "15:55"}, {"imsyak": "04:47", "shubuh": "04:57", "dzuhur": "12:29", "tanggal": "2020-06-26", "terbit": "06:17", "magrib": "18:36", "isya": "19:52", "dhuha": "06:41", "ashr": "15:55"}, {"imsyak": "04:47", "shubuh": "04:57", "dzuhur": "12:29", "tanggal": "2020-06-27", "terbit": "06:17", "magrib": "18:37", "isya": "19:52", "dhuha": "06:41", "ashr": "15:55"}, {"imsyak": "04:47", "shubuh": "04:57", "dzuhur": "12:29", "tanggal": "2020-06-28", "terbit": "06:17", "magrib": "18:37", "isya": "19:52", "dhuha": "06:41", "ashr": "15:56"}, {"imsyak": "04:47", "shubuh": "04:57", "dzuhur": "12:29", "tanggal": "2020-06-29", "terbit": "06:18", "magrib": "18:37", "isya": "19:52", "dhuha": "06:42", "ashr": "15:56"}, {"imsyak": "04:48", "shubuh": "04:58", "dzuhur": "12:29", "tanggal": "2020-06-30", "terbit": "06:18", "magrib": "18:37", "isya": "19:52", "dhuha": "06:42", "ashr": "15:56"}]