[{"imsyak": "04:48", "shubuh": "04:58", "dzuhur": "12:30", "tanggal": "2020-07-01", "terbit": "06:18", "magrib": "18:37", "isya": "19:52", "dhuha": "06:42", "ashr": "15:56"}, {"imsyak": "04:48", "shubuh": "04:58", "dzuhur": "12:30", "tanggal": "2020-07-02", "terbit": "06:18", "magrib": "18:37", "isya": "19:53", "dhuha": "06:42", "ashr": "15:56"}, {"imsyak": "04:48", "shubuh": "04:58", "dzuhur": "12:30", "tanggal": "2020-07-03", "terbit": "06:18", "magrib": "18:38", "isya": "19:53", "dhuha": "06:42", "ashr": "15:56"}, {"imsyak": "04:49", "shubuh": "04:59", "dzuhur": "12:30", "tanggal": "2020-07-04", "terbit": "06:19", "magrib": "18:38", "isya": "19:53", "dhuha": "06:43", "ashr": "15:56"}, {"imsyak": "04:49", "shubuh": "04:59", "dzuhur": "12:30", "tanggal": "2020-07-05", "terbit": "06:19", "magrib": "18:38", "isya": "19:53", "dhuha": "06:43", "ashr": "15:57"}, {"imsyak": "04:49", "shubuh": "04:59", "dzuhur": "12:31", "tanggal": "2020-07-06", "terbit": "06:19", "magrib": "18:38", "isya": "19:53", "dhuha": "06:43", "ashr": "15:57"}, {"imsyak": "04:49", "shubuh": "04:59", "dzuhur": "12:31", "tanggal": "2020-07-07", "terbit": "06:19", "magrib": "18:38", "isya": "19:53", "dhuha": "06:43", "ashr": "15:57"}, {"imsyak": "04:50", "shubuh": "05:00", "dzuhur": "12:31", "tanggal": "2020-07-08", "terbit": "06:19", "magrib": "18:38", "isya": "19:53", "dhuha": "06:43", "ashr": "15:57"}, {"imsyak": "04:50", "shubuh": "05:00", "dzuhur": "12:31", "tanggal": "2020-07-09", "terbit": "06:20", "magrib": "18:38", "isya": "19:53", "dhuha": "06:44", "ashr": "15:57"}, {"imsyak": "04:50", "shubuh": "05:00", "dzuhur": "12:31", "tanggal": "2020-07-10", "terbit": "06:20", "magrib": "18:39", "isya": "19:53", "dhuha": "06:44", "ashr": "15:57"}, {"imsyak": "04:50", "shubuh": "05:00", "dzuhur": "12:31", "tanggal": "2020-07-11", "terbit": "06:20", "magrib": "18:39", "isya": "19:53", "dhuha": "06:44", "ashr": "15:57"}, {"imsyak": "04:51", "shubuh": "05:01", "dzuhur": "12:31", "tanggal": "2020-07-12", "terbit": "06:20", "magrib": "18:39", "isya": "19:53", "dhuha": "06:44", "ashr": "15:57"}, {"imsyak": "04:51", "shubuh": "05:01", "dzuhur": "12:32", "tanggal": "2020-07-13", "terbit": "06:20", "magrib": "18:39", "isya": "19:53", "dhuha": "06:44", "ashr": "15:57"}, {"imsyak": "04:51", "shubuh": "05:01", "dzuhur": "12:32", "tanggal": "2020-07-14", "terbit": "06:20", "magrib": "18:39", "isya": "19:53", "dhuha": "06:44", "ashr": "15:57"}, {"imsyak": "04:51", "shubuh": "05:01", "dzuhur": "12:32", "tanggal": "2020-07-15", "terbit": "06:20", "magrib": "18:39", "isya": "19:53", "dhuha": "06:44", "ashr": "15:57"}, {"imsyak": "04:52", "shubuh": "05:02", "dzuhur": "12:32", "tanggal": "2020-07-16", "terbit": "06:21", "magrib": "18:39", "isya": "19:53", "dhuha": "06:45", "ashr": "15:57"}, {"imsyak": "04:52", "shubuh": "05:02", "dzuhur": "12:32", "tanggal": "2020-07-17", "terbit": "06:21", "magrib": "18:39", "isya": "19:53", "dhuha": "06:45", "ashr": "15:57"}, {"imsyak": "04:52", "shubuh": "05:02", "dzuhur": "12:32", "tanggal": "2020-07-18", "terbit": "06:21", "magrib": "18:39", "isya": "19:53", "dhuha": "06:45", "ashr": "15:57"}, {"imsyak": "04:52", "shubuh": "05:02", "dzuhur": "12:32", "tanggal": "2020-07-19", "terbit": "06:21", "magrib": "18:39", "isya": "19:53", "dhuha": "06:45", "ashr": "15:57"}, {"imsyak": "04:52", "shubuh": "05:02", "dzuhur": "12:32", "tanggal": "2020-07-20", "terbit": "06:21", "magrib": "18:39", "isya": "19:53", "dhuha": "06:45", "ashr": "15:57"}, {"imsyak": "04:53", "shubuh": "05:03", "dzuhur": "12:32", "tanggal": "2020-07-21", "terbit": "06:21", "magrib": "18:39", "isya": "19:53", "dhuha": "06:45", "ashr": "15:57"}, {"imsyak": "04:53", "shubuh": "05:03", "dzuhur": "12:32", "tanggal": "2020-07-22", "terbit": "06:21", "magrib": "18:39", "isya": "19:53", "dhuha": "06:45", "ashr": "15:57"}, {"imsyak": "04:53", "shubuh": "05:03", "dzuhur": "12:32", "tanggal": "2020-07-23", "terbit": "06:21", "magrib": "18:39", "isya": "19:53", "dhuha": "06:45", "ashr": "15:57"}, {"imsyak": "04:53", "shubuh": "05:03", "dzuhur": "12:32", "tanggal": "2020-07-24", "terbit": "06:21", "magrib": "18:39", "isya": "19:53", "dhuha": "06:45", "ashr": "15:56"}, {"imsyak": "04:53", "shubuh": "05:03", "dzuhur": "12:32", "tanggal": "2020-07-25", "terbit": "06:21", "magrib": "18:39", "isya": "19:52", "dhuha": "06:45", "ashr": "15:56"}, {"imsyak": "04:54", "shubuh": "05:04", "dzuhur": "12:32", "tanggal": "2020-07-26", "terbit": "06:21", "magrib": "18:39", "isya": "19:52", "dhuha": "06:45", "ashr": "15:56"}, {"imsyak": "04:54", "shubuh": "05:04", "dzuhur": "12:32", "tanggal": "2020-07-27", "terbit": "06:22", "magrib": "18:39", "isya": "19:52", "dhuha": "06:46", "ashr": "15:56"}, {"imsyak": "04:54", "shubuh": "05:04", "dzuhur": "12:32", "tanggal": "2020-07-28", "terbit": "06:22", "magrib": "18:39", "isya": "19:52", "dhuha": "06:46", "ashr": "15:56"}, {"imsyak": "04:54", "shubuh": "05:04", "dzuhur": "12:32", "tanggal": "2020-07-29", "terbit": "06:22", "magrib": "18:39", "isya": "19:52", "dhuha": "06:46", "ashr": "15:55"}, {"imsyak": "04:54", "shubuh": "05:04", "dzuhur": "12:32", "tanggal": "2020-07-30", "terbit": "06:22", "magrib": "18:39", "isya": "19:52", "dhuha": "06:46", "ashr": "15:55"}, {"imsyak": "04:54", "shubuh": "05:04", "dzuhur": "12:32", "tanggal": "2020-07-31", "terbit": "06:22", "magrib": "18:39", "isya": "19:51", "dhuha": "06:46", "ashr": "15:55"}]