[{"tanggal": "2020-12-01", "imsyak": "04:42", "shubuh": "04:52", "terbit": "06:11", "dhuha": "06:35", "dzuhur": "12:15", "ashr": "15:39", "magrib": "18:15", "isya": "19:29"}, {"tanggal": "2020-12-02", "imsyak": "04:42", "shubuh": "04:52", "terbit": "06:11", "dhuha": "06:35", "dzuhur": "12:15", "ashr": "15:39", "magrib": "18:15", "isya": "19:29"}, {"tanggal": "2020-12-03", "imsyak": "04:43", "shubuh": "04:53", "terbit": "06:12", "dhuha": "06:36", "dzuhur": "12:15", "ashr": "15:40", "magrib": "18:15", "isya": "19:30"}, {"tanggal": "2020-12-04", "imsyak": "04:43", "shubuh": "04:53", "terbit": "06:12", "dhuha": "06:36", "dzuhur": "12:16", "ashr": "15:40", "magrib": "18:16", "isya": "19:30"}, {"tanggal": "2020-12-05", "imsyak": "04:43", "shubuh": "04:53", "terbit": "06:12", "dhuha": "06:36", "dzuhur": "12:16", "ashr": "15:41", "magrib": "18:16", "isya": "19:31"}, {"tanggal": "2020-12-06", "imsyak": "04:44", "shubuh": "04:54", "terbit": "06:13", "dhuha": "06:37", "dzuhur": "12:17", "ashr": "15:41", "magrib": "18:17", "isya": "19:31"}, {"tanggal": "2020-12-07", "imsyak": "04:44", "shubuh": "04:54", "terbit": "06:13", "dhuha": "06:37", "dzuhur": "12:17", "ashr": "15:42", "magrib": "18:17", "isya": "19:31"}, {"tanggal": "2020-12-08", "imsyak": "04:45", "shubuh": "04:55", "terbit": "06:14", "dhuha": "06:38", "dzuhur": "12:18", "ashr": "15:42", "magrib": "18:17", "isya": "19:32"}, {"tanggal": "2020-12-09", "imsyak": "04:45", "shubuh": "04:55", "terbit": "06:14", "dhuha": "06:38", "dzuhur": "12:18", "ashr": "15:42", "magrib": "18:18", "isya": "19:32"}, {"tanggal": "2020-12-10", "imsyak": "04:45", "shubuh": "04:55", "terbit": "06:15", "dhuha": "06:39", "dzuhur": "12:18", "ashr": "15:43", "magrib": "18:18", "isya": "19:33"}, {"tanggal": "2020-12-11", "imsyak": "04:46", "shubuh": "04:56", "terbit": "06:15", "dhuha": "06:39", "dzuhur": "12:19", "ashr": "15:43", "magrib": "18:19", "isya": "19:33"}, {"tanggal": "2020-12-12", "imsyak": "04:46", "shubuh": "04:56", "terbit": "06:16", "dhuha": "06:40", "dzuhur": "12:19", "ashr": "15:44", "magrib": "18:19", "isya": "19:34"}, {"tanggal": "2020-12-13", "imsyak": "04:47", "shubuh": "04:57", "terbit": "06:16", "dhuha": "06:40", "dzuhur": "12:20", "ashr": "15:44", "magrib": "18:20", "isya": "19:34"}, {"tanggal": "2020-12-14", "imsyak": "04:47", "shubuh": "04:57", "terbit": "06:17", "dhuha": "06:41", "dzuhur": "12:20", "ashr": "15:45", "magrib": "18:20", "isya": "19:35"}, {"tanggal": "2020-12-15", "imsyak": "04:47", "shubuh": "04:57", "terbit": "06:17", "dhuha": "06:41", "dzuhur": "12:21", "ashr": "15:45", "magrib": "18:21", "isya": "19:35"}, {"tanggal": "2020-12-16", "imsyak": "04:48", "shubuh": "04:58", "terbit": "06:18", "dhuha": "06:42", "dzuhur": "12:21", "ashr": "15:46", "magrib": "18:21", "isya": "19:36"}, {"tanggal": "2020-12-17", "imsyak": "04:48", "shubuh": "04:58", "terbit": "06:18", "dhuha": "06:42", "dzuhur": "12:22", "ashr": "15:46", "magrib": "18:21", "isya": "19:36"}, {"tanggal": "2020-12-18", "imsyak": "04:49", "shubuh": "04:59", "terbit": "06:19", "dhuha": "06:43", "dzuhur": "12:22", "ashr": "15:47", "magrib": "18:22", "isya": "19:37"}, {"tanggal": "2020-12-19", "imsyak": "04:49", "shubuh": "04:59", "terbit": "06:19", "dhuha": "06:43", "dzuhur": "12:23", "ashr": "15:47", "magrib": "18:22", "isya": "19:37"}, {"tanggal": "2020-12-20", "imsyak": "04:50", "shubuh": "05:00", "terbit": "06:20", "dhuha": "06:44", "dzuhur": "12:23", "ashr": "15:48", "magrib": "18:23", "isya": "19:38"}, {"tanggal": "2020-12-21", "imsyak": "04:50", "shubuh": "05:00", "terbit": "06:20", "dhuha": "06:44", "dzuhur": "12:24", "ashr": "15:48", "magrib": "18:23", "isya": "19:38"}, {"tanggal": "2020-12-22", "imsyak": "04:51", "shubuh": "05:01", "terbit": "06:21", "dhuha": "06:45", "dzuhur": "12:24", "ashr": "15:49", "magrib": "18:24", "isya": "19:39"}, {"tanggal": "2020-12-23", "imsyak": "04:51", "shubuh": "05:01", "terbit": "06:21", "dhuha": "06:45", "dzuhur": "12:25", "ashr": "15:49", "magrib": "18:24", "isya": "19:39"}, {"tanggal": "2020-12-24", "imsyak": "04:52", "shubuh": "05:02", "terbit": "06:22", "dhuha": "06:46", "dzuhur": "12:25", "ashr": "15:50", "magrib": "18:25", "isya": "19:40"}, {"tanggal": "2020-12-25", "imsyak": "04:52", "shubuh": "05:02", "terbit": "06:22", "dhuha": "06:46", "dzuhur": "12:26", "ashr": "15:50", "magrib": "18:25", "isya": "19:40"}, {"tanggal": "2020-12-26", "imsyak": "04:53", "shubuh": "05:03", "terbit": "06:22", "dhuha": "06:46", "dzuhur": "12:26", "ashr": "15:51", "magrib": "18:26", "isya": "19:41"}, {"tanggal": "2020-12-27", "imsyak": "04:53", "shubuh": "05:03", "terbit": "06:23", "dhuha": "06:47", "dzuhur": "12:27", "ashr": "15:51", "magrib": "18:26", "isya": "19:41"}, {"tanggal": "2020-12-28", "imsyak": "04:54", "shubuh": "05:04", "terbit": "06:23", "dhuha": "06:47", "dzuhur": "12:27", "ashr": "15:52", "magrib": "18:27", "isya": "19:42"}, {"tanggal": "2020-12-29", "imsyak": "04:54", "shubuh": "05:04", "terbit": "06:24", "dhuha": "06:48", "dzuhur": "12:28", "ashr": "15:52", "magrib": "18:27", "isya": "19:42"}, {"tanggal": "2020-12-30", "imsyak": "04:55", "shubuh": "05:05", "terbit": "06:24", "dhuha": "06:48", "dzuhur": "12:28", "ashr": "15:53", "magrib": "18:28", "isya": "19:43"}, {"tanggal": "2020-12-31", "imsyak": "04:55", "shubuh": "05:05", "terbit": "06:25", "dhuha": "06:49", "dzuhur": "12:29", "ashr": "15:53", "magrib": "18:28", "isya": "19:43"}]