[{"imsyak": "04:29", "shubuh": "04:39", "dzuhur": "12:05", "tanggal": "2019-11-01", "terbit": "05:55", "magrib": "18:11", "isya": "19:22", "dhuha": "06:19", "ashr": "15:23"}, {"imsyak": "04:29", "shubuh": "04:39", "dzuhur": "12:05", "tanggal": "2019-11-02", "terbit": "05:55", "magrib": "18:11", "isya": "19:22", "dhuha": "06:19", "ashr": "15:23"}, {"imsyak": "04:29", "shubuh": "04:39", "dzuhur": "12:05", "tanggal": "2019-11-03", "terbit": "05:55", "magrib": "18:11", "isya": "19:22", "dhuha": "06:19", "ashr": "15:24"}, {"imsyak": "04:29", "shubuh": "04:39", "dzuhur": "12:05", "tanggal": "2019-11-04", "terbit": "05:55", "magrib": "18:11", "isya": "19:22", "dhuha": "06:19", "ashr": "15:24"}, {"imsyak": "04:29", "shubuh": "04:39", "dzuhur": "12:05", "tanggal": "2019-11-05", "terbit": "05:55", "magrib": "18:11", "isya": "19:22", "dhuha": "06:19", "ashr": "15:24"}, {"imsyak": "04:28", "shubuh": "04:38", "dzuhur": "12:05", "tanggal": "2019-11-06", "terbit": "05:54", "magrib": "18:11", "isya": "19:22", "dhuha": "06:18", "ashr": "15:25"}, {"imsyak": "04:28", "shubuh": "04:38", "dzuhur": "12:05", "tanggal": "2019-11-07", "terbit": "05:54", "magrib": "18:11", "isya": "19:23", "dhuha": "06:18", "ashr": "15:25"}, {"imsyak": "04:28", "shubuh": "04:38", "dzuhur": "12:05", "tanggal": "2019-11-08", "terbit": "05:54", "magrib": "18:11", "isya": "19:23", "dhuha": "06:18", "ashr": "15:25"}, {"imsyak": "04:28", "shubuh": "04:38", "dzuhur": "12:05", "tanggal": "2019-11-09", "terbit": "05:54", "magrib": "18:11", "isya": "19:23", "dhuha": "06:18", "ashr": "15:26"}, {"imsyak": "04:28", "shubuh": "04:38", "dzuhur": "12:05", "tanggal": "2019-11-10", "terbit": "05:54", "magrib": "18:11", "isya": "19:23", "dhuha": "06:18", "ashr": "15:26"}, {"imsyak": "04:28", "shubuh": "04:38", "dzuhur": "12:05", "tanggal": "2019-11-11", "terbit": "05:54", "magrib": "18:11", "isya": "19:24", "dhuha": "06:18", "ashr": "15:27"}, {"imsyak": "04:28", "shubuh": "04:38", "dzuhur": "12:05", "tanggal": "2019-11-12", "terbit": "05:54", "magrib": "18:12", "isya": "19:24", "dhuha": "06:18", "ashr": "15:27"}, {"imsyak": "04:28", "shubuh": "04:38", "dzuhur": "12:05", "tanggal": "2019-11-13", "terbit": "05:55", "magrib": "18:12", "isya": "19:24", "dhuha": "06:19", "ashr": "15:27"}, {"imsyak": "04:28", "shubuh": "04:38", "dzuhur": "12:05", "tanggal": "2019-11-14", "terbit": "05:55", "magrib": "18:12", "isya": "19:25", "dhuha": "06:19", "ashr": "15:28"}, {"imsyak": "04:28", "shubuh": "04:38", "dzuhur": "12:05", "tanggal": "2019-11-15", "terbit": "05:55", "magrib": "18:12", "isya": "19:25", "dhuha": "06:19", "ashr": "15:28"}, {"imsyak": "04:27", "shubuh": "04:37", "dzuhur": "12:06", "tanggal": "2019-11-16", "terbit": "05:55", "magrib": "18:12", "isya": "19:25", "dhuha": "06:19", "ashr": "15:28"}, {"imsyak": "04:27", "shubuh": "04:37", "dzuhur": "12:06", "tanggal": "2019-11-17", "terbit": "05:55", "magrib": "18:13", "isya": "19:26", "dhuha": "06:19", "ashr": "15:29"}, {"imsyak": "04:27", "shubuh": "04:37", "dzuhur": "12:06", "tanggal": "2019-11-18", "terbit": "05:55", "magrib": "18:13", "isya": "19:26", "dhuha": "06:19", "ashr": "15:29"}, {"imsyak": "04:27", "shubuh": "04:37", "dzuhur": "12:06", "tanggal": "2019-11-19", "terbit": "05:55", "magrib": "18:13", "isya": "19:26", "dhuha": "06:19", "ashr": "15:30"}, {"imsyak": "04:28", "shubuh": "04:38", "dzuhur": "12:06", "tanggal": "2019-11-20", "terbit": "05:55", "magrib": "18:13", "isya": "19:27", "dhuha": "06:19", "ashr": "15:30"}, {"imsyak": "04:28", "shubuh": "04:38", "dzuhur": "12:07", "tanggal": "2019-11-21", "terbit": "05:56", "magrib": "18:14", "isya": "19:27", "dhuha": "06:20", "ashr": "15:31"}, {"imsyak": "04:28", "shubuh": "04:38", "dzuhur": "12:07", "tanggal": "2019-11-22", "terbit": "05:56", "magrib": "18:14", "isya": "19:27", "dhuha": "06:20", "ashr": "15:31"}, {"imsyak": "04:28", "shubuh": "04:38", "dzuhur": "12:07", "tanggal": "2019-11-23", "terbit": "05:56", "magrib": "18:14", "isya": "19:28", "dhuha": "06:20", "ashr": "15:31"}, {"imsyak": "04:28", "shubuh": "04:38", "dzuhur": "12:07", "tanggal": "2019-11-24", "terbit": "05:56", "magrib": "18:15", "isya": "19:28", "dhuha": "06:20", "ashr": "15:32"}, {"imsyak": "04:28", "shubuh": "04:38", "dzuhur": "12:08", "tanggal": "2019-11-25", "terbit": "05:56", "magrib": "18:15", "isya": "19:29", "dhuha": "06:20", "ashr": "15:32"}, {"imsyak": "04:28", "shubuh": "04:38", "dzuhur": "12:08", "tanggal": "2019-11-26", "terbit": "05:57", "magrib": "18:15", "isya": "19:29", "dhuha": "06:21", "ashr": "15:33"}, {"imsyak": "04:28", "shubuh": "04:38", "dzuhur": "12:08", "tanggal": "2019-11-27", "terbit": "05:57", "magrib": "18:16", "isya": "19:30", "dhuha": "06:21", "ashr": "15:33"}, {"imsyak": "04:28", "shubuh": "04:38", "dzuhur": "12:09", "tanggal": "2019-11-28", "terbit": "05:57", "magrib": "18:16", "isya": "19:30", "dhuha": "06:21", "ashr": "15:34"}, {"imsyak": "04:29", "shubuh": "04:39", "dzuhur": "12:09", "tanggal": "2019-11-29", "terbit": "05:57", "magrib": "18:16", "isya": "19:31", "dhuha": "06:21", "ashr": "15:34"}, {"imsyak": "04:29", "shubuh": "04:39", "dzuhur": "12:09", "tanggal": "2019-11-30", "terbit": "05:58", "magrib": "18:17", "isya": "19:31", "dhuha": "06:22", "ashr": "15:35"}]