[{"imsyak": "04:29", "shubuh": "04:39", "dzuhur": "12:10", "tanggal": "2019-12-01", "terbit": "05:58", "magrib": "18:17", "isya": "19:32", "dhuha": "06:22", "ashr": "15:35"}, {"imsyak": "04:29", "shubuh": "04:39", "dzuhur": "12:10", "tanggal": "2019-12-02", "terbit": "05:58", "magrib": "18:18", "isya": "19:32", "dhuha": "06:22", "ashr": "15:35"}, {"imsyak": "04:29", "shubuh": "04:39", "dzuhur": "12:10", "tanggal": "2019-12-03", "terbit": "05:59", "magrib": "18:18", "isya": "19:33", "dhuha": "06:23", "ashr": "15:36"}, {"imsyak": "04:30", "shubuh": "04:40", "dzuhur": "12:11", "tanggal": "2019-12-04", "terbit": "05:59", "magrib": "18:18", "isya": "19:33", "dhuha": "06:23", "ashr": "15:36"}, {"imsyak": "04:30", "shubuh": "04:40", "dzuhur": "12:11", "tanggal": "2019-12-05", "terbit": "05:59", "magrib": "18:19", "isya": "19:34", "dhuha": "06:23", "ashr": "15:37"}, {"imsyak": "04:30", "shubuh": "04:40", "dzuhur": "12:12", "tanggal": "2019-12-06", "terbit": "06:00", "magrib": "18:19", "isya": "19:34", "dhuha": "06:24", "ashr": "15:37"}, {"imsyak": "04:31", "shubuh": "04:41", "dzuhur": "12:12", "tanggal": "2019-12-07", "terbit": "06:00", "magrib": "18:20", "isya": "19:35", "dhuha": "06:24", "ashr": "15:38"}, {"imsyak": "04:31", "shubuh": "04:41", "dzuhur": "12:12", "tanggal": "2019-12-08", "terbit": "06:01", "magrib": "18:20", "isya": "19:35", "dhuha": "06:25", "ashr": "15:38"}, {"imsyak": "04:31", "shubuh": "04:41", "dzuhur": "12:13", "tanggal": "2019-12-09", "terbit": "06:01", "magrib": "18:21", "isya": "19:36", "dhuha": "06:25", "ashr": "15:39"}, {"imsyak": "04:32", "shubuh": "04:42", "dzuhur": "12:13", "tanggal": "2019-12-10", "terbit": "06:01", "magrib": "18:21", "isya": "19:36", "dhuha": "06:25", "ashr": "15:39"}, {"imsyak": "04:32", "shubuh": "04:42", "dzuhur": "12:14", "tanggal": "2019-12-11", "terbit": "06:02", "magrib": "18:22", "isya": "19:37", "dhuha": "06:26", "ashr": "15:40"}, {"imsyak": "04:32", "shubuh": "04:42", "dzuhur": "12:14", "tanggal": "2019-12-12", "terbit": "06:02", "magrib": "18:22", "isya": "19:37", "dhuha": "06:26", "ashr": "15:41"}, {"imsyak": "04:33", "shubuh": "04:43", "dzuhur": "12:15", "tanggal": "2019-12-13", "terbit": "06:03", "magrib": "18:22", "isya": "19:38", "dhuha": "06:27", "ashr": "15:41"}, {"imsyak": "04:33", "shubuh": "04:43", "dzuhur": "12:15", "tanggal": "2019-12-14", "terbit": "06:03", "magrib": "18:23", "isya": "19:38", "dhuha": "06:27", "ashr": "15:42"}, {"imsyak": "04:34", "shubuh": "04:44", "dzuhur": "12:16", "tanggal": "2019-12-15", "terbit": "06:04", "magrib": "18:23", "isya": "19:39", "dhuha": "06:28", "ashr": "15:42"}, {"imsyak": "04:34", "shubuh": "04:44", "dzuhur": "12:16", "tanggal": "2019-12-16", "terbit": "06:04", "magrib": "18:24", "isya": "19:39", "dhuha": "06:28", "ashr": "15:43"}, {"imsyak": "04:34", "shubuh": "04:44", "dzuhur": "12:17", "tanggal": "2019-12-17", "terbit": "06:05", "magrib": "18:24", "isya": "19:40", "dhuha": "06:29", "ashr": "15:43"}, {"imsyak": "04:35", "shubuh": "04:45", "dzuhur": "12:17", "tanggal": "2019-12-18", "terbit": "06:05", "magrib": "18:25", "isya": "19:40", "dhuha": "06:29", "ashr": "15:44"}, {"imsyak": "04:35", "shubuh": "04:45", "dzuhur": "12:17", "tanggal": "2019-12-19", "terbit": "06:06", "magrib": "18:25", "isya": "19:41", "dhuha": "06:30", "ashr": "15:44"}, {"imsyak": "04:36", "shubuh": "04:46", "dzuhur": "12:18", "tanggal": "2019-12-20", "terbit": "06:06", "magrib": "18:26", "isya": "19:41", "dhuha": "06:30", "ashr": "15:45"}, {"imsyak": "04:36", "shubuh": "04:46", "dzuhur": "12:18", "tanggal": "2019-12-21", "terbit": "06:07", "magrib": "18:26", "isya": "19:42", "dhuha": "06:31", "ashr": "15:45"}, {"imsyak": "04:37", "shubuh": "04:47", "dzuhur": "12:19", "tanggal": "2019-12-22", "terbit": "06:07", "magrib": "18:27", "isya": "19:42", "dhuha": "06:31", "ashr": "15:46"}, {"imsyak": "04:37", "shubuh": "04:47", "dzuhur": "12:19", "tanggal": "2019-12-23", "terbit": "06:08", "magrib": "18:27", "isya": "19:43", "dhuha": "06:32", "ashr": "15:46"}, {"imsyak": "04:38", "shubuh": "04:48", "dzuhur": "12:20", "tanggal": "2019-12-24", "terbit": "06:08", "magrib": "18:28", "isya": "19:43", "dhuha": "06:32", "ashr": "15:47"}, {"imsyak": "04:38", "shubuh": "04:48", "dzuhur": "12:20", "tanggal": "2019-12-25", "terbit": "06:09", "magrib": "18:28", "isya": "19:44", "dhuha": "06:33", "ashr": "15:47"}, {"imsyak": "04:39", "shubuh": "04:49", "dzuhur": "12:21", "tanggal": "2019-12-26", "terbit": "06:09", "magrib": "18:29", "isya": "19:44", "dhuha": "06:33", "ashr": "15:48"}, {"imsyak": "04:39", "shubuh": "04:49", "dzuhur": "12:21", "tanggal": "2019-12-27", "terbit": "06:10", "magrib": "18:29", "isya": "19:45", "dhuha": "06:34", "ashr": "15:48"}, {"imsyak": "04:40", "shubuh": "04:50", "dzuhur": "12:22", "tanggal": "2019-12-28", "terbit": "06:10", "magrib": "18:30", "isya": "19:45", "dhuha": "06:34", "ashr": "15:49"}, {"imsyak": "04:40", "shubuh": "04:50", "dzuhur": "12:22", "tanggal": "2019-12-29", "terbit": "06:11", "magrib": "18:30", "isya": "19:46", "dhuha": "06:35", "ashr": "15:49"}, {"imsyak": "04:41", "shubuh": "04:51", "dzuhur": "12:23", "tanggal": "2019-12-30", "terbit": "06:11", "magrib": "18:31", "isya": "19:46", "dhuha": "06:35", "ashr": "15:49"}, {"imsyak": "04:41", "shubuh": "04:51", "dzuhur": "12:23", "tanggal": "2019-12-31", "terbit": "06:12", "magrib": "18:31", "isya": "19:47", "dhuha": "06:36", "ashr": "15:50"}]