[{"imsyak": "04:21", "shubuh": "04:31", "dzuhur": "12:03", "tanggal": "2019-11-01", "terbit": "05:47", "magrib": "18:15", "isya": "19:28", "dhuha": "06:11", "ashr": "15:17"}, {"imsyak": "04:20", "shubuh": "04:30", "dzuhur": "12:03", "tanggal": "2019-11-02", "terbit": "05:47", "magrib": "18:15", "isya": "19:28", "dhuha": "06:11", "ashr": "15:17"}, {"imsyak": "04:20", "shubuh": "04:30", "dzuhur": "12:03", "tanggal": "2019-11-03", "terbit": "05:47", "magrib": "18:16", "isya": "19:28", "dhuha": "06:11", "ashr": "15:18"}, {"imsyak": "04:19", "shubuh": "04:29", "dzuhur": "12:03", "tanggal": "2019-11-04", "terbit": "05:47", "magrib": "18:16", "isya": "19:28", "dhuha": "06:11", "ashr": "15:18"}, {"imsyak": "04:19", "shubuh": "04:29", "dzuhur": "12:03", "tanggal": "2019-11-05", "terbit": "05:46", "magrib": "18:16", "isya": "19:29", "dhuha": "06:10", "ashr": "15:19"}, {"imsyak": "04:19", "shubuh": "04:29", "dzuhur": "12:03", "tanggal": "2019-11-06", "terbit": "05:46", "magrib": "18:16", "isya": "19:29", "dhuha": "06:10", "ashr": "15:19"}, {"imsyak": "04:18", "shubuh": "04:28", "dzuhur": "12:03", "tanggal": "2019-11-07", "terbit": "05:46", "magrib": "18:17", "isya": "19:30", "dhuha": "06:10", "ashr": "15:20"}, {"imsyak": "04:18", "shubuh": "04:28", "dzuhur": "12:03", "tanggal": "2019-11-08", "terbit": "05:46", "magrib": "18:17", "isya": "19:30", "dhuha": "06:10", "ashr": "15:20"}, {"imsyak": "04:18", "shubuh": "04:28", "dzuhur": "12:03", "tanggal": "2019-11-09", "terbit": "05:46", "magrib": "18:17", "isya": "19:30", "dhuha": "06:10", "ashr": "15:21"}, {"imsyak": "04:18", "shubuh": "04:28", "dzuhur": "12:03", "tanggal": "2019-11-10", "terbit": "05:46", "magrib": "18:17", "isya": "19:31", "dhuha": "06:10", "ashr": "15:22"}, {"imsyak": "04:17", "shubuh": "04:27", "dzuhur": "12:03", "tanggal": "2019-11-11", "terbit": "05:45", "magrib": "18:18", "isya": "19:31", "dhuha": "06:09", "ashr": "15:22"}, {"imsyak": "04:17", "shubuh": "04:27", "dzuhur": "12:04", "tanggal": "2019-11-12", "terbit": "05:45", "magrib": "18:18", "isya": "19:32", "dhuha": "06:09", "ashr": "15:23"}, {"imsyak": "04:17", "shubuh": "04:27", "dzuhur": "12:04", "tanggal": "2019-11-13", "terbit": "05:45", "magrib": "18:18", "isya": "19:32", "dhuha": "06:09", "ashr": "15:23"}, {"imsyak": "04:17", "shubuh": "04:27", "dzuhur": "12:04", "tanggal": "2019-11-14", "terbit": "05:45", "magrib": "18:18", "isya": "19:32", "dhuha": "06:09", "ashr": "15:24"}, {"imsyak": "04:16", "shubuh": "04:26", "dzuhur": "12:04", "tanggal": "2019-11-15", "terbit": "05:45", "magrib": "18:19", "isya": "19:33", "dhuha": "06:09", "ashr": "15:24"}, {"imsyak": "04:16", "shubuh": "04:26", "dzuhur": "12:04", "tanggal": "2019-11-16", "terbit": "05:45", "magrib": "18:19", "isya": "19:33", "dhuha": "06:09", "ashr": "15:25"}, {"imsyak": "04:16", "shubuh": "04:26", "dzuhur": "12:04", "tanggal": "2019-11-17", "terbit": "05:45", "magrib": "18:19", "isya": "19:34", "dhuha": "06:09", "ashr": "15:25"}, {"imsyak": "04:16", "shubuh": "04:26", "dzuhur": "12:04", "tanggal": "2019-11-18", "terbit": "05:45", "magrib": "18:20", "isya": "19:34", "dhuha": "06:09", "ashr": "15:26"}, {"imsyak": "04:16", "shubuh": "04:26", "dzuhur": "12:05", "tanggal": "2019-11-19", "terbit": "05:45", "magrib": "18:20", "isya": "19:35", "dhuha": "06:09", "ashr": "15:26"}, {"imsyak": "04:16", "shubuh": "04:26", "dzuhur": "12:05", "tanggal": "2019-11-20", "terbit": "05:45", "magrib": "18:21", "isya": "19:35", "dhuha": "06:09", "ashr": "15:27"}, {"imsyak": "04:16", "shubuh": "04:26", "dzuhur": "12:05", "tanggal": "2019-11-21", "terbit": "05:45", "magrib": "18:21", "isya": "19:36", "dhuha": "06:09", "ashr": "15:28"}, {"imsyak": "04:16", "shubuh": "04:26", "dzuhur": "12:05", "tanggal": "2019-11-22", "terbit": "05:45", "magrib": "18:21", "isya": "19:36", "dhuha": "06:09", "ashr": "15:28"}, {"imsyak": "04:16", "shubuh": "04:26", "dzuhur": "12:06", "tanggal": "2019-11-23", "terbit": "05:46", "magrib": "18:22", "isya": "19:37", "dhuha": "06:10", "ashr": "15:29"}, {"imsyak": "04:16", "shubuh": "04:26", "dzuhur": "12:06", "tanggal": "2019-11-24", "terbit": "05:46", "magrib": "18:22", "isya": "19:37", "dhuha": "06:10", "ashr": "15:29"}, {"imsyak": "04:16", "shubuh": "04:26", "dzuhur": "12:06", "tanggal": "2019-11-25", "terbit": "05:46", "magrib": "18:23", "isya": "19:38", "dhuha": "06:10", "ashr": "15:30"}, {"imsyak": "04:16", "shubuh": "04:26", "dzuhur": "12:06", "tanggal": "2019-11-26", "terbit": "05:46", "magrib": "18:23", "isya": "19:39", "dhuha": "06:10", "ashr": "15:30"}, {"imsyak": "04:16", "shubuh": "04:26", "dzuhur": "12:07", "tanggal": "2019-11-27", "terbit": "05:46", "magrib": "18:24", "isya": "19:39", "dhuha": "06:10", "ashr": "15:31"}, {"imsyak": "04:16", "shubuh": "04:26", "dzuhur": "12:07", "tanggal": "2019-11-28", "terbit": "05:46", "magrib": "18:24", "isya": "19:40", "dhuha": "06:10", "ashr": "15:32"}, {"imsyak": "04:16", "shubuh": "04:26", "dzuhur": "12:07", "tanggal": "2019-11-29", "terbit": "05:46", "magrib": "18:24", "isya": "19:40", "dhuha": "06:10", "ashr": "15:32"}, {"imsyak": "04:16", "shubuh": "04:26", "dzuhur": "12:08", "tanggal": "2019-11-30", "terbit": "05:47", "magrib": "18:25", "isya": "19:41", "dhuha": "06:11", "ashr": "15:33"}]