[{"imsyak": "04:16", "shubuh": "04:26", "dzuhur": "12:08", "tanggal": "2019-12-01", "terbit": "05:47", "magrib": "18:25", "isya": "19:41", "dhuha": "06:11", "ashr": "15:33"}, {"imsyak": "04:16", "shubuh": "04:26", "dzuhur": "12:08", "tanggal": "2019-12-02", "terbit": "05:47", "magrib": "18:26", "isya": "19:42", "dhuha": "06:11", "ashr": "15:34"}, {"imsyak": "04:16", "shubuh": "04:26", "dzuhur": "12:09", "tanggal": "2019-12-03", "terbit": "05:47", "magrib": "18:26", "isya": "19:43", "dhuha": "06:11", "ashr": "15:34"}, {"imsyak": "04:16", "shubuh": "04:26", "dzuhur": "12:09", "tanggal": "2019-12-04", "terbit": "05:48", "magrib": "18:27", "isya": "19:43", "dhuha": "06:12", "ashr": "15:35"}, {"imsyak": "04:17", "shubuh": "04:27", "dzuhur": "12:10", "tanggal": "2019-12-05", "terbit": "05:48", "magrib": "18:27", "isya": "19:44", "dhuha": "06:12", "ashr": "15:36"}, {"imsyak": "04:17", "shubuh": "04:27", "dzuhur": "12:10", "tanggal": "2019-12-06", "terbit": "05:48", "magrib": "18:28", "isya": "19:44", "dhuha": "06:12", "ashr": "15:36"}, {"imsyak": "04:17", "shubuh": "04:27", "dzuhur": "12:10", "tanggal": "2019-12-07", "terbit": "05:49", "magrib": "18:28", "isya": "19:45", "dhuha": "06:13", "ashr": "15:37"}, {"imsyak": "04:17", "shubuh": "04:27", "dzuhur": "12:11", "tanggal": "2019-12-08", "terbit": "05:49", "magrib": "18:29", "isya": "19:45", "dhuha": "06:13", "ashr": "15:37"}, {"imsyak": "04:18", "shubuh": "04:28", "dzuhur": "12:11", "tanggal": "2019-12-09", "terbit": "05:49", "magrib": "18:29", "isya": "19:46", "dhuha": "06:13", "ashr": "15:38"}, {"imsyak": "04:18", "shubuh": "04:28", "dzuhur": "12:12", "tanggal": "2019-12-10", "terbit": "05:50", "magrib": "18:30", "isya": "19:47", "dhuha": "06:14", "ashr": "15:38"}, {"imsyak": "04:18", "shubuh": "04:28", "dzuhur": "12:12", "tanggal": "2019-12-11", "terbit": "05:50", "magrib": "18:30", "isya": "19:47", "dhuha": "06:14", "ashr": "15:39"}, {"imsyak": "04:19", "shubuh": "04:29", "dzuhur": "12:13", "tanggal": "2019-12-12", "terbit": "05:50", "magrib": "18:31", "isya": "19:48", "dhuha": "06:14", "ashr": "15:40"}, {"imsyak": "04:19", "shubuh": "04:29", "dzuhur": "12:13", "tanggal": "2019-12-13", "terbit": "05:51", "magrib": "18:31", "isya": "19:48", "dhuha": "06:15", "ashr": "15:40"}, {"imsyak": "04:19", "shubuh": "04:29", "dzuhur": "12:14", "tanggal": "2019-12-14", "terbit": "05:51", "magrib": "18:32", "isya": "19:49", "dhuha": "06:15", "ashr": "15:41"}, {"imsyak": "04:20", "shubuh": "04:30", "dzuhur": "12:14", "tanggal": "2019-12-15", "terbit": "05:52", "magrib": "18:33", "isya": "19:49", "dhuha": "06:16", "ashr": "15:41"}, {"imsyak": "04:20", "shubuh": "04:30", "dzuhur": "12:15", "tanggal": "2019-12-16", "terbit": "05:52", "magrib": "18:33", "isya": "19:50", "dhuha": "06:16", "ashr": "15:42"}, {"imsyak": "04:20", "shubuh": "04:30", "dzuhur": "12:15", "tanggal": "2019-12-17", "terbit": "05:53", "magrib": "18:34", "isya": "19:51", "dhuha": "06:17", "ashr": "15:42"}, {"imsyak": "04:21", "shubuh": "04:31", "dzuhur": "12:16", "tanggal": "2019-12-18", "terbit": "05:53", "magrib": "18:34", "isya": "19:51", "dhuha": "06:17", "ashr": "15:43"}, {"imsyak": "04:21", "shubuh": "04:31", "dzuhur": "12:16", "tanggal": "2019-12-19", "terbit": "05:53", "magrib": "18:35", "isya": "19:52", "dhuha": "06:17", "ashr": "15:43"}, {"imsyak": "04:22", "shubuh": "04:32", "dzuhur": "12:17", "tanggal": "2019-12-20", "terbit": "05:54", "magrib": "18:35", "isya": "19:52", "dhuha": "06:18", "ashr": "15:44"}, {"imsyak": "04:22", "shubuh": "04:32", "dzuhur": "12:17", "tanggal": "2019-12-21", "terbit": "05:54", "magrib": "18:36", "isya": "19:53", "dhuha": "06:18", "ashr": "15:44"}, {"imsyak": "04:23", "shubuh": "04:33", "dzuhur": "12:18", "tanggal": "2019-12-22", "terbit": "05:55", "magrib": "18:36", "isya": "19:53", "dhuha": "06:19", "ashr": "15:45"}, {"imsyak": "04:23", "shubuh": "04:33", "dzuhur": "12:18", "tanggal": "2019-12-23", "terbit": "05:55", "magrib": "18:37", "isya": "19:54", "dhuha": "06:19", "ashr": "15:45"}, {"imsyak": "04:24", "shubuh": "04:34", "dzuhur": "12:19", "tanggal": "2019-12-24", "terbit": "05:56", "magrib": "18:37", "isya": "19:54", "dhuha": "06:20", "ashr": "15:46"}, {"imsyak": "04:24", "shubuh": "04:34", "dzuhur": "12:19", "tanggal": "2019-12-25", "terbit": "05:56", "magrib": "18:38", "isya": "19:55", "dhuha": "06:20", "ashr": "15:46"}, {"imsyak": "04:25", "shubuh": "04:35", "dzuhur": "12:19", "tanggal": "2019-12-26", "terbit": "05:57", "magrib": "18:38", "isya": "19:55", "dhuha": "06:21", "ashr": "15:47"}, {"imsyak": "04:25", "shubuh": "04:35", "dzuhur": "12:20", "tanggal": "2019-12-27", "terbit": "05:57", "magrib": "18:39", "isya": "19:56", "dhuha": "06:21", "ashr": "15:47"}, {"imsyak": "04:26", "shubuh": "04:36", "dzuhur": "12:20", "tanggal": "2019-12-28", "terbit": "05:58", "magrib": "18:39", "isya": "19:56", "dhuha": "06:22", "ashr": "15:48"}, {"imsyak": "04:26", "shubuh": "04:36", "dzuhur": "12:21", "tanggal": "2019-12-29", "terbit": "05:59", "magrib": "18:39", "isya": "19:56", "dhuha": "06:23", "ashr": "15:48"}, {"imsyak": "04:27", "shubuh": "04:37", "dzuhur": "12:21", "tanggal": "2019-12-30", "terbit": "05:59", "magrib": "18:40", "isya": "19:57", "dhuha": "06:23", "ashr": "15:49"}, {"imsyak": "04:27", "shubuh": "04:37", "dzuhur": "12:22", "tanggal": "2019-12-31", "terbit": "06:00", "magrib": "18:40", "isya": "19:57", "dhuha": "06:24", "ashr": "15:49"}]