[{"tanggal": "2020-02-01", "imsyak": "04:52", "shubuh": "05:02", "terbit": "06:19", "dhuha": "06:43", "dzuhur": "12:28", "ashr": "15:50", "magrib": "18:33", "isya": "19:45"}, {"tanggal": "2020-02-02", "imsyak": "04:53", "shubuh": "05:03", "terbit": "06:19", "dhuha": "06:43", "dzuhur": "12:28", "ashr": "15:50", "magrib": "18:33", "isya": "19:45"}, {"tanggal": "2020-02-03", "imsyak": "04:53", "shubuh": "05:03", "terbit": "06:19", "dhuha": "06:43", "dzuhur": "12:28", "ashr": "15:50", "magrib": "18:33", "isya": "19:45"}, {"tanggal": "2020-02-04", "imsyak": "04:53", "shubuh": "05:03", "terbit": "06:19", "dhuha": "06:43", "dzuhur": "12:28", "ashr": "15:50", "magrib": "18:33", "isya": "19:45"}, {"tanggal": "2020-02-05", "imsyak": "04:53", "shubuh": "05:03", "terbit": "06:20", "dhuha": "06:44", "dzuhur": "12:29", "ashr": "15:50", "magrib": "18:34", "isya": "19:45"}, {"tanggal": "2020-02-06", "imsyak": "04:54", "shubuh": "05:04", "terbit": "06:20", "dhuha": "06:44", "dzuhur": "12:29", "ashr": "15:50", "magrib": "18:34", "isya": "19:45"}, {"tanggal": "2020-02-07", "imsyak": "04:54", "shubuh": "05:04", "terbit": "06:20", "dhuha": "06:44", "dzuhur": "12:29", "ashr": "15:49", "magrib": "18:34", "isya": "19:45"}, {"tanggal": "2020-02-08", "imsyak": "04:54", "shubuh": "05:04", "terbit": "06:20", "dhuha": "06:44", "dzuhur": "12:29", "ashr": "15:49", "magrib": "18:34", "isya": "19:45"}, {"tanggal": "2020-02-09", "imsyak": "04:54", "shubuh": "05:04", "terbit": "06:20", "dhuha": "06:44", "dzuhur": "12:29", "ashr": "15:49", "magrib": "18:34", "isya": "19:45"}, {"tanggal": "2020-02-10", "imsyak": "04:55", "shubuh": "05:05", "terbit": "06:20", "dhuha": "06:44", "dzuhur": "12:29", "ashr": "15:49", "magrib": "18:34", "isya": "19:45"}, {"tanggal": "2020-02-11", "imsyak": "04:55", "shubuh": "05:05", "terbit": "06:20", "dhuha": "06:44", "dzuhur": "12:29", "ashr": "15:48", "magrib": "18:34", "isya": "19:45"}, {"tanggal": "2020-02-12", "imsyak": "04:55", "shubuh": "05:05", "terbit": "06:20", "dhuha": "06:44", "dzuhur": "12:29", "ashr": "15:48", "magrib": "18:34", "isya": "19:45"}, {"tanggal": "2020-02-13", "imsyak": "04:55", "shubuh": "05:05", "terbit": "06:20", "dhuha": "06:44", "dzuhur": "12:29", "ashr": "15:48", "magrib": "18:34", "isya": "19:44"}, {"tanggal": "2020-02-14", "imsyak": "04:55", "shubuh": "05:05", "terbit": "06:20", "dhuha": "06:44", "dzuhur": "12:29", "ashr": "15:47", "magrib": "18:34", "isya": "19:44"}, {"tanggal": "2020-02-15", "imsyak": "04:55", "shubuh": "05:05", "terbit": "06:20", "dhuha": "06:44", "dzuhur": "12:29", "ashr": "15:47", "magrib": "18:33", "isya": "19:44"}, {"tanggal": "2020-02-16", "imsyak": "04:55", "shubuh": "05:05", "terbit": "06:20", "dhuha": "06:44", "dzuhur": "12:29", "ashr": "15:46", "magrib": "18:33", "isya": "19:44"}, {"tanggal": "2020-02-17", "imsyak": "04:56", "shubuh": "05:06", "terbit": "06:20", "dhuha": "06:44", "dzuhur": "12:29", "ashr": "15:46", "magrib": "18:33", "isya": "19:44"}, {"tanggal": "2020-02-18", "imsyak": "04:56", "shubuh": "05:06", "terbit": "06:20", "dhuha": "06:44", "dzuhur": "12:29", "ashr": "15:45", "magrib": "18:33", "isya": "19:43"}, {"tanggal": "2020-02-19", "imsyak": "04:56", "shubuh": "05:06", "terbit": "06:20", "dhuha": "06:44", "dzuhur": "12:29", "ashr": "15:45", "magrib": "18:33", "isya": "19:43"}, {"tanggal": "2020-02-20", "imsyak": "04:56", "shubuh": "05:06", "terbit": "06:20", "dhuha": "06:44", "dzuhur": "12:29", "ashr": "15:44", "magrib": "18:33", "isya": "19:43"}, {"tanggal": "2020-02-21", "imsyak": "04:56", "shubuh": "05:06", "terbit": "06:20", "dhuha": "06:44", "dzuhur": "12:28", "ashr": "15:44", "magrib": "18:33", "isya": "19:43"}, {"tanggal": "2020-02-22", "imsyak": "04:56", "shubuh": "05:06", "terbit": "06:20", "dhuha": "06:44", "dzuhur": "12:28", "ashr": "15:43", "magrib": "18:33", "isya": "19:43"}, {"tanggal": "2020-02-23", "imsyak": "04:56", "shubuh": "05:06", "terbit": "06:20", "dhuha": "06:44", "dzuhur": "12:28", "ashr": "15:43", "magrib": "18:32", "isya": "19:42"}, {"tanggal": "2020-02-24", "imsyak": "04:56", "shubuh": "05:06", "terbit": "06:20", "dhuha": "06:44", "dzuhur": "12:28", "ashr": "15:42", "magrib": "18:32", "isya": "19:42"}, {"tanggal": "2020-02-25", "imsyak": "04:56", "shubuh": "05:06", "terbit": "06:20", "dhuha": "06:44", "dzuhur": "12:28", "ashr": "15:42", "magrib": "18:32", "isya": "19:42"}, {"tanggal": "2020-02-26", "imsyak": "04:56", "shubuh": "05:06", "terbit": "06:20", "dhuha": "06:44", "dzuhur": "12:28", "ashr": "15:41", "magrib": "18:32", "isya": "19:41"}, {"tanggal": "2020-02-27", "imsyak": "04:56", "shubuh": "05:06", "terbit": "06:19", "dhuha": "06:43", "dzuhur": "12:28", "ashr": "15:40", "magrib": "18:32", "isya": "19:41"}, {"tanggal": "2020-02-28", "imsyak": "04:56", "shubuh": "05:06", "terbit": "06:19", "dhuha": "06:43", "dzuhur": "12:27", "ashr": "15:40", "magrib": "18:31", "isya": "19:41"}, {"tanggal": "2020-02-29", "imsyak": "04:56", "shubuh": "05:06", "terbit": "06:19", "dhuha": "06:43", "dzuhur": "12:27", "ashr": "15:39", "magrib": "18:31", "isya": "19:41"}]