[{"tanggal": "2020-03-01", "imsyak": "04:56", "shubuh": "05:06", "terbit": "06:19", "dhuha": "06:43", "dzuhur": "12:27", "ashr": "15:38", "magrib": "18:31", "isya": "19:40"}, {"tanggal": "2020-03-02", "imsyak": "04:56", "shubuh": "05:06", "terbit": "06:19", "dhuha": "06:43", "dzuhur": "12:27", "ashr": "15:37", "magrib": "18:31", "isya": "19:40"}, {"tanggal": "2020-03-03", "imsyak": "04:55", "shubuh": "05:05", "terbit": "06:19", "dhuha": "06:43", "dzuhur": "12:27", "ashr": "15:36", "magrib": "18:31", "isya": "19:40"}, {"tanggal": "2020-03-04", "imsyak": "04:55", "shubuh": "05:05", "terbit": "06:19", "dhuha": "06:43", "dzuhur": "12:26", "ashr": "15:36", "magrib": "18:30", "isya": "19:39"}, {"tanggal": "2020-03-05", "imsyak": "04:55", "shubuh": "05:05", "terbit": "06:18", "dhuha": "06:42", "dzuhur": "12:26", "ashr": "15:35", "magrib": "18:30", "isya": "19:39"}, {"tanggal": "2020-03-06", "imsyak": "04:55", "shubuh": "05:05", "terbit": "06:18", "dhuha": "06:42", "dzuhur": "12:26", "ashr": "15:34", "magrib": "18:30", "isya": "19:39"}, {"tanggal": "2020-03-07", "imsyak": "04:55", "shubuh": "05:05", "terbit": "06:18", "dhuha": "06:42", "dzuhur": "12:26", "ashr": "15:33", "magrib": "18:30", "isya": "19:38"}, {"tanggal": "2020-03-08", "imsyak": "04:55", "shubuh": "05:05", "terbit": "06:18", "dhuha": "06:42", "dzuhur": "12:26", "ashr": "15:32", "magrib": "18:29", "isya": "19:38"}, {"tanggal": "2020-03-09", "imsyak": "04:55", "shubuh": "05:05", "terbit": "06:18", "dhuha": "06:42", "dzuhur": "12:25", "ashr": "15:31", "magrib": "18:29", "isya": "19:38"}, {"tanggal": "2020-03-10", "imsyak": "04:54", "shubuh": "05:04", "terbit": "06:17", "dhuha": "06:41", "dzuhur": "12:25", "ashr": "15:30", "magrib": "18:29", "isya": "19:38"}, {"tanggal": "2020-03-11", "imsyak": "04:54", "shubuh": "05:04", "terbit": "06:17", "dhuha": "06:41", "dzuhur": "12:25", "ashr": "15:29", "magrib": "18:28", "isya": "19:37"}, {"tanggal": "2020-03-12", "imsyak": "04:54", "shubuh": "05:04", "terbit": "06:17", "dhuha": "06:41", "dzuhur": "12:24", "ashr": "15:28", "magrib": "18:28", "isya": "19:37"}, {"tanggal": "2020-03-13", "imsyak": "04:54", "shubuh": "05:04", "terbit": "06:17", "dhuha": "06:41", "dzuhur": "12:24", "ashr": "15:27", "magrib": "18:28", "isya": "19:37"}, {"tanggal": "2020-03-14", "imsyak": "04:54", "shubuh": "05:04", "terbit": "06:16", "dhuha": "06:40", "dzuhur": "12:24", "ashr": "15:26", "magrib": "18:27", "isya": "19:36"}, {"tanggal": "2020-03-15", "imsyak": "04:53", "shubuh": "05:03", "terbit": "06:16", "dhuha": "06:40", "dzuhur": "12:24", "ashr": "15:25", "magrib": "18:27", "isya": "19:36"}, {"tanggal": "2020-03-16", "imsyak": "04:53", "shubuh": "05:03", "terbit": "06:16", "dhuha": "06:40", "dzuhur": "12:23", "ashr": "15:24", "magrib": "18:27", "isya": "19:35"}, {"tanggal": "2020-03-17", "imsyak": "04:53", "shubuh": "05:03", "terbit": "06:16", "dhuha": "06:40", "dzuhur": "12:23", "ashr": "15:23", "magrib": "18:26", "isya": "19:35"}, {"tanggal": "2020-03-18", "imsyak": "04:53", "shubuh": "05:03", "terbit": "06:15", "dhuha": "06:39", "dzuhur": "12:23", "ashr": "15:23", "magrib": "18:26", "isya": "19:35"}, {"tanggal": "2020-03-19", "imsyak": "04:53", "shubuh": "05:03", "terbit": "06:15", "dhuha": "06:39", "dzuhur": "12:23", "ashr": "15:24", "magrib": "18:26", "isya": "19:34"}, {"tanggal": "2020-03-20", "imsyak": "04:52", "shubuh": "05:02", "terbit": "06:15", "dhuha": "06:39", "dzuhur": "12:22", "ashr": "15:24", "magrib": "18:25", "isya": "19:34"}, {"tanggal": "2020-03-21", "imsyak": "04:52", "shubuh": "05:02", "terbit": "06:15", "dhuha": "06:39", "dzuhur": "12:22", "ashr": "15:25", "magrib": "18:25", "isya": "19:34"}, {"tanggal": "2020-03-22", "imsyak": "04:52", "shubuh": "05:02", "terbit": "06:14", "dhuha": "06:38", "dzuhur": "12:22", "ashr": "15:25", "magrib": "18:25", "isya": "19:33"}, {"tanggal": "2020-03-23", "imsyak": "04:51", "shubuh": "05:01", "terbit": "06:14", "dhuha": "06:38", "dzuhur": "12:21", "ashr": "15:26", "magrib": "18:24", "isya": "19:33"}, {"tanggal": "2020-03-24", "imsyak": "04:51", "shubuh": "05:01", "terbit": "06:14", "dhuha": "06:38", "dzuhur": "12:21", "ashr": "15:26", "magrib": "18:24", "isya": "19:33"}, {"tanggal": "2020-03-25", "imsyak": "04:51", "shubuh": "05:01", "terbit": "06:14", "dhuha": "06:38", "dzuhur": "12:21", "ashr": "15:26", "magrib": "18:24", "isya": "19:33"}, {"tanggal": "2020-03-26", "imsyak": "04:51", "shubuh": "05:01", "terbit": "06:13", "dhuha": "06:37", "dzuhur": "12:20", "ashr": "15:27", "magrib": "18:23", "isya": "19:32"}, {"tanggal": "2020-03-27", "imsyak": "04:50", "shubuh": "05:00", "terbit": "06:13", "dhuha": "06:37", "dzuhur": "12:20", "ashr": "15:27", "magrib": "18:23", "isya": "19:32"}, {"tanggal": "2020-03-28", "imsyak": "04:50", "shubuh": "05:00", "terbit": "06:13", "dhuha": "06:37", "dzuhur": "12:20", "ashr": "15:27", "magrib": "18:23", "isya": "19:32"}, {"tanggal": "2020-03-29", "imsyak": "04:50", "shubuh": "05:00", "terbit": "06:13", "dhuha": "06:37", "dzuhur": "12:20", "ashr": "15:28", "magrib": "18:22", "isya": "19:31"}, {"tanggal": "2020-03-30", "imsyak": "04:49", "shubuh": "04:59", "terbit": "06:12", "dhuha": "06:36", "dzuhur": "12:19", "ashr": "15:28", "magrib": "18:22", "isya": "19:31"}, {"tanggal": "2020-03-31", "imsyak": "04:49", "shubuh": "04:59", "terbit": "06:12", "dhuha": "06:36", "dzuhur": "12:19", "ashr": "15:28", "magrib": "18:22", "isya": "19:31"}]