[{"imsyak": "04:38", "shubuh": "04:48", "dzuhur": "12:13", "tanggal": "2020-06-01", "terbit": "06:07", "magrib": "18:14", "isya": "19:28", "dhuha": "06:31", "ashr": "15:37"}, {"imsyak": "04:38", "shubuh": "04:48", "dzuhur": "12:13", "tanggal": "2020-06-02", "terbit": "06:07", "magrib": "18:14", "isya": "19:29", "dhuha": "06:31", "ashr": "15:37"}, {"imsyak": "04:38", "shubuh": "04:48", "dzuhur": "12:13", "tanggal": "2020-06-03", "terbit": "06:07", "magrib": "18:14", "isya": "19:29", "dhuha": "06:31", "ashr": "15:38"}, {"imsyak": "04:38", "shubuh": "04:48", "dzuhur": "12:13", "tanggal": "2020-06-04", "terbit": "06:07", "magrib": "18:15", "isya": "19:29", "dhuha": "06:31", "ashr": "15:38"}, {"imsyak": "04:38", "shubuh": "04:48", "dzuhur": "12:13", "tanggal": "2020-06-05", "terbit": "06:08", "magrib": "18:15", "isya": "19:29", "dhuha": "06:32", "ashr": "15:38"}, {"imsyak": "04:39", "shubuh": "04:49", "dzuhur": "12:13", "tanggal": "2020-06-06", "terbit": "06:08", "magrib": "18:15", "isya": "19:29", "dhuha": "06:32", "ashr": "15:38"}, {"imsyak": "04:39", "shubuh": "04:49", "dzuhur": "12:14", "tanggal": "2020-06-07", "terbit": "06:08", "magrib": "18:15", "isya": "19:30", "dhuha": "06:32", "ashr": "15:38"}, {"imsyak": "04:39", "shubuh": "04:49", "dzuhur": "12:14", "tanggal": "2020-06-08", "terbit": "06:08", "magrib": "18:15", "isya": "19:30", "dhuha": "06:32", "ashr": "15:39"}, {"imsyak": "04:39", "shubuh": "04:49", "dzuhur": "12:14", "tanggal": "2020-06-09", "terbit": "06:08", "magrib": "18:15", "isya": "19:30", "dhuha": "06:32", "ashr": "15:39"}, {"imsyak": "04:39", "shubuh": "04:49", "dzuhur": "12:14", "tanggal": "2020-06-10", "terbit": "06:09", "magrib": "18:16", "isya": "19:30", "dhuha": "06:33", "ashr": "15:39"}, {"imsyak": "04:39", "shubuh": "04:49", "dzuhur": "12:14", "tanggal": "2020-06-11", "terbit": "06:09", "magrib": "18:16", "isya": "19:31", "dhuha": "06:33", "ashr": "15:39"}, {"imsyak": "04:39", "shubuh": "04:49", "dzuhur": "12:15", "tanggal": "2020-06-12", "terbit": "06:09", "magrib": "18:16", "isya": "19:31", "dhuha": "06:33", "ashr": "15:40"}, {"imsyak": "04:40", "shubuh": "04:50", "dzuhur": "12:15", "tanggal": "2020-06-13", "terbit": "06:09", "magrib": "18:16", "isya": "19:31", "dhuha": "06:33", "ashr": "15:40"}, {"imsyak": "04:40", "shubuh": "04:50", "dzuhur": "12:15", "tanggal": "2020-06-14", "terbit": "06:09", "magrib": "18:16", "isya": "19:31", "dhuha": "06:33", "ashr": "15:40"}, {"imsyak": "04:40", "shubuh": "04:50", "dzuhur": "12:15", "tanggal": "2020-06-15", "terbit": "06:10", "magrib": "18:17", "isya": "19:32", "dhuha": "06:34", "ashr": "15:40"}, {"imsyak": "04:40", "shubuh": "04:50", "dzuhur": "12:15", "tanggal": "2020-06-16", "terbit": "06:10", "magrib": "18:17", "isya": "19:32", "dhuha": "06:34", "ashr": "15:40"}, {"imsyak": "04:40", "shubuh": "04:50", "dzuhur": "12:16", "tanggal": "2020-06-17", "terbit": "06:10", "magrib": "18:17", "isya": "19:32", "dhuha": "06:34", "ashr": "15:41"}, {"imsyak": "04:41", "shubuh": "04:51", "dzuhur": "12:16", "tanggal": "2020-06-18", "terbit": "06:10", "magrib": "18:17", "isya": "19:32", "dhuha": "06:34", "ashr": "15:41"}, {"imsyak": "04:41", "shubuh": "04:51", "dzuhur": "12:16", "tanggal": "2020-06-19", "terbit": "06:11", "magrib": "18:17", "isya": "19:32", "dhuha": "06:35", "ashr": "15:41"}, {"imsyak": "04:41", "shubuh": "04:51", "dzuhur": "12:16", "tanggal": "2020-06-20", "terbit": "06:11", "magrib": "18:18", "isya": "19:33", "dhuha": "06:35", "ashr": "15:41"}, {"imsyak": "04:41", "shubuh": "04:51", "dzuhur": "12:16", "tanggal": "2020-06-21", "terbit": "06:11", "magrib": "18:18", "isya": "19:33", "dhuha": "06:35", "ashr": "15:42"}, {"imsyak": "04:41", "shubuh": "04:51", "dzuhur": "12:17", "tanggal": "2020-06-22", "terbit": "06:11", "magrib": "18:18", "isya": "19:33", "dhuha": "06:35", "ashr": "15:42"}, {"imsyak": "04:42", "shubuh": "04:52", "dzuhur": "12:17", "tanggal": "2020-06-23", "terbit": "06:11", "magrib": "18:18", "isya": "19:33", "dhuha": "06:35", "ashr": "15:42"}, {"imsyak": "04:42", "shubuh": "04:52", "dzuhur": "12:17", "tanggal": "2020-06-24", "terbit": "06:12", "magrib": "18:19", "isya": "19:34", "dhuha": "06:36", "ashr": "15:42"}, {"imsyak": "04:42", "shubuh": "04:52", "dzuhur": "12:17", "tanggal": "2020-06-25", "terbit": "06:12", "magrib": "18:19", "isya": "19:34", "dhuha": "06:36", "ashr": "15:42"}, {"imsyak": "04:42", "shubuh": "04:52", "dzuhur": "12:18", "tanggal": "2020-06-26", "terbit": "06:12", "magrib": "18:19", "isya": "19:34", "dhuha": "06:36", "ashr": "15:43"}, {"imsyak": "04:43", "shubuh": "04:53", "dzuhur": "12:18", "tanggal": "2020-06-27", "terbit": "06:12", "magrib": "18:19", "isya": "19:34", "dhuha": "06:36", "ashr": "15:43"}, {"imsyak": "04:43", "shubuh": "04:53", "dzuhur": "12:18", "tanggal": "2020-06-28", "terbit": "06:12", "magrib": "18:19", "isya": "19:34", "dhuha": "06:36", "ashr": "15:43"}, {"imsyak": "04:43", "shubuh": "04:53", "dzuhur": "12:18", "tanggal": "2020-06-29", "terbit": "06:13", "magrib": "18:20", "isya": "19:34", "dhuha": "06:37", "ashr": "15:43"}, {"imsyak": "04:43", "shubuh": "04:53", "dzuhur": "12:18", "tanggal": "2020-06-30", "terbit": "06:13", "magrib": "18:20", "isya": "19:35", "dhuha": "06:37", "ashr": "15:43"}]