[{"imsyak": "04:43", "shubuh": "04:53", "dzuhur": "12:19", "tanggal": "2020-07-01", "terbit": "06:13", "magrib": "18:20", "isya": "19:35", "dhuha": "06:37", "ashr": "15:44"}, {"imsyak": "04:44", "shubuh": "04:54", "dzuhur": "12:19", "tanggal": "2020-07-02", "terbit": "06:13", "magrib": "18:20", "isya": "19:35", "dhuha": "06:37", "ashr": "15:44"}, {"imsyak": "04:44", "shubuh": "04:54", "dzuhur": "12:19", "tanggal": "2020-07-03", "terbit": "06:13", "magrib": "18:20", "isya": "19:35", "dhuha": "06:37", "ashr": "15:44"}, {"imsyak": "04:44", "shubuh": "04:54", "dzuhur": "12:19", "tanggal": "2020-07-04", "terbit": "06:14", "magrib": "18:21", "isya": "19:35", "dhuha": "06:38", "ashr": "15:44"}, {"imsyak": "04:44", "shubuh": "04:54", "dzuhur": "12:19", "tanggal": "2020-07-05", "terbit": "06:14", "magrib": "18:21", "isya": "19:35", "dhuha": "06:38", "ashr": "15:44"}, {"imsyak": "04:45", "shubuh": "04:55", "dzuhur": "12:19", "tanggal": "2020-07-06", "terbit": "06:14", "magrib": "18:21", "isya": "19:35", "dhuha": "06:38", "ashr": "15:44"}, {"imsyak": "04:45", "shubuh": "04:55", "dzuhur": "12:20", "tanggal": "2020-07-07", "terbit": "06:14", "magrib": "18:21", "isya": "19:36", "dhuha": "06:38", "ashr": "15:44"}, {"imsyak": "04:45", "shubuh": "04:55", "dzuhur": "12:20", "tanggal": "2020-07-08", "terbit": "06:14", "magrib": "18:21", "isya": "19:36", "dhuha": "06:38", "ashr": "15:45"}, {"imsyak": "04:45", "shubuh": "04:55", "dzuhur": "12:20", "tanggal": "2020-07-09", "terbit": "06:14", "magrib": "18:21", "isya": "19:36", "dhuha": "06:38", "ashr": "15:45"}, {"imsyak": "04:45", "shubuh": "04:55", "dzuhur": "12:20", "tanggal": "2020-07-10", "terbit": "06:15", "magrib": "18:22", "isya": "19:36", "dhuha": "06:39", "ashr": "15:45"}, {"imsyak": "04:46", "shubuh": "04:56", "dzuhur": "12:20", "tanggal": "2020-07-11", "terbit": "06:15", "magrib": "18:22", "isya": "19:36", "dhuha": "06:39", "ashr": "15:45"}, {"imsyak": "04:46", "shubuh": "04:56", "dzuhur": "12:20", "tanggal": "2020-07-12", "terbit": "06:15", "magrib": "18:22", "isya": "19:36", "dhuha": "06:39", "ashr": "15:45"}, {"imsyak": "04:46", "shubuh": "04:56", "dzuhur": "12:20", "tanggal": "2020-07-13", "terbit": "06:15", "magrib": "18:22", "isya": "19:36", "dhuha": "06:39", "ashr": "15:45"}, {"imsyak": "04:46", "shubuh": "04:56", "dzuhur": "12:21", "tanggal": "2020-07-14", "terbit": "06:15", "magrib": "18:22", "isya": "19:36", "dhuha": "06:39", "ashr": "15:45"}, {"imsyak": "04:46", "shubuh": "04:56", "dzuhur": "12:21", "tanggal": "2020-07-15", "terbit": "06:15", "magrib": "18:22", "isya": "19:36", "dhuha": "06:39", "ashr": "15:45"}, {"imsyak": "04:47", "shubuh": "04:57", "dzuhur": "12:21", "tanggal": "2020-07-16", "terbit": "06:15", "magrib": "18:22", "isya": "19:36", "dhuha": "06:39", "ashr": "15:45"}, {"imsyak": "04:47", "shubuh": "04:57", "dzuhur": "12:21", "tanggal": "2020-07-17", "terbit": "06:15", "magrib": "18:22", "isya": "19:36", "dhuha": "06:39", "ashr": "15:45"}, {"imsyak": "04:47", "shubuh": "04:57", "dzuhur": "12:21", "tanggal": "2020-07-18", "terbit": "06:15", "magrib": "18:23", "isya": "19:36", "dhuha": "06:39", "ashr": "15:45"}, {"imsyak": "04:47", "shubuh": "04:57", "dzuhur": "12:21", "tanggal": "2020-07-19", "terbit": "06:15", "magrib": "18:23", "isya": "19:36", "dhuha": "06:39", "ashr": "15:45"}, {"imsyak": "04:47", "shubuh": "04:57", "dzuhur": "12:21", "tanggal": "2020-07-20", "terbit": "06:15", "magrib": "18:23", "isya": "19:36", "dhuha": "06:39", "ashr": "15:45"}, {"imsyak": "04:47", "shubuh": "04:57", "dzuhur": "12:21", "tanggal": "2020-07-21", "terbit": "06:15", "magrib": "18:23", "isya": "19:36", "dhuha": "06:39", "ashr": "15:45"}, {"imsyak": "04:48", "shubuh": "04:58", "dzuhur": "12:21", "tanggal": "2020-07-22", "terbit": "06:16", "magrib": "18:23", "isya": "19:36", "dhuha": "06:40", "ashr": "15:45"}, {"imsyak": "04:48", "shubuh": "04:58", "dzuhur": "12:21", "tanggal": "2020-07-23", "terbit": "06:16", "magrib": "18:23", "isya": "19:36", "dhuha": "06:40", "ashr": "15:45"}, {"imsyak": "04:48", "shubuh": "04:58", "dzuhur": "12:21", "tanggal": "2020-07-24", "terbit": "06:16", "magrib": "18:23", "isya": "19:36", "dhuha": "06:40", "ashr": "15:45"}, {"imsyak": "04:48", "shubuh": "04:58", "dzuhur": "12:21", "tanggal": "2020-07-25", "terbit": "06:16", "magrib": "18:23", "isya": "19:36", "dhuha": "06:40", "ashr": "15:45"}, {"imsyak": "04:48", "shubuh": "04:58", "dzuhur": "12:21", "tanggal": "2020-07-26", "terbit": "06:16", "magrib": "18:23", "isya": "19:36", "dhuha": "06:40", "ashr": "15:45"}, {"imsyak": "04:48", "shubuh": "04:58", "dzuhur": "12:21", "tanggal": "2020-07-27", "terbit": "06:16", "magrib": "18:23", "isya": "19:36", "dhuha": "06:40", "ashr": "15:45"}, {"imsyak": "04:48", "shubuh": "04:58", "dzuhur": "12:21", "tanggal": "2020-07-28", "terbit": "06:15", "magrib": "18:23", "isya": "19:36", "dhuha": "06:39", "ashr": "15:45"}, {"imsyak": "04:48", "shubuh": "04:58", "dzuhur": "12:21", "tanggal": "2020-07-29", "terbit": "06:15", "magrib": "18:23", "isya": "19:36", "dhuha": "06:39", "ashr": "15:44"}, {"imsyak": "04:48", "shubuh": "04:58", "dzuhur": "12:21", "tanggal": "2020-07-30", "terbit": "06:15", "magrib": "18:23", "isya": "19:35", "dhuha": "06:39", "ashr": "15:44"}, {"imsyak": "04:48", "shubuh": "04:58", "dzuhur": "12:21", "tanggal": "2020-07-31", "terbit": "06:15", "magrib": "18:23", "isya": "19:35", "dhuha": "06:39", "ashr": "15:44"}]