[{"tanggal": "2020-10-01", "imsyak": "04:34", "shubuh": "04:44", "terbit": "05:57", "dhuha": "06:21", "dzuhur": "12:04", "ashr": "15:08", "magrib": "18:08", "isya": "19:17"}, {"tanggal": "2020-10-02", "imsyak": "04:34", "shubuh": "04:44", "terbit": "05:57", "dhuha": "06:21", "dzuhur": "12:04", "ashr": "15:09", "magrib": "18:08", "isya": "19:17"}, {"tanggal": "2020-10-03", "imsyak": "04:33", "shubuh": "04:43", "terbit": "05:56", "dhuha": "06:20", "dzuhur": "12:04", "ashr": "15:09", "magrib": "18:07", "isya": "19:16"}, {"tanggal": "2020-10-04", "imsyak": "04:33", "shubuh": "04:43", "terbit": "05:56", "dhuha": "06:20", "dzuhur": "12:03", "ashr": "15:09", "magrib": "18:07", "isya": "19:16"}, {"tanggal": "2020-10-05", "imsyak": "04:33", "shubuh": "04:43", "terbit": "05:55", "dhuha": "06:19", "dzuhur": "12:03", "ashr": "15:10", "magrib": "18:07", "isya": "19:16"}, {"tanggal": "2020-10-06", "imsyak": "04:32", "shubuh": "04:42", "terbit": "05:55", "dhuha": "06:19", "dzuhur": "12:03", "ashr": "15:10", "magrib": "18:07", "isya": "19:16"}, {"tanggal": "2020-10-07", "imsyak": "04:32", "shubuh": "04:42", "terbit": "05:55", "dhuha": "06:19", "dzuhur": "12:03", "ashr": "15:10", "magrib": "18:06", "isya": "19:15"}, {"tanggal": "2020-10-08", "imsyak": "04:31", "shubuh": "04:41", "terbit": "05:54", "dhuha": "06:18", "dzuhur": "12:02", "ashr": "15:11", "magrib": "18:06", "isya": "19:15"}, {"tanggal": "2020-10-09", "imsyak": "04:31", "shubuh": "04:41", "terbit": "05:54", "dhuha": "06:18", "dzuhur": "12:02", "ashr": "15:11", "magrib": "18:06", "isya": "19:15"}, {"tanggal": "2020-10-10", "imsyak": "04:31", "shubuh": "04:41", "terbit": "05:54", "dhuha": "06:18", "dzuhur": "12:02", "ashr": "15:11", "magrib": "18:06", "isya": "19:15"}, {"tanggal": "2020-10-11", "imsyak": "04:30", "shubuh": "04:40", "terbit": "05:54", "dhuha": "06:18", "dzuhur": "12:01", "ashr": "15:12", "magrib": "18:05", "isya": "19:15"}, {"tanggal": "2020-10-12", "imsyak": "04:30", "shubuh": "04:40", "terbit": "05:53", "dhuha": "06:17", "dzuhur": "12:01", "ashr": "15:12", "magrib": "18:05", "isya": "19:15"}, {"tanggal": "2020-10-13", "imsyak": "04:30", "shubuh": "04:40", "terbit": "05:53", "dhuha": "06:17", "dzuhur": "12:01", "ashr": "15:12", "magrib": "18:05", "isya": "19:14"}, {"tanggal": "2020-10-14", "imsyak": "04:29", "shubuh": "04:39", "terbit": "05:53", "dhuha": "06:17", "dzuhur": "12:01", "ashr": "15:13", "magrib": "18:05", "isya": "19:14"}, {"tanggal": "2020-10-15", "imsyak": "04:29", "shubuh": "04:39", "terbit": "05:52", "dhuha": "06:16", "dzuhur": "12:01", "ashr": "15:13", "magrib": "18:05", "isya": "19:14"}, {"tanggal": "2020-10-16", "imsyak": "04:29", "shubuh": "04:39", "terbit": "05:52", "dhuha": "06:16", "dzuhur": "12:00", "ashr": "15:13", "magrib": "18:04", "isya": "19:14"}, {"tanggal": "2020-10-17", "imsyak": "04:28", "shubuh": "04:38", "terbit": "05:52", "dhuha": "06:16", "dzuhur": "12:00", "ashr": "15:13", "magrib": "18:04", "isya": "19:14"}, {"tanggal": "2020-10-18", "imsyak": "04:28", "shubuh": "04:38", "terbit": "05:52", "dhuha": "06:16", "dzuhur": "12:00", "ashr": "15:14", "magrib": "18:04", "isya": "19:14"}, {"tanggal": "2020-10-19", "imsyak": "04:28", "shubuh": "04:38", "terbit": "05:51", "dhuha": "06:15", "dzuhur": "12:00", "ashr": "15:14", "magrib": "18:04", "isya": "19:14"}, {"tanggal": "2020-10-20", "imsyak": "04:27", "shubuh": "04:37", "terbit": "05:51", "dhuha": "06:15", "dzuhur": "12:00", "ashr": "15:14", "magrib": "18:04", "isya": "19:14"}, {"tanggal": "2020-10-21", "imsyak": "04:27", "shubuh": "04:37", "terbit": "05:51", "dhuha": "06:15", "dzuhur": "11:59", "ashr": "15:15", "magrib": "18:04", "isya": "19:14"}, {"tanggal": "2020-10-22", "imsyak": "04:27", "shubuh": "04:37", "terbit": "05:51", "dhuha": "06:15", "dzuhur": "11:59", "ashr": "15:15", "magrib": "18:04", "isya": "19:14"}, {"tanggal": "2020-10-23", "imsyak": "04:26", "shubuh": "04:36", "terbit": "05:51", "dhuha": "06:15", "dzuhur": "11:59", "ashr": "15:15", "magrib": "18:03", "isya": "19:14"}, {"tanggal": "2020-10-24", "imsyak": "04:26", "shubuh": "04:36", "terbit": "05:50", "dhuha": "06:14", "dzuhur": "11:59", "ashr": "15:15", "magrib": "18:03", "isya": "19:14"}, {"tanggal": "2020-10-25", "imsyak": "04:26", "shubuh": "04:36", "terbit": "05:50", "dhuha": "06:14", "dzuhur": "11:59", "ashr": "15:16", "magrib": "18:03", "isya": "19:14"}, {"tanggal": "2020-10-26", "imsyak": "04:26", "shubuh": "04:36", "terbit": "05:50", "dhuha": "06:14", "dzuhur": "11:59", "ashr": "15:16", "magrib": "18:03", "isya": "19:14"}, {"tanggal": "2020-10-27", "imsyak": "04:25", "shubuh": "04:35", "terbit": "05:50", "dhuha": "06:14", "dzuhur": "11:59", "ashr": "15:16", "magrib": "18:03", "isya": "19:14"}, {"tanggal": "2020-10-28", "imsyak": "04:25", "shubuh": "04:35", "terbit": "05:50", "dhuha": "06:14", "dzuhur": "11:58", "ashr": "15:17", "magrib": "18:03", "isya": "19:14"}, {"tanggal": "2020-10-29", "imsyak": "04:25", "shubuh": "04:35", "terbit": "05:50", "dhuha": "06:14", "dzuhur": "11:58", "ashr": "15:17", "magrib": "18:03", "isya": "19:14"}, {"tanggal": "2020-10-30", "imsyak": "04:25", "shubuh": "04:35", "terbit": "05:50", "dhuha": "06:14", "dzuhur": "11:58", "ashr": "15:17", "magrib": "18:03", "isya": "19:14"}, {"tanggal": "2020-10-31", "imsyak": "04:24", "shubuh": "04:34", "terbit": "05:50", "dhuha": "06:14", "dzuhur": "11:58", "ashr": "15:17", "magrib": "18:03", "isya": "19:14"}]