[{"tanggal": "2020-11-01", "imsyak": "04:24", "shubuh": "04:34", "terbit": "05:50", "dhuha": "06:14", "dzuhur": "11:58", "ashr": "15:18", "magrib": "18:03", "isya": "19:14"}, {"tanggal": "2020-11-02", "imsyak": "04:24", "shubuh": "04:34", "terbit": "05:49", "dhuha": "06:13", "dzuhur": "11:58", "ashr": "15:18", "magrib": "18:03", "isya": "19:14"}, {"tanggal": "2020-11-03", "imsyak": "04:24", "shubuh": "04:34", "terbit": "05:49", "dhuha": "06:13", "dzuhur": "11:58", "ashr": "15:18", "magrib": "18:03", "isya": "19:14"}, {"tanggal": "2020-11-04", "imsyak": "04:24", "shubuh": "04:34", "terbit": "05:49", "dhuha": "06:13", "dzuhur": "11:58", "ashr": "15:19", "magrib": "18:03", "isya": "19:15"}, {"tanggal": "2020-11-05", "imsyak": "04:24", "shubuh": "04:34", "terbit": "05:49", "dhuha": "06:13", "dzuhur": "11:58", "ashr": "15:19", "magrib": "18:03", "isya": "19:15"}, {"tanggal": "2020-11-06", "imsyak": "04:23", "shubuh": "04:33", "terbit": "05:49", "dhuha": "06:13", "dzuhur": "11:58", "ashr": "15:19", "magrib": "18:03", "isya": "19:15"}, {"tanggal": "2020-11-07", "imsyak": "04:23", "shubuh": "04:33", "terbit": "05:49", "dhuha": "06:13", "dzuhur": "11:58", "ashr": "15:20", "magrib": "18:03", "isya": "19:15"}, {"tanggal": "2020-11-08", "imsyak": "04:23", "shubuh": "04:33", "terbit": "05:49", "dhuha": "06:13", "dzuhur": "11:58", "ashr": "15:20", "magrib": "18:03", "isya": "19:15"}, {"tanggal": "2020-11-09", "imsyak": "04:23", "shubuh": "04:33", "terbit": "05:49", "dhuha": "06:13", "dzuhur": "11:58", "ashr": "15:20", "magrib": "18:04", "isya": "19:16"}, {"tanggal": "2020-11-10", "imsyak": "04:23", "shubuh": "04:33", "terbit": "05:49", "dhuha": "06:13", "dzuhur": "11:59", "ashr": "15:21", "magrib": "18:04", "isya": "19:16"}, {"tanggal": "2020-11-11", "imsyak": "04:23", "shubuh": "04:33", "terbit": "05:50", "dhuha": "06:14", "dzuhur": "11:59", "ashr": "15:21", "magrib": "18:04", "isya": "19:16"}, {"tanggal": "2020-11-12", "imsyak": "04:23", "shubuh": "04:33", "terbit": "05:50", "dhuha": "06:14", "dzuhur": "11:59", "ashr": "15:21", "magrib": "18:04", "isya": "19:16"}, {"tanggal": "2020-11-13", "imsyak": "04:23", "shubuh": "04:33", "terbit": "05:50", "dhuha": "06:14", "dzuhur": "11:59", "ashr": "15:22", "magrib": "18:04", "isya": "19:17"}, {"tanggal": "2020-11-14", "imsyak": "04:23", "shubuh": "04:33", "terbit": "05:50", "dhuha": "06:14", "dzuhur": "11:59", "ashr": "15:22", "magrib": "18:04", "isya": "19:17"}, {"tanggal": "2020-11-15", "imsyak": "04:23", "shubuh": "04:33", "terbit": "05:50", "dhuha": "06:14", "dzuhur": "11:59", "ashr": "15:22", "magrib": "18:05", "isya": "19:17"}, {"tanggal": "2020-11-16", "imsyak": "04:23", "shubuh": "04:33", "terbit": "05:50", "dhuha": "06:14", "dzuhur": "11:59", "ashr": "15:23", "magrib": "18:05", "isya": "19:18"}, {"tanggal": "2020-11-17", "imsyak": "04:23", "shubuh": "04:33", "terbit": "05:50", "dhuha": "06:14", "dzuhur": "12:00", "ashr": "15:23", "magrib": "18:05", "isya": "19:18"}, {"tanggal": "2020-11-18", "imsyak": "04:23", "shubuh": "04:33", "terbit": "05:50", "dhuha": "06:14", "dzuhur": "12:00", "ashr": "15:23", "magrib": "18:05", "isya": "19:18"}, {"tanggal": "2020-11-19", "imsyak": "04:23", "shubuh": "04:33", "terbit": "05:51", "dhuha": "06:15", "dzuhur": "12:00", "ashr": "15:24", "magrib": "18:05", "isya": "19:19"}, {"tanggal": "2020-11-20", "imsyak": "04:23", "shubuh": "04:33", "terbit": "05:51", "dhuha": "06:15", "dzuhur": "12:00", "ashr": "15:24", "magrib": "18:06", "isya": "19:19"}, {"tanggal": "2020-11-21", "imsyak": "04:23", "shubuh": "04:33", "terbit": "05:51", "dhuha": "06:15", "dzuhur": "12:00", "ashr": "15:25", "magrib": "18:06", "isya": "19:19"}, {"tanggal": "2020-11-22", "imsyak": "04:23", "shubuh": "04:33", "terbit": "05:51", "dhuha": "06:15", "dzuhur": "12:01", "ashr": "15:25", "magrib": "18:06", "isya": "19:20"}, {"tanggal": "2020-11-23", "imsyak": "04:23", "shubuh": "04:33", "terbit": "05:51", "dhuha": "06:15", "dzuhur": "12:01", "ashr": "15:25", "magrib": "18:07", "isya": "19:20"}, {"tanggal": "2020-11-24", "imsyak": "04:23", "shubuh": "04:33", "terbit": "05:52", "dhuha": "06:16", "dzuhur": "12:01", "ashr": "15:26", "magrib": "18:07", "isya": "19:21"}, {"tanggal": "2020-11-25", "imsyak": "04:24", "shubuh": "04:34", "terbit": "05:52", "dhuha": "06:16", "dzuhur": "12:02", "ashr": "15:26", "magrib": "18:07", "isya": "19:21"}, {"tanggal": "2020-11-26", "imsyak": "04:24", "shubuh": "04:34", "terbit": "05:52", "dhuha": "06:16", "dzuhur": "12:02", "ashr": "15:27", "magrib": "18:08", "isya": "19:21"}, {"tanggal": "2020-11-27", "imsyak": "04:24", "shubuh": "04:34", "terbit": "05:53", "dhuha": "06:17", "dzuhur": "12:02", "ashr": "15:27", "magrib": "18:08", "isya": "19:22"}, {"tanggal": "2020-11-28", "imsyak": "04:24", "shubuh": "04:34", "terbit": "05:53", "dhuha": "06:17", "dzuhur": "12:03", "ashr": "15:28", "magrib": "18:08", "isya": "19:22"}, {"tanggal": "2020-11-29", "imsyak": "04:24", "shubuh": "04:34", "terbit": "05:53", "dhuha": "06:17", "dzuhur": "12:03", "ashr": "15:28", "magrib": "18:09", "isya": "19:23"}, {"tanggal": "2020-11-30", "imsyak": "04:25", "shubuh": "04:35", "terbit": "05:54", "dhuha": "06:18", "dzuhur": "12:03", "ashr": "15:28", "magrib": "18:09", "isya": "19:23"}]