[{"tanggal": "2020-03-01", "imsyak": "04:55", "shubuh": "05:05", "terbit": "06:20", "dhuha": "06:44", "dzuhur": "12:32", "ashr": "15:35", "magrib": "18:40", "isya": "19:50"}, {"tanggal": "2020-03-02", "imsyak": "04:56", "shubuh": "05:06", "terbit": "06:20", "dhuha": "06:44", "dzuhur": "12:32", "ashr": "15:36", "magrib": "18:39", "isya": "19:50"}, {"tanggal": "2020-03-03", "imsyak": "04:56", "shubuh": "05:06", "terbit": "06:20", "dhuha": "06:44", "dzuhur": "12:32", "ashr": "15:36", "magrib": "18:39", "isya": "19:49"}, {"tanggal": "2020-03-04", "imsyak": "04:56", "shubuh": "05:06", "terbit": "06:20", "dhuha": "06:44", "dzuhur": "12:31", "ashr": "15:37", "magrib": "18:38", "isya": "19:48"}, {"tanggal": "2020-03-05", "imsyak": "04:56", "shubuh": "05:06", "terbit": "06:20", "dhuha": "06:44", "dzuhur": "12:31", "ashr": "15:37", "magrib": "18:38", "isya": "19:48"}, {"tanggal": "2020-03-06", "imsyak": "04:56", "shubuh": "05:06", "terbit": "06:20", "dhuha": "06:44", "dzuhur": "12:31", "ashr": "15:37", "magrib": "18:37", "isya": "19:47"}, {"tanggal": "2020-03-07", "imsyak": "04:56", "shubuh": "05:06", "terbit": "06:20", "dhuha": "06:44", "dzuhur": "12:31", "ashr": "15:38", "magrib": "18:37", "isya": "19:47"}, {"tanggal": "2020-03-08", "imsyak": "04:56", "shubuh": "05:06", "terbit": "06:20", "dhuha": "06:44", "dzuhur": "12:30", "ashr": "15:38", "magrib": "18:37", "isya": "19:46"}, {"tanggal": "2020-03-09", "imsyak": "04:56", "shubuh": "05:06", "terbit": "06:20", "dhuha": "06:44", "dzuhur": "12:30", "ashr": "15:38", "magrib": "18:36", "isya": "19:46"}, {"tanggal": "2020-03-10", "imsyak": "04:56", "shubuh": "05:06", "terbit": "06:20", "dhuha": "06:44", "dzuhur": "12:30", "ashr": "15:39", "magrib": "18:36", "isya": "19:45"}, {"tanggal": "2020-03-11", "imsyak": "04:56", "shubuh": "05:06", "terbit": "06:20", "dhuha": "06:44", "dzuhur": "12:30", "ashr": "15:39", "magrib": "18:35", "isya": "19:45"}, {"tanggal": "2020-03-12", "imsyak": "04:56", "shubuh": "05:06", "terbit": "06:20", "dhuha": "06:44", "dzuhur": "12:29", "ashr": "15:39", "magrib": "18:35", "isya": "19:44"}, {"tanggal": "2020-03-13", "imsyak": "04:56", "shubuh": "05:06", "terbit": "06:20", "dhuha": "06:44", "dzuhur": "12:29", "ashr": "15:39", "magrib": "18:34", "isya": "19:44"}, {"tanggal": "2020-03-14", "imsyak": "04:56", "shubuh": "05:06", "terbit": "06:20", "dhuha": "06:44", "dzuhur": "12:29", "ashr": "15:40", "magrib": "18:34", "isya": "19:43"}, {"tanggal": "2020-03-15", "imsyak": "04:56", "shubuh": "05:06", "terbit": "06:20", "dhuha": "06:44", "dzuhur": "12:29", "ashr": "15:40", "magrib": "18:33", "isya": "19:43"}, {"tanggal": "2020-03-16", "imsyak": "04:56", "shubuh": "05:06", "terbit": "06:20", "dhuha": "06:44", "dzuhur": "12:28", "ashr": "15:40", "magrib": "18:33", "isya": "19:42"}, {"tanggal": "2020-03-17", "imsyak": "04:56", "shubuh": "05:06", "terbit": "06:20", "dhuha": "06:44", "dzuhur": "12:28", "ashr": "15:40", "magrib": "18:32", "isya": "19:41"}, {"tanggal": "2020-03-18", "imsyak": "04:56", "shubuh": "05:06", "terbit": "06:20", "dhuha": "06:44", "dzuhur": "12:28", "ashr": "15:40", "magrib": "18:31", "isya": "19:41"}, {"tanggal": "2020-03-19", "imsyak": "04:56", "shubuh": "05:06", "terbit": "06:20", "dhuha": "06:44", "dzuhur": "12:27", "ashr": "15:40", "magrib": "18:31", "isya": "19:40"}, {"tanggal": "2020-03-20", "imsyak": "04:56", "shubuh": "05:06", "terbit": "06:20", "dhuha": "06:44", "dzuhur": "12:27", "ashr": "15:40", "magrib": "18:30", "isya": "19:40"}, {"tanggal": "2020-03-21", "imsyak": "04:56", "shubuh": "05:06", "terbit": "06:20", "dhuha": "06:44", "dzuhur": "12:27", "ashr": "15:41", "magrib": "18:30", "isya": "19:39"}, {"tanggal": "2020-03-22", "imsyak": "04:56", "shubuh": "05:06", "terbit": "06:20", "dhuha": "06:44", "dzuhur": "12:26", "ashr": "15:41", "magrib": "18:29", "isya": "19:39"}, {"tanggal": "2020-03-23", "imsyak": "04:56", "shubuh": "05:06", "terbit": "06:19", "dhuha": "06:43", "dzuhur": "12:26", "ashr": "15:41", "magrib": "18:29", "isya": "19:38"}, {"tanggal": "2020-03-24", "imsyak": "04:56", "shubuh": "05:06", "terbit": "06:19", "dhuha": "06:43", "dzuhur": "12:26", "ashr": "15:41", "magrib": "18:28", "isya": "19:38"}, {"tanggal": "2020-03-25", "imsyak": "04:56", "shubuh": "05:06", "terbit": "06:19", "dhuha": "06:43", "dzuhur": "12:26", "ashr": "15:41", "magrib": "18:28", "isya": "19:37"}, {"tanggal": "2020-03-26", "imsyak": "04:56", "shubuh": "05:06", "terbit": "06:19", "dhuha": "06:43", "dzuhur": "12:25", "ashr": "15:41", "magrib": "18:27", "isya": "19:37"}, {"tanggal": "2020-03-27", "imsyak": "04:56", "shubuh": "05:06", "terbit": "06:19", "dhuha": "06:43", "dzuhur": "12:25", "ashr": "15:41", "magrib": "18:27", "isya": "19:36"}, {"tanggal": "2020-03-28", "imsyak": "04:56", "shubuh": "05:06", "terbit": "06:19", "dhuha": "06:43", "dzuhur": "12:25", "ashr": "15:41", "magrib": "18:26", "isya": "19:36"}, {"tanggal": "2020-03-29", "imsyak": "04:55", "shubuh": "05:05", "terbit": "06:19", "dhuha": "06:43", "dzuhur": "12:24", "ashr": "15:41", "magrib": "18:26", "isya": "19:35"}, {"tanggal": "2020-03-30", "imsyak": "04:55", "shubuh": "05:05", "terbit": "06:19", "dhuha": "06:43", "dzuhur": "12:24", "ashr": "15:41", "magrib": "18:25", "isya": "19:35"}, {"tanggal": "2020-03-31", "imsyak": "04:55", "shubuh": "05:05", "terbit": "06:19", "dhuha": "06:43", "dzuhur": "12:24", "ashr": "15:41", "magrib": "18:25", "isya": "19:34"}]