[{"imsyak": "04:55", "shubuh": "05:05", "dzuhur": "12:23", "tanggal": "2020-04-01", "terbit": "06:19", "magrib": "18:24", "isya": "19:34", "dhuha": "06:43", "ashr": "15:41"}, {"imsyak": "04:55", "shubuh": "05:05", "dzuhur": "12:23", "tanggal": "2020-04-02", "terbit": "06:19", "magrib": "18:23", "isya": "19:33", "dhuha": "06:43", "ashr": "15:41"}, {"imsyak": "04:55", "shubuh": "05:05", "dzuhur": "12:23", "tanggal": "2020-04-03", "terbit": "06:19", "magrib": "18:23", "isya": "19:33", "dhuha": "06:43", "ashr": "15:41"}, {"imsyak": "04:55", "shubuh": "05:05", "dzuhur": "12:23", "tanggal": "2020-04-04", "terbit": "06:19", "magrib": "18:22", "isya": "19:32", "dhuha": "06:43", "ashr": "15:41"}, {"imsyak": "04:55", "shubuh": "05:05", "dzuhur": "12:22", "tanggal": "2020-04-05", "terbit": "06:19", "magrib": "18:22", "isya": "19:32", "dhuha": "06:43", "ashr": "15:41"}, {"imsyak": "04:55", "shubuh": "05:05", "dzuhur": "12:22", "tanggal": "2020-04-06", "terbit": "06:19", "magrib": "18:21", "isya": "19:31", "dhuha": "06:43", "ashr": "15:41"}, {"imsyak": "04:55", "shubuh": "05:05", "dzuhur": "12:22", "tanggal": "2020-04-07", "terbit": "06:18", "magrib": "18:21", "isya": "19:31", "dhuha": "06:42", "ashr": "15:40"}, {"imsyak": "04:55", "shubuh": "05:05", "dzuhur": "12:21", "tanggal": "2020-04-08", "terbit": "06:18", "magrib": "18:20", "isya": "19:30", "dhuha": "06:42", "ashr": "15:40"}, {"imsyak": "04:54", "shubuh": "05:04", "dzuhur": "12:21", "tanggal": "2020-04-09", "terbit": "06:18", "magrib": "18:20", "isya": "19:30", "dhuha": "06:42", "ashr": "15:40"}, {"imsyak": "04:54", "shubuh": "05:04", "dzuhur": "12:21", "tanggal": "2020-04-10", "terbit": "06:18", "magrib": "18:19", "isya": "19:29", "dhuha": "06:42", "ashr": "15:40"}, {"imsyak": "04:54", "shubuh": "05:04", "dzuhur": "12:21", "tanggal": "2020-04-11", "terbit": "06:18", "magrib": "18:19", "isya": "19:29", "dhuha": "06:42", "ashr": "15:40"}, {"imsyak": "04:54", "shubuh": "05:04", "dzuhur": "12:20", "tanggal": "2020-04-12", "terbit": "06:18", "magrib": "18:18", "isya": "19:29", "dhuha": "06:42", "ashr": "15:40"}, {"imsyak": "04:54", "shubuh": "05:04", "dzuhur": "12:20", "tanggal": "2020-04-13", "terbit": "06:18", "magrib": "18:18", "isya": "19:28", "dhuha": "06:42", "ashr": "15:40"}, {"imsyak": "04:54", "shubuh": "05:04", "dzuhur": "12:20", "tanggal": "2020-04-14", "terbit": "06:18", "magrib": "18:18", "isya": "19:28", "dhuha": "06:42", "ashr": "15:40"}, {"imsyak": "04:54", "shubuh": "05:04", "dzuhur": "12:20", "tanggal": "2020-04-15", "terbit": "06:18", "magrib": "18:17", "isya": "19:27", "dhuha": "06:42", "ashr": "15:40"}, {"imsyak": "04:54", "shubuh": "05:04", "dzuhur": "12:19", "tanggal": "2020-04-16", "terbit": "06:18", "magrib": "18:17", "isya": "19:27", "dhuha": "06:42", "ashr": "15:40"}, {"imsyak": "04:54", "shubuh": "05:04", "dzuhur": "12:19", "tanggal": "2020-04-17", "terbit": "06:18", "magrib": "18:16", "isya": "19:27", "dhuha": "06:42", "ashr": "15:39"}, {"imsyak": "04:53", "shubuh": "05:03", "dzuhur": "12:19", "tanggal": "2020-04-18", "terbit": "06:18", "magrib": "18:16", "isya": "19:26", "dhuha": "06:42", "ashr": "15:39"}, {"imsyak": "04:53", "shubuh": "05:03", "dzuhur": "12:19", "tanggal": "2020-04-19", "terbit": "06:18", "magrib": "18:15", "isya": "19:26", "dhuha": "06:42", "ashr": "15:39"}, {"imsyak": "04:53", "shubuh": "05:03", "dzuhur": "12:19", "tanggal": "2020-04-20", "terbit": "06:18", "magrib": "18:15", "isya": "19:25", "dhuha": "06:42", "ashr": "15:39"}, {"imsyak": "04:53", "shubuh": "05:03", "dzuhur": "12:18", "tanggal": "2020-04-21", "terbit": "06:18", "magrib": "18:14", "isya": "19:25", "dhuha": "06:42", "ashr": "15:39"}, {"imsyak": "04:53", "shubuh": "05:03", "dzuhur": "12:18", "tanggal": "2020-04-22", "terbit": "06:18", "magrib": "18:14", "isya": "19:25", "dhuha": "06:42", "ashr": "15:39"}, {"imsyak": "04:53", "shubuh": "05:03", "dzuhur": "12:18", "tanggal": "2020-04-23", "terbit": "06:18", "magrib": "18:14", "isya": "19:25", "dhuha": "06:42", "ashr": "15:39"}, {"imsyak": "04:53", "shubuh": "05:03", "dzuhur": "12:18", "tanggal": "2020-04-24", "terbit": "06:18", "magrib": "18:13", "isya": "19:24", "dhuha": "06:42", "ashr": "15:39"}, {"imsyak": "04:53", "shubuh": "05:03", "dzuhur": "12:18", "tanggal": "2020-04-25", "terbit": "06:18", "magrib": "18:13", "isya": "19:24", "dhuha": "06:42", "ashr": "15:39"}, {"imsyak": "04:53", "shubuh": "05:03", "dzuhur": "12:17", "tanggal": "2020-04-26", "terbit": "06:18", "magrib": "18:13", "isya": "19:24", "dhuha": "06:42", "ashr": "15:38"}, {"imsyak": "04:53", "shubuh": "05:03", "dzuhur": "12:17", "tanggal": "2020-04-27", "terbit": "06:18", "magrib": "18:12", "isya": "19:23", "dhuha": "06:42", "ashr": "15:38"}, {"imsyak": "04:53", "shubuh": "05:03", "dzuhur": "12:17", "tanggal": "2020-04-28", "terbit": "06:18", "magrib": "18:12", "isya": "19:23", "dhuha": "06:42", "ashr": "15:38"}, {"imsyak": "04:53", "shubuh": "05:03", "dzuhur": "12:17", "tanggal": "2020-04-29", "terbit": "06:18", "magrib": "18:12", "isya": "19:23", "dhuha": "06:42", "ashr": "15:38"}, {"imsyak": "04:53", "shubuh": "05:03", "dzuhur": "12:17", "tanggal": "2020-04-30", "terbit": "06:18", "magrib": "18:11", "isya": "19:23", "dhuha": "06:42", "ashr": "15:38"}]