[{"imsyak": "04:53", "shubuh": "05:03", "dzuhur": "12:17", "tanggal": "2020-05-01", "terbit": "06:18", "magrib": "18:11", "isya": "19:23", "dhuha": "06:42", "ashr": "15:38"}, {"imsyak": "04:52", "shubuh": "05:02", "dzuhur": "12:17", "tanggal": "2020-05-02", "terbit": "06:18", "magrib": "18:11", "isya": "19:22", "dhuha": "06:42", "ashr": "15:38"}, {"imsyak": "04:52", "shubuh": "05:02", "dzuhur": "12:16", "tanggal": "2020-05-03", "terbit": "06:19", "magrib": "18:10", "isya": "19:22", "dhuha": "06:43", "ashr": "15:38"}, {"imsyak": "04:52", "shubuh": "05:02", "dzuhur": "12:16", "tanggal": "2020-05-04", "terbit": "06:19", "magrib": "18:10", "isya": "19:22", "dhuha": "06:43", "ashr": "15:38"}, {"imsyak": "04:52", "shubuh": "05:02", "dzuhur": "12:16", "tanggal": "2020-05-05", "terbit": "06:19", "magrib": "18:10", "isya": "19:22", "dhuha": "06:43", "ashr": "15:38"}, {"imsyak": "04:52", "shubuh": "05:02", "dzuhur": "12:16", "tanggal": "2020-05-06", "terbit": "06:19", "magrib": "18:10", "isya": "19:22", "dhuha": "06:43", "ashr": "15:37"}, {"imsyak": "04:52", "shubuh": "05:02", "dzuhur": "12:16", "tanggal": "2020-05-07", "terbit": "06:19", "magrib": "18:09", "isya": "19:21", "dhuha": "06:43", "ashr": "15:37"}, {"imsyak": "04:52", "shubuh": "05:02", "dzuhur": "12:16", "tanggal": "2020-05-08", "terbit": "06:19", "magrib": "18:09", "isya": "19:21", "dhuha": "06:43", "ashr": "15:37"}, {"imsyak": "04:52", "shubuh": "05:02", "dzuhur": "12:16", "tanggal": "2020-05-09", "terbit": "06:19", "magrib": "18:09", "isya": "19:21", "dhuha": "06:43", "ashr": "15:37"}, {"imsyak": "04:52", "shubuh": "05:02", "dzuhur": "12:16", "tanggal": "2020-05-10", "terbit": "06:19", "magrib": "18:09", "isya": "19:21", "dhuha": "06:43", "ashr": "15:37"}, {"imsyak": "04:52", "shubuh": "05:02", "dzuhur": "12:16", "tanggal": "2020-05-11", "terbit": "06:19", "magrib": "18:08", "isya": "19:21", "dhuha": "06:43", "ashr": "15:37"}, {"imsyak": "04:52", "shubuh": "05:02", "dzuhur": "12:16", "tanggal": "2020-05-12", "terbit": "06:20", "magrib": "18:08", "isya": "19:21", "dhuha": "06:44", "ashr": "15:37"}, {"imsyak": "04:52", "shubuh": "05:02", "dzuhur": "12:16", "tanggal": "2020-05-13", "terbit": "06:20", "magrib": "18:08", "isya": "19:21", "dhuha": "06:44", "ashr": "15:37"}, {"imsyak": "04:52", "shubuh": "05:02", "dzuhur": "12:16", "tanggal": "2020-05-14", "terbit": "06:20", "magrib": "18:08", "isya": "19:21", "dhuha": "06:44", "ashr": "15:37"}, {"imsyak": "04:53", "shubuh": "05:03", "dzuhur": "12:16", "tanggal": "2020-05-15", "terbit": "06:20", "magrib": "18:08", "isya": "19:21", "dhuha": "06:44", "ashr": "15:37"}, {"imsyak": "04:53", "shubuh": "05:03", "dzuhur": "12:16", "tanggal": "2020-05-16", "terbit": "06:20", "magrib": "18:08", "isya": "19:21", "dhuha": "06:44", "ashr": "15:37"}, {"imsyak": "04:53", "shubuh": "05:03", "dzuhur": "12:16", "tanggal": "2020-05-17", "terbit": "06:20", "magrib": "18:08", "isya": "19:21", "dhuha": "06:44", "ashr": "15:37"}, {"imsyak": "04:53", "shubuh": "05:03", "dzuhur": "12:16", "tanggal": "2020-05-18", "terbit": "06:20", "magrib": "18:07", "isya": "19:21", "dhuha": "06:44", "ashr": "15:37"}, {"imsyak": "04:53", "shubuh": "05:03", "dzuhur": "12:16", "tanggal": "2020-05-19", "terbit": "06:21", "magrib": "18:07", "isya": "19:21", "dhuha": "06:45", "ashr": "15:37"}, {"imsyak": "04:53", "shubuh": "05:03", "dzuhur": "12:16", "tanggal": "2020-05-20", "terbit": "06:21", "magrib": "18:07", "isya": "19:21", "dhuha": "06:45", "ashr": "15:37"}, {"imsyak": "04:53", "shubuh": "05:03", "dzuhur": "12:16", "tanggal": "2020-05-21", "terbit": "06:21", "magrib": "18:07", "isya": "19:21", "dhuha": "06:45", "ashr": "15:37"}, {"imsyak": "04:53", "shubuh": "05:03", "dzuhur": "12:16", "tanggal": "2020-05-22", "terbit": "06:21", "magrib": "18:07", "isya": "19:21", "dhuha": "06:45", "ashr": "15:37"}, {"imsyak": "04:53", "shubuh": "05:03", "dzuhur": "12:16", "tanggal": "2020-05-23", "terbit": "06:21", "magrib": "18:07", "isya": "19:21", "dhuha": "06:45", "ashr": "15:37"}, {"imsyak": "04:53", "shubuh": "05:03", "dzuhur": "12:16", "tanggal": "2020-05-24", "terbit": "06:22", "magrib": "18:07", "isya": "19:21", "dhuha": "06:46", "ashr": "15:37"}, {"imsyak": "04:53", "shubuh": "05:03", "dzuhur": "12:16", "tanggal": "2020-05-25", "terbit": "06:22", "magrib": "18:07", "isya": "19:21", "dhuha": "06:46", "ashr": "15:37"}, {"imsyak": "04:54", "shubuh": "05:04", "dzuhur": "12:17", "tanggal": "2020-05-26", "terbit": "06:22", "magrib": "18:07", "isya": "19:21", "dhuha": "06:46", "ashr": "15:37"}, {"imsyak": "04:54", "shubuh": "05:04", "dzuhur": "12:17", "tanggal": "2020-05-27", "terbit": "06:22", "magrib": "18:07", "isya": "19:21", "dhuha": "06:46", "ashr": "15:37"}, {"imsyak": "04:54", "shubuh": "05:04", "dzuhur": "12:17", "tanggal": "2020-05-28", "terbit": "06:23", "magrib": "18:07", "isya": "19:21", "dhuha": "06:47", "ashr": "15:37"}, {"imsyak": "04:54", "shubuh": "05:04", "dzuhur": "12:17", "tanggal": "2020-05-29", "terbit": "06:23", "magrib": "18:07", "isya": "19:21", "dhuha": "06:47", "ashr": "15:38"}, {"imsyak": "04:54", "shubuh": "05:04", "dzuhur": "12:17", "tanggal": "2020-05-30", "terbit": "06:23", "magrib": "18:07", "isya": "19:21", "dhuha": "06:47", "ashr": "15:38"}, {"imsyak": "04:54", "shubuh": "05:04", "dzuhur": "12:17", "tanggal": "2020-05-31", "terbit": "06:23", "magrib": "18:07", "isya": "19:22", "dhuha": "06:47", "ashr": "15:38"}]