[{"imsyak": "04:54", "shubuh": "05:04", "dzuhur": "12:17", "tanggal": "2020-06-01", "terbit": "06:23", "magrib": "18:07", "isya": "19:22", "dhuha": "06:47", "ashr": "15:38"}, {"imsyak": "04:55", "shubuh": "05:05", "dzuhur": "12:18", "tanggal": "2020-06-02", "terbit": "06:24", "magrib": "18:07", "isya": "19:22", "dhuha": "06:48", "ashr": "15:38"}, {"imsyak": "04:55", "shubuh": "05:05", "dzuhur": "12:18", "tanggal": "2020-06-03", "terbit": "06:24", "magrib": "18:07", "isya": "19:22", "dhuha": "06:48", "ashr": "15:38"}, {"imsyak": "04:55", "shubuh": "05:05", "dzuhur": "12:18", "tanggal": "2020-06-04", "terbit": "06:24", "magrib": "18:07", "isya": "19:22", "dhuha": "06:48", "ashr": "15:38"}, {"imsyak": "04:55", "shubuh": "05:05", "dzuhur": "12:18", "tanggal": "2020-06-05", "terbit": "06:24", "magrib": "18:08", "isya": "19:22", "dhuha": "06:48", "ashr": "15:38"}, {"imsyak": "04:55", "shubuh": "05:05", "dzuhur": "12:18", "tanggal": "2020-06-06", "terbit": "06:25", "magrib": "18:08", "isya": "19:22", "dhuha": "06:49", "ashr": "15:39"}, {"imsyak": "04:55", "shubuh": "05:05", "dzuhur": "12:18", "tanggal": "2020-06-07", "terbit": "06:25", "magrib": "18:08", "isya": "19:23", "dhuha": "06:49", "ashr": "15:39"}, {"imsyak": "04:56", "shubuh": "05:06", "dzuhur": "12:19", "tanggal": "2020-06-08", "terbit": "06:25", "magrib": "18:08", "isya": "19:23", "dhuha": "06:49", "ashr": "15:39"}, {"imsyak": "04:56", "shubuh": "05:06", "dzuhur": "12:19", "tanggal": "2020-06-09", "terbit": "06:25", "magrib": "18:08", "isya": "19:23", "dhuha": "06:49", "ashr": "15:39"}, {"imsyak": "04:56", "shubuh": "05:06", "dzuhur": "12:19", "tanggal": "2020-06-10", "terbit": "06:26", "magrib": "18:08", "isya": "19:23", "dhuha": "06:50", "ashr": "15:39"}, {"imsyak": "04:56", "shubuh": "05:06", "dzuhur": "12:19", "tanggal": "2020-06-11", "terbit": "06:26", "magrib": "18:08", "isya": "19:23", "dhuha": "06:50", "ashr": "15:39"}, {"imsyak": "04:56", "shubuh": "05:06", "dzuhur": "12:19", "tanggal": "2020-06-12", "terbit": "06:26", "magrib": "18:09", "isya": "19:24", "dhuha": "06:50", "ashr": "15:40"}, {"imsyak": "04:57", "shubuh": "05:07", "dzuhur": "12:20", "tanggal": "2020-06-13", "terbit": "06:26", "magrib": "18:09", "isya": "19:24", "dhuha": "06:50", "ashr": "15:40"}, {"imsyak": "04:57", "shubuh": "05:07", "dzuhur": "12:20", "tanggal": "2020-06-14", "terbit": "06:27", "magrib": "18:09", "isya": "19:24", "dhuha": "06:51", "ashr": "15:40"}, {"imsyak": "04:57", "shubuh": "05:07", "dzuhur": "12:20", "tanggal": "2020-06-15", "terbit": "06:27", "magrib": "18:09", "isya": "19:24", "dhuha": "06:51", "ashr": "15:40"}, {"imsyak": "04:57", "shubuh": "05:07", "dzuhur": "12:20", "tanggal": "2020-06-16", "terbit": "06:27", "magrib": "18:09", "isya": "19:24", "dhuha": "06:51", "ashr": "15:40"}, {"imsyak": "04:58", "shubuh": "05:08", "dzuhur": "12:20", "tanggal": "2020-06-17", "terbit": "06:27", "magrib": "18:09", "isya": "19:25", "dhuha": "06:51", "ashr": "15:41"}, {"imsyak": "04:58", "shubuh": "05:08", "dzuhur": "12:21", "tanggal": "2020-06-18", "terbit": "06:28", "magrib": "18:10", "isya": "19:25", "dhuha": "06:52", "ashr": "15:41"}, {"imsyak": "04:58", "shubuh": "05:08", "dzuhur": "12:21", "tanggal": "2020-06-19", "terbit": "06:28", "magrib": "18:10", "isya": "19:25", "dhuha": "06:52", "ashr": "15:41"}, {"imsyak": "04:58", "shubuh": "05:08", "dzuhur": "12:21", "tanggal": "2020-06-20", "terbit": "06:28", "magrib": "18:10", "isya": "19:25", "dhuha": "06:52", "ashr": "15:41"}, {"imsyak": "04:58", "shubuh": "05:08", "dzuhur": "12:21", "tanggal": "2020-06-21", "terbit": "06:28", "magrib": "18:10", "isya": "19:25", "dhuha": "06:52", "ashr": "15:41"}, {"imsyak": "04:59", "shubuh": "05:09", "dzuhur": "12:22", "tanggal": "2020-06-22", "terbit": "06:29", "magrib": "18:10", "isya": "19:26", "dhuha": "06:53", "ashr": "15:42"}, {"imsyak": "04:59", "shubuh": "05:09", "dzuhur": "12:22", "tanggal": "2020-06-23", "terbit": "06:29", "magrib": "18:11", "isya": "19:26", "dhuha": "06:53", "ashr": "15:42"}, {"imsyak": "04:59", "shubuh": "05:09", "dzuhur": "12:22", "tanggal": "2020-06-24", "terbit": "06:29", "magrib": "18:11", "isya": "19:26", "dhuha": "06:53", "ashr": "15:42"}, {"imsyak": "04:59", "shubuh": "05:09", "dzuhur": "12:22", "tanggal": "2020-06-25", "terbit": "06:29", "magrib": "18:11", "isya": "19:26", "dhuha": "06:53", "ashr": "15:42"}, {"imsyak": "04:59", "shubuh": "05:09", "dzuhur": "12:22", "tanggal": "2020-06-26", "terbit": "06:29", "magrib": "18:11", "isya": "19:27", "dhuha": "06:53", "ashr": "15:43"}, {"imsyak": "05:00", "shubuh": "05:10", "dzuhur": "12:23", "tanggal": "2020-06-27", "terbit": "06:30", "magrib": "18:12", "isya": "19:27", "dhuha": "06:54", "ashr": "15:43"}, {"imsyak": "05:00", "shubuh": "05:10", "dzuhur": "12:23", "tanggal": "2020-06-28", "terbit": "06:30", "magrib": "18:12", "isya": "19:27", "dhuha": "06:54", "ashr": "15:43"}, {"imsyak": "05:00", "shubuh": "05:10", "dzuhur": "12:23", "tanggal": "2020-06-29", "terbit": "06:30", "magrib": "18:12", "isya": "19:27", "dhuha": "06:54", "ashr": "15:43"}, {"imsyak": "05:00", "shubuh": "05:10", "dzuhur": "12:23", "tanggal": "2020-06-30", "terbit": "06:30", "magrib": "18:12", "isya": "19:27", "dhuha": "06:54", "ashr": "15:43"}]