[{"imsyak": "05:00", "shubuh": "05:10", "dzuhur": "12:23", "tanggal": "2020-07-01", "terbit": "06:30", "magrib": "18:13", "isya": "19:28", "dhuha": "06:54", "ashr": "15:44"}, {"imsyak": "05:01", "shubuh": "05:11", "dzuhur": "12:24", "tanggal": "2020-07-02", "terbit": "06:30", "magrib": "18:13", "isya": "19:28", "dhuha": "06:54", "ashr": "15:44"}, {"imsyak": "05:01", "shubuh": "05:11", "dzuhur": "12:24", "tanggal": "2020-07-03", "terbit": "06:31", "magrib": "18:13", "isya": "19:28", "dhuha": "06:55", "ashr": "15:44"}, {"imsyak": "05:01", "shubuh": "05:11", "dzuhur": "12:24", "tanggal": "2020-07-04", "terbit": "06:31", "magrib": "18:13", "isya": "19:28", "dhuha": "06:55", "ashr": "15:44"}, {"imsyak": "05:01", "shubuh": "05:11", "dzuhur": "12:24", "tanggal": "2020-07-05", "terbit": "06:31", "magrib": "18:14", "isya": "19:28", "dhuha": "06:55", "ashr": "15:44"}, {"imsyak": "05:01", "shubuh": "05:11", "dzuhur": "12:24", "tanggal": "2020-07-06", "terbit": "06:31", "magrib": "18:14", "isya": "19:29", "dhuha": "06:55", "ashr": "15:45"}, {"imsyak": "05:02", "shubuh": "05:12", "dzuhur": "12:24", "tanggal": "2020-07-07", "terbit": "06:31", "magrib": "18:14", "isya": "19:29", "dhuha": "06:55", "ashr": "15:45"}, {"imsyak": "05:02", "shubuh": "05:12", "dzuhur": "12:25", "tanggal": "2020-07-08", "terbit": "06:31", "magrib": "18:14", "isya": "19:29", "dhuha": "06:55", "ashr": "15:45"}, {"imsyak": "05:02", "shubuh": "05:12", "dzuhur": "12:25", "tanggal": "2020-07-09", "terbit": "06:31", "magrib": "18:14", "isya": "19:29", "dhuha": "06:55", "ashr": "15:45"}, {"imsyak": "05:02", "shubuh": "05:12", "dzuhur": "12:25", "tanggal": "2020-07-10", "terbit": "06:31", "magrib": "18:15", "isya": "19:29", "dhuha": "06:55", "ashr": "15:45"}, {"imsyak": "05:02", "shubuh": "05:12", "dzuhur": "12:25", "tanggal": "2020-07-11", "terbit": "06:31", "magrib": "18:15", "isya": "19:29", "dhuha": "06:55", "ashr": "15:46"}, {"imsyak": "05:02", "shubuh": "05:12", "dzuhur": "12:25", "tanggal": "2020-07-12", "terbit": "06:31", "magrib": "18:15", "isya": "19:30", "dhuha": "06:55", "ashr": "15:46"}, {"imsyak": "05:02", "shubuh": "05:12", "dzuhur": "12:25", "tanggal": "2020-07-13", "terbit": "06:31", "magrib": "18:15", "isya": "19:30", "dhuha": "06:55", "ashr": "15:46"}, {"imsyak": "05:02", "shubuh": "05:12", "dzuhur": "12:25", "tanggal": "2020-07-14", "terbit": "06:31", "magrib": "18:16", "isya": "19:30", "dhuha": "06:55", "ashr": "15:46"}, {"imsyak": "05:03", "shubuh": "05:13", "dzuhur": "12:26", "tanggal": "2020-07-15", "terbit": "06:31", "magrib": "18:16", "isya": "19:30", "dhuha": "06:55", "ashr": "15:46"}, {"imsyak": "05:03", "shubuh": "05:13", "dzuhur": "12:26", "tanggal": "2020-07-16", "terbit": "06:31", "magrib": "18:16", "isya": "19:30", "dhuha": "06:55", "ashr": "15:46"}, {"imsyak": "05:03", "shubuh": "05:13", "dzuhur": "12:26", "tanggal": "2020-07-17", "terbit": "06:31", "magrib": "18:16", "isya": "19:30", "dhuha": "06:55", "ashr": "15:47"}, {"imsyak": "05:03", "shubuh": "05:13", "dzuhur": "12:26", "tanggal": "2020-07-18", "terbit": "06:31", "magrib": "18:16", "isya": "19:30", "dhuha": "06:55", "ashr": "15:47"}, {"imsyak": "05:03", "shubuh": "05:13", "dzuhur": "12:26", "tanggal": "2020-07-19", "terbit": "06:31", "magrib": "18:17", "isya": "19:30", "dhuha": "06:55", "ashr": "15:47"}, {"imsyak": "05:03", "shubuh": "05:13", "dzuhur": "12:26", "tanggal": "2020-07-20", "terbit": "06:31", "magrib": "18:17", "isya": "19:30", "dhuha": "06:55", "ashr": "15:47"}, {"imsyak": "05:03", "shubuh": "05:13", "dzuhur": "12:26", "tanggal": "2020-07-21", "terbit": "06:31", "magrib": "18:17", "isya": "19:31", "dhuha": "06:55", "ashr": "15:47"}, {"imsyak": "05:03", "shubuh": "05:13", "dzuhur": "12:26", "tanggal": "2020-07-22", "terbit": "06:31", "magrib": "18:17", "isya": "19:31", "dhuha": "06:55", "ashr": "15:47"}, {"imsyak": "05:03", "shubuh": "05:13", "dzuhur": "12:26", "tanggal": "2020-07-23", "terbit": "06:31", "magrib": "18:17", "isya": "19:31", "dhuha": "06:55", "ashr": "15:47"}, {"imsyak": "05:03", "shubuh": "05:13", "dzuhur": "12:26", "tanggal": "2020-07-24", "terbit": "06:31", "magrib": "18:17", "isya": "19:31", "dhuha": "06:55", "ashr": "15:47"}, {"imsyak": "05:03", "shubuh": "05:13", "dzuhur": "12:26", "tanggal": "2020-07-25", "terbit": "06:31", "magrib": "18:18", "isya": "19:31", "dhuha": "06:55", "ashr": "15:47"}, {"imsyak": "05:03", "shubuh": "05:13", "dzuhur": "12:26", "tanggal": "2020-07-26", "terbit": "06:31", "magrib": "18:18", "isya": "19:31", "dhuha": "06:55", "ashr": "15:47"}, {"imsyak": "05:03", "shubuh": "05:13", "dzuhur": "12:26", "tanggal": "2020-07-27", "terbit": "06:30", "magrib": "18:18", "isya": "19:31", "dhuha": "06:54", "ashr": "15:47"}, {"imsyak": "05:03", "shubuh": "05:13", "dzuhur": "12:26", "tanggal": "2020-07-28", "terbit": "06:30", "magrib": "18:18", "isya": "19:31", "dhuha": "06:54", "ashr": "15:47"}, {"imsyak": "05:03", "shubuh": "05:13", "dzuhur": "12:26", "tanggal": "2020-07-29", "terbit": "06:30", "magrib": "18:18", "isya": "19:31", "dhuha": "06:54", "ashr": "15:47"}, {"imsyak": "05:03", "shubuh": "05:13", "dzuhur": "12:26", "tanggal": "2020-07-30", "terbit": "06:30", "magrib": "18:18", "isya": "19:31", "dhuha": "06:54", "ashr": "15:47"}, {"imsyak": "05:03", "shubuh": "05:13", "dzuhur": "12:26", "tanggal": "2020-07-31", "terbit": "06:30", "magrib": "18:18", "isya": "19:31", "dhuha": "06:54", "ashr": "15:47"}]