[{"imsyak": "05:02", "shubuh": "05:12", "dzuhur": "12:26", "tanggal": "2020-08-01", "terbit": "06:29", "magrib": "18:18", "isya": "19:31", "dhuha": "06:53", "ashr": "15:47"}, {"imsyak": "05:02", "shubuh": "05:12", "dzuhur": "12:26", "tanggal": "2020-08-02", "terbit": "06:29", "magrib": "18:19", "isya": "19:31", "dhuha": "06:53", "ashr": "15:47"}, {"imsyak": "05:02", "shubuh": "05:12", "dzuhur": "12:26", "tanggal": "2020-08-03", "terbit": "06:29", "magrib": "18:19", "isya": "19:31", "dhuha": "06:53", "ashr": "15:47"}, {"imsyak": "05:02", "shubuh": "05:12", "dzuhur": "12:26", "tanggal": "2020-08-04", "terbit": "06:29", "magrib": "18:19", "isya": "19:31", "dhuha": "06:53", "ashr": "15:47"}, {"imsyak": "05:02", "shubuh": "05:12", "dzuhur": "12:26", "tanggal": "2020-08-05", "terbit": "06:29", "magrib": "18:19", "isya": "19:31", "dhuha": "06:53", "ashr": "15:47"}, {"imsyak": "05:02", "shubuh": "05:12", "dzuhur": "12:25", "tanggal": "2020-08-06", "terbit": "06:28", "magrib": "18:19", "isya": "19:31", "dhuha": "06:52", "ashr": "15:47"}, {"imsyak": "05:02", "shubuh": "05:12", "dzuhur": "12:25", "tanggal": "2020-08-07", "terbit": "06:28", "magrib": "18:19", "isya": "19:31", "dhuha": "06:52", "ashr": "15:47"}, {"imsyak": "05:01", "shubuh": "05:11", "dzuhur": "12:25", "tanggal": "2020-08-08", "terbit": "06:28", "magrib": "18:19", "isya": "19:31", "dhuha": "06:52", "ashr": "15:47"}, {"imsyak": "05:01", "shubuh": "05:11", "dzuhur": "12:25", "tanggal": "2020-08-09", "terbit": "06:27", "magrib": "18:19", "isya": "19:31", "dhuha": "06:51", "ashr": "15:46"}, {"imsyak": "05:01", "shubuh": "05:11", "dzuhur": "12:25", "tanggal": "2020-08-10", "terbit": "06:27", "magrib": "18:19", "isya": "19:31", "dhuha": "06:51", "ashr": "15:46"}, {"imsyak": "05:01", "shubuh": "05:11", "dzuhur": "12:25", "tanggal": "2020-08-11", "terbit": "06:27", "magrib": "18:19", "isya": "19:31", "dhuha": "06:51", "ashr": "15:46"}, {"imsyak": "05:00", "shubuh": "05:10", "dzuhur": "12:25", "tanggal": "2020-08-12", "terbit": "06:26", "magrib": "18:19", "isya": "19:31", "dhuha": "06:50", "ashr": "15:46"}, {"imsyak": "05:00", "shubuh": "05:10", "dzuhur": "12:24", "tanggal": "2020-08-13", "terbit": "06:26", "magrib": "18:19", "isya": "19:30", "dhuha": "06:50", "ashr": "15:46"}, {"imsyak": "05:00", "shubuh": "05:10", "dzuhur": "12:24", "tanggal": "2020-08-14", "terbit": "06:26", "magrib": "18:19", "isya": "19:30", "dhuha": "06:50", "ashr": "15:46"}, {"imsyak": "05:00", "shubuh": "05:10", "dzuhur": "12:24", "tanggal": "2020-08-15", "terbit": "06:25", "magrib": "18:19", "isya": "19:30", "dhuha": "06:49", "ashr": "15:45"}, {"imsyak": "04:59", "shubuh": "05:09", "dzuhur": "12:24", "tanggal": "2020-08-16", "terbit": "06:25", "magrib": "18:19", "isya": "19:30", "dhuha": "06:49", "ashr": "15:45"}, {"imsyak": "04:59", "shubuh": "05:09", "dzuhur": "12:24", "tanggal": "2020-08-17", "terbit": "06:24", "magrib": "18:19", "isya": "19:30", "dhuha": "06:48", "ashr": "15:45"}, {"imsyak": "04:59", "shubuh": "05:09", "dzuhur": "12:23", "tanggal": "2020-08-18", "terbit": "06:24", "magrib": "18:19", "isya": "19:30", "dhuha": "06:48", "ashr": "15:45"}, {"imsyak": "04:58", "shubuh": "05:08", "dzuhur": "12:23", "tanggal": "2020-08-19", "terbit": "06:24", "magrib": "18:19", "isya": "19:30", "dhuha": "06:48", "ashr": "15:44"}, {"imsyak": "04:58", "shubuh": "05:08", "dzuhur": "12:23", "tanggal": "2020-08-20", "terbit": "06:23", "magrib": "18:19", "isya": "19:30", "dhuha": "06:47", "ashr": "15:44"}, {"imsyak": "04:58", "shubuh": "05:08", "dzuhur": "12:23", "tanggal": "2020-08-21", "terbit": "06:23", "magrib": "18:19", "isya": "19:30", "dhuha": "06:47", "ashr": "15:44"}, {"imsyak": "04:57", "shubuh": "05:07", "dzuhur": "12:23", "tanggal": "2020-08-22", "terbit": "06:22", "magrib": "18:19", "isya": "19:29", "dhuha": "06:46", "ashr": "15:43"}, {"imsyak": "04:57", "shubuh": "05:07", "dzuhur": "12:22", "tanggal": "2020-08-23", "terbit": "06:22", "magrib": "18:19", "isya": "19:29", "dhuha": "06:46", "ashr": "15:43"}, {"imsyak": "04:57", "shubuh": "05:07", "dzuhur": "12:22", "tanggal": "2020-08-24", "terbit": "06:21", "magrib": "18:19", "isya": "19:29", "dhuha": "06:45", "ashr": "15:43"}, {"imsyak": "04:56", "shubuh": "05:06", "dzuhur": "12:22", "tanggal": "2020-08-25", "terbit": "06:21", "magrib": "18:19", "isya": "19:29", "dhuha": "06:45", "ashr": "15:42"}, {"imsyak": "04:56", "shubuh": "05:06", "dzuhur": "12:21", "tanggal": "2020-08-26", "terbit": "06:20", "magrib": "18:19", "isya": "19:29", "dhuha": "06:44", "ashr": "15:42"}, {"imsyak": "04:55", "shubuh": "05:05", "dzuhur": "12:21", "tanggal": "2020-08-27", "terbit": "06:20", "magrib": "18:19", "isya": "19:29", "dhuha": "06:44", "ashr": "15:41"}, {"imsyak": "04:55", "shubuh": "05:05", "dzuhur": "12:21", "tanggal": "2020-08-28", "terbit": "06:19", "magrib": "18:18", "isya": "19:29", "dhuha": "06:43", "ashr": "15:41"}, {"imsyak": "04:55", "shubuh": "05:05", "dzuhur": "12:21", "tanggal": "2020-08-29", "terbit": "06:19", "magrib": "18:18", "isya": "19:28", "dhuha": "06:43", "ashr": "15:41"}, {"imsyak": "04:54", "shubuh": "05:04", "dzuhur": "12:20", "tanggal": "2020-08-30", "terbit": "06:18", "magrib": "18:18", "isya": "19:28", "dhuha": "06:42", "ashr": "15:40"}, {"imsyak": "04:54", "shubuh": "05:04", "dzuhur": "12:20", "tanggal": "2020-08-31", "terbit": "06:18", "magrib": "18:18", "isya": "19:28", "dhuha": "06:42", "ashr": "15:40"}]