[{"tanggal": "2021-04-01", "imsyak": "05:04", "shubuh": "05:14", "terbit": "06:27", "dhuha": "06:51", "dzuhur": "12:34", "ashr": "15:46", "magrib": "18:36", "isya": "19:45"}, {"tanggal": "2021-04-02", "imsyak": "05:04", "shubuh": "05:14", "terbit": "06:27", "dhuha": "06:51", "dzuhur": "12:33", "ashr": "15:46", "magrib": "18:35", "isya": "19:44"}, {"tanggal": "2021-04-03", "imsyak": "05:04", "shubuh": "05:14", "terbit": "06:27", "dhuha": "06:51", "dzuhur": "12:33", "ashr": "15:46", "magrib": "18:35", "isya": "19:44"}, {"tanggal": "2021-04-04", "imsyak": "05:04", "shubuh": "05:14", "terbit": "06:27", "dhuha": "06:51", "dzuhur": "12:33", "ashr": "15:46", "magrib": "18:35", "isya": "19:44"}, {"tanggal": "2021-04-05", "imsyak": "05:04", "shubuh": "05:14", "terbit": "06:27", "dhuha": "06:51", "dzuhur": "12:32", "ashr": "15:47", "magrib": "18:34", "isya": "19:43"}, {"tanggal": "2021-04-06", "imsyak": "05:03", "shubuh": "05:13", "terbit": "06:26", "dhuha": "06:50", "dzuhur": "12:32", "ashr": "15:47", "magrib": "18:34", "isya": "19:43"}, {"tanggal": "2021-04-07", "imsyak": "05:03", "shubuh": "05:13", "terbit": "06:26", "dhuha": "06:50", "dzuhur": "12:32", "ashr": "15:47", "magrib": "18:33", "isya": "19:43"}, {"tanggal": "2021-04-08", "imsyak": "05:03", "shubuh": "05:13", "terbit": "06:26", "dhuha": "06:50", "dzuhur": "12:32", "ashr": "15:47", "magrib": "18:33", "isya": "19:42"}, {"tanggal": "2021-04-09", "imsyak": "05:03", "shubuh": "05:13", "terbit": "06:26", "dhuha": "06:50", "dzuhur": "12:31", "ashr": "15:47", "magrib": "18:33", "isya": "19:42"}, {"tanggal": "2021-04-10", "imsyak": "05:02", "shubuh": "05:12", "terbit": "06:26", "dhuha": "06:50", "dzuhur": "12:31", "ashr": "15:47", "magrib": "18:32", "isya": "19:42"}, {"tanggal": "2021-04-11", "imsyak": "05:02", "shubuh": "05:12", "terbit": "06:26", "dhuha": "06:50", "dzuhur": "12:31", "ashr": "15:47", "magrib": "18:32", "isya": "19:41"}, {"tanggal": "2021-04-12", "imsyak": "05:02", "shubuh": "05:12", "terbit": "06:25", "dhuha": "06:49", "dzuhur": "12:31", "ashr": "15:47", "magrib": "18:32", "isya": "19:41"}, {"tanggal": "2021-04-13", "imsyak": "05:02", "shubuh": "05:12", "terbit": "06:25", "dhuha": "06:49", "dzuhur": "12:30", "ashr": "15:47", "magrib": "18:31", "isya": "19:41"}, {"tanggal": "2021-04-14", "imsyak": "05:01", "shubuh": "05:11", "terbit": "06:25", "dhuha": "06:49", "dzuhur": "12:30", "ashr": "15:47", "magrib": "18:31", "isya": "19:41"}, {"tanggal": "2021-04-15", "imsyak": "05:01", "shubuh": "05:11", "terbit": "06:25", "dhuha": "06:49", "dzuhur": "12:30", "ashr": "15:47", "magrib": "18:31", "isya": "19:40"}, {"tanggal": "2021-04-16", "imsyak": "05:01", "shubuh": "05:11", "terbit": "06:25", "dhuha": "06:49", "dzuhur": "12:30", "ashr": "15:47", "magrib": "18:30", "isya": "19:40"}, {"tanggal": "2021-04-17", "imsyak": "05:01", "shubuh": "05:11", "terbit": "06:25", "dhuha": "06:49", "dzuhur": "12:29", "ashr": "15:47", "magrib": "18:30", "isya": "19:40"}, {"tanggal": "2021-04-18", "imsyak": "05:00", "shubuh": "05:10", "terbit": "06:24", "dhuha": "06:48", "dzuhur": "12:29", "ashr": "15:47", "magrib": "18:30", "isya": "19:40"}, {"tanggal": "2021-04-19", "imsyak": "05:00", "shubuh": "05:10", "terbit": "06:24", "dhuha": "06:48", "dzuhur": "12:29", "ashr": "15:48", "magrib": "18:29", "isya": "19:39"}, {"tanggal": "2021-04-20", "imsyak": "05:00", "shubuh": "05:10", "terbit": "06:24", "dhuha": "06:48", "dzuhur": "12:29", "ashr": "15:48", "magrib": "18:29", "isya": "19:39"}, {"tanggal": "2021-04-21", "imsyak": "05:00", "shubuh": "05:10", "terbit": "06:24", "dhuha": "06:48", "dzuhur": "12:28", "ashr": "15:48", "magrib": "18:29", "isya": "19:39"}, {"tanggal": "2021-04-22", "imsyak": "05:00", "shubuh": "05:10", "terbit": "06:24", "dhuha": "06:48", "dzuhur": "12:28", "ashr": "15:48", "magrib": "18:28", "isya": "19:39"}, {"tanggal": "2021-04-23", "imsyak": "04:59", "shubuh": "05:09", "terbit": "06:24", "dhuha": "06:48", "dzuhur": "12:28", "ashr": "15:48", "magrib": "18:28", "isya": "19:38"}, {"tanggal": "2021-04-24", "imsyak": "04:59", "shubuh": "05:09", "terbit": "06:24", "dhuha": "06:48", "dzuhur": "12:28", "ashr": "15:48", "magrib": "18:28", "isya": "19:38"}, {"tanggal": "2021-04-25", "imsyak": "04:59", "shubuh": "05:09", "terbit": "06:24", "dhuha": "06:48", "dzuhur": "12:28", "ashr": "15:48", "magrib": "18:28", "isya": "19:38"}, {"tanggal": "2021-04-26", "imsyak": "04:59", "shubuh": "05:09", "terbit": "06:24", "dhuha": "06:48", "dzuhur": "12:27", "ashr": "15:48", "magrib": "18:27", "isya": "19:38"}, {"tanggal": "2021-04-27", "imsyak": "04:59", "shubuh": "05:09", "terbit": "06:23", "dhuha": "06:47", "dzuhur": "12:27", "ashr": "15:48", "magrib": "18:27", "isya": "19:38"}, {"tanggal": "2021-04-28", "imsyak": "04:58", "shubuh": "05:08", "terbit": "06:23", "dhuha": "06:47", "dzuhur": "12:27", "ashr": "15:48", "magrib": "18:27", "isya": "19:38"}, {"tanggal": "2021-04-29", "imsyak": "04:58", "shubuh": "05:08", "terbit": "06:23", "dhuha": "06:47", "dzuhur": "12:27", "ashr": "15:48", "magrib": "18:27", "isya": "19:37"}, {"tanggal": "2021-04-30", "imsyak": "04:58", "shubuh": "05:08", "terbit": "06:23", "dhuha": "06:47", "dzuhur": "12:27", "ashr": "15:48", "magrib": "18:26", "isya": "19:37"}]