[{"tanggal": "2021-07-01", "imsyak": "05:02", "shubuh": "05:12", "terbit": "06:32", "dhuha": "06:56", "dzuhur": "12:33", "ashr": "15:57", "magrib": "18:30", "isya": "19:45"}, {"tanggal": "2021-07-02", "imsyak": "05:02", "shubuh": "05:12", "terbit": "06:32", "dhuha": "06:56", "dzuhur": "12:33", "ashr": "15:57", "magrib": "18:31", "isya": "19:45"}, {"tanggal": "2021-07-03", "imsyak": "05:03", "shubuh": "05:13", "terbit": "06:32", "dhuha": "06:56", "dzuhur": "12:33", "ashr": "15:57", "magrib": "18:31", "isya": "19:46"}, {"tanggal": "2021-07-04", "imsyak": "05:03", "shubuh": "05:13", "terbit": "06:32", "dhuha": "06:56", "dzuhur": "12:34", "ashr": "15:57", "magrib": "18:31", "isya": "19:46"}, {"tanggal": "2021-07-05", "imsyak": "05:03", "shubuh": "05:13", "terbit": "06:32", "dhuha": "06:56", "dzuhur": "12:34", "ashr": "15:58", "magrib": "18:31", "isya": "19:46"}, {"tanggal": "2021-07-06", "imsyak": "05:03", "shubuh": "05:13", "terbit": "06:33", "dhuha": "06:57", "dzuhur": "12:34", "ashr": "15:58", "magrib": "18:31", "isya": "19:46"}, {"tanggal": "2021-07-07", "imsyak": "05:04", "shubuh": "05:14", "terbit": "06:33", "dhuha": "06:57", "dzuhur": "12:34", "ashr": "15:58", "magrib": "18:32", "isya": "19:46"}, {"tanggal": "2021-07-08", "imsyak": "05:04", "shubuh": "05:14", "terbit": "06:33", "dhuha": "06:57", "dzuhur": "12:34", "ashr": "15:58", "magrib": "18:32", "isya": "19:46"}, {"tanggal": "2021-07-09", "imsyak": "05:04", "shubuh": "05:14", "terbit": "06:33", "dhuha": "06:57", "dzuhur": "12:34", "ashr": "15:58", "magrib": "18:32", "isya": "19:46"}, {"tanggal": "2021-07-10", "imsyak": "05:04", "shubuh": "05:14", "terbit": "06:33", "dhuha": "06:57", "dzuhur": "12:35", "ashr": "15:58", "magrib": "18:32", "isya": "19:46"}, {"tanggal": "2021-07-11", "imsyak": "05:04", "shubuh": "05:14", "terbit": "06:33", "dhuha": "06:57", "dzuhur": "12:35", "ashr": "15:58", "magrib": "18:32", "isya": "19:47"}, {"tanggal": "2021-07-12", "imsyak": "05:04", "shubuh": "05:14", "terbit": "06:33", "dhuha": "06:57", "dzuhur": "12:35", "ashr": "15:59", "magrib": "18:33", "isya": "19:47"}, {"tanggal": "2021-07-13", "imsyak": "05:05", "shubuh": "05:15", "terbit": "06:33", "dhuha": "06:57", "dzuhur": "12:35", "ashr": "15:59", "magrib": "18:33", "isya": "19:47"}, {"tanggal": "2021-07-14", "imsyak": "05:05", "shubuh": "05:15", "terbit": "06:33", "dhuha": "06:57", "dzuhur": "12:35", "ashr": "15:59", "magrib": "18:33", "isya": "19:47"}, {"tanggal": "2021-07-15", "imsyak": "05:05", "shubuh": "05:15", "terbit": "06:34", "dhuha": "06:58", "dzuhur": "12:35", "ashr": "15:59", "magrib": "18:33", "isya": "19:47"}, {"tanggal": "2021-07-16", "imsyak": "05:05", "shubuh": "05:15", "terbit": "06:34", "dhuha": "06:58", "dzuhur": "12:35", "ashr": "15:59", "magrib": "18:33", "isya": "19:47"}, {"tanggal": "2021-07-17", "imsyak": "05:05", "shubuh": "05:15", "terbit": "06:34", "dhuha": "06:58", "dzuhur": "12:35", "ashr": "15:59", "magrib": "18:33", "isya": "19:47"}, {"tanggal": "2021-07-18", "imsyak": "05:05", "shubuh": "05:15", "terbit": "06:34", "dhuha": "06:58", "dzuhur": "12:36", "ashr": "15:59", "magrib": "18:33", "isya": "19:47"}, {"tanggal": "2021-07-19", "imsyak": "05:06", "shubuh": "05:16", "terbit": "06:34", "dhuha": "06:58", "dzuhur": "12:36", "ashr": "15:59", "magrib": "18:34", "isya": "19:47"}, {"tanggal": "2021-07-20", "imsyak": "05:06", "shubuh": "05:16", "terbit": "06:34", "dhuha": "06:58", "dzuhur": "12:36", "ashr": "15:59", "magrib": "18:34", "isya": "19:47"}, {"tanggal": "2021-07-21", "imsyak": "05:06", "shubuh": "05:16", "terbit": "06:34", "dhuha": "06:58", "dzuhur": "12:36", "ashr": "15:59", "magrib": "18:34", "isya": "19:47"}, {"tanggal": "2021-07-22", "imsyak": "05:06", "shubuh": "05:16", "terbit": "06:34", "dhuha": "06:58", "dzuhur": "12:36", "ashr": "15:59", "magrib": "18:34", "isya": "19:47"}, {"tanggal": "2021-07-23", "imsyak": "05:06", "shubuh": "05:16", "terbit": "06:34", "dhuha": "06:58", "dzuhur": "12:36", "ashr": "15:59", "magrib": "18:34", "isya": "19:47"}, {"tanggal": "2021-07-24", "imsyak": "05:06", "shubuh": "05:16", "terbit": "06:34", "dhuha": "06:58", "dzuhur": "12:36", "ashr": "15:59", "magrib": "18:34", "isya": "19:47"}, {"tanggal": "2021-07-25", "imsyak": "05:06", "shubuh": "05:16", "terbit": "06:34", "dhuha": "06:58", "dzuhur": "12:36", "ashr": "15:59", "magrib": "18:34", "isya": "19:47"}, {"tanggal": "2021-07-26", "imsyak": "05:06", "shubuh": "05:16", "terbit": "06:34", "dhuha": "06:58", "dzuhur": "12:36", "ashr": "15:59", "magrib": "18:34", "isya": "19:47"}, {"tanggal": "2021-07-27", "imsyak": "05:06", "shubuh": "05:16", "terbit": "06:34", "dhuha": "06:58", "dzuhur": "12:36", "ashr": "15:59", "magrib": "18:34", "isya": "19:47"}, {"tanggal": "2021-07-28", "imsyak": "05:06", "shubuh": "05:16", "terbit": "06:34", "dhuha": "06:58", "dzuhur": "12:36", "ashr": "15:59", "magrib": "18:34", "isya": "19:47"}, {"tanggal": "2021-07-29", "imsyak": "05:06", "shubuh": "05:16", "terbit": "06:34", "dhuha": "06:58", "dzuhur": "12:36", "ashr": "15:59", "magrib": "18:34", "isya": "19:47"}, {"tanggal": "2021-07-30", "imsyak": "05:06", "shubuh": "05:16", "terbit": "06:33", "dhuha": "06:57", "dzuhur": "12:36", "ashr": "15:59", "magrib": "18:34", "isya": "19:47"}, {"tanggal": "2021-07-31", "imsyak": "05:06", "shubuh": "05:16", "terbit": "06:33", "dhuha": "06:57", "dzuhur": "12:36", "ashr": "15:59", "magrib": "18:34", "isya": "19:47"}]