[{"tanggal": "2021-08-01", "imsyak": "05:06", "shubuh": "05:16", "terbit": "06:33", "dhuha": "06:57", "dzuhur": "12:36", "ashr": "15:59", "magrib": "18:34", "isya": "19:47"}, {"tanggal": "2021-08-02", "imsyak": "05:06", "shubuh": "05:16", "terbit": "06:33", "dhuha": "06:57", "dzuhur": "12:36", "ashr": "15:58", "magrib": "18:34", "isya": "19:47"}, {"tanggal": "2021-08-03", "imsyak": "05:06", "shubuh": "05:16", "terbit": "06:33", "dhuha": "06:57", "dzuhur": "12:36", "ashr": "15:58", "magrib": "18:34", "isya": "19:47"}, {"tanggal": "2021-08-04", "imsyak": "05:06", "shubuh": "05:16", "terbit": "06:33", "dhuha": "06:57", "dzuhur": "12:36", "ashr": "15:58", "magrib": "18:34", "isya": "19:46"}, {"tanggal": "2021-08-05", "imsyak": "05:06", "shubuh": "05:16", "terbit": "06:33", "dhuha": "06:57", "dzuhur": "12:36", "ashr": "15:58", "magrib": "18:34", "isya": "19:46"}, {"tanggal": "2021-08-06", "imsyak": "05:06", "shubuh": "05:16", "terbit": "06:33", "dhuha": "06:57", "dzuhur": "12:35", "ashr": "15:58", "magrib": "18:34", "isya": "19:46"}, {"tanggal": "2021-08-07", "imsyak": "05:06", "shubuh": "05:16", "terbit": "06:32", "dhuha": "06:56", "dzuhur": "12:35", "ashr": "15:58", "magrib": "18:34", "isya": "19:46"}, {"tanggal": "2021-08-08", "imsyak": "05:06", "shubuh": "05:16", "terbit": "06:32", "dhuha": "06:56", "dzuhur": "12:35", "ashr": "15:57", "magrib": "18:34", "isya": "19:46"}, {"tanggal": "2021-08-09", "imsyak": "05:06", "shubuh": "05:16", "terbit": "06:32", "dhuha": "06:56", "dzuhur": "12:35", "ashr": "15:57", "magrib": "18:34", "isya": "19:46"}, {"tanggal": "2021-08-10", "imsyak": "05:06", "shubuh": "05:16", "terbit": "06:32", "dhuha": "06:56", "dzuhur": "12:35", "ashr": "15:57", "magrib": "18:34", "isya": "19:46"}, {"tanggal": "2021-08-11", "imsyak": "05:06", "shubuh": "05:16", "terbit": "06:32", "dhuha": "06:56", "dzuhur": "12:35", "ashr": "15:56", "magrib": "18:34", "isya": "19:45"}, {"tanggal": "2021-08-12", "imsyak": "05:06", "shubuh": "05:16", "terbit": "06:31", "dhuha": "06:55", "dzuhur": "12:35", "ashr": "15:56", "magrib": "18:34", "isya": "19:45"}, {"tanggal": "2021-08-13", "imsyak": "05:06", "shubuh": "05:16", "terbit": "06:31", "dhuha": "06:55", "dzuhur": "12:35", "ashr": "15:56", "magrib": "18:34", "isya": "19:45"}, {"tanggal": "2021-08-14", "imsyak": "05:06", "shubuh": "05:16", "terbit": "06:31", "dhuha": "06:55", "dzuhur": "12:34", "ashr": "15:56", "magrib": "18:34", "isya": "19:45"}, {"tanggal": "2021-08-15", "imsyak": "05:05", "shubuh": "05:15", "terbit": "06:31", "dhuha": "06:55", "dzuhur": "12:34", "ashr": "15:55", "magrib": "18:34", "isya": "19:45"}, {"tanggal": "2021-08-16", "imsyak": "05:05", "shubuh": "05:15", "terbit": "06:30", "dhuha": "06:54", "dzuhur": "12:34", "ashr": "15:55", "magrib": "18:34", "isya": "19:44"}, {"tanggal": "2021-08-17", "imsyak": "05:05", "shubuh": "05:15", "terbit": "06:30", "dhuha": "06:54", "dzuhur": "12:34", "ashr": "15:54", "magrib": "18:34", "isya": "19:44"}, {"tanggal": "2021-08-18", "imsyak": "05:05", "shubuh": "05:15", "terbit": "06:30", "dhuha": "06:54", "dzuhur": "12:34", "ashr": "15:54", "magrib": "18:33", "isya": "19:44"}, {"tanggal": "2021-08-19", "imsyak": "05:05", "shubuh": "05:15", "terbit": "06:29", "dhuha": "06:53", "dzuhur": "12:33", "ashr": "15:54", "magrib": "18:33", "isya": "19:44"}, {"tanggal": "2021-08-20", "imsyak": "05:04", "shubuh": "05:14", "terbit": "06:29", "dhuha": "06:53", "dzuhur": "12:33", "ashr": "15:53", "magrib": "18:33", "isya": "19:44"}, {"tanggal": "2021-08-21", "imsyak": "05:04", "shubuh": "05:14", "terbit": "06:29", "dhuha": "06:53", "dzuhur": "12:33", "ashr": "15:53", "magrib": "18:33", "isya": "19:43"}, {"tanggal": "2021-08-22", "imsyak": "05:04", "shubuh": "05:14", "terbit": "06:28", "dhuha": "06:52", "dzuhur": "12:33", "ashr": "15:52", "magrib": "18:33", "isya": "19:43"}, {"tanggal": "2021-08-23", "imsyak": "05:04", "shubuh": "05:14", "terbit": "06:28", "dhuha": "06:52", "dzuhur": "12:32", "ashr": "15:52", "magrib": "18:33", "isya": "19:43"}, {"tanggal": "2021-08-24", "imsyak": "05:04", "shubuh": "05:14", "terbit": "06:28", "dhuha": "06:52", "dzuhur": "12:32", "ashr": "15:51", "magrib": "18:32", "isya": "19:43"}, {"tanggal": "2021-08-25", "imsyak": "05:03", "shubuh": "05:13", "terbit": "06:27", "dhuha": "06:51", "dzuhur": "12:32", "ashr": "15:51", "magrib": "18:32", "isya": "19:42"}, {"tanggal": "2021-08-26", "imsyak": "05:03", "shubuh": "05:13", "terbit": "06:27", "dhuha": "06:51", "dzuhur": "12:32", "ashr": "15:50", "magrib": "18:32", "isya": "19:42"}, {"tanggal": "2021-08-27", "imsyak": "05:03", "shubuh": "05:13", "terbit": "06:27", "dhuha": "06:51", "dzuhur": "12:31", "ashr": "15:50", "magrib": "18:32", "isya": "19:42"}, {"tanggal": "2021-08-28", "imsyak": "05:02", "shubuh": "05:12", "terbit": "06:26", "dhuha": "06:50", "dzuhur": "12:31", "ashr": "15:49", "magrib": "18:32", "isya": "19:42"}, {"tanggal": "2021-08-29", "imsyak": "05:02", "shubuh": "05:12", "terbit": "06:26", "dhuha": "06:50", "dzuhur": "12:31", "ashr": "15:49", "magrib": "18:32", "isya": "19:41"}, {"tanggal": "2021-08-30", "imsyak": "05:02", "shubuh": "05:12", "terbit": "06:26", "dhuha": "06:50", "dzuhur": "12:30", "ashr": "15:48", "magrib": "18:31", "isya": "19:41"}, {"tanggal": "2021-08-31", "imsyak": "05:02", "shubuh": "05:12", "terbit": "06:25", "dhuha": "06:49", "dzuhur": "12:30", "ashr": "15:47", "magrib": "18:31", "isya": "19:41"}]