[{"tanggal": "2021-12-01", "imsyak": "04:35", "shubuh": "04:45", "terbit": "06:04", "dhuha": "06:28", "dzuhur": "12:18", "ashr": "15:44", "magrib": "18:28", "isya": "19:42"}, {"tanggal": "2021-12-02", "imsyak": "04:35", "shubuh": "04:45", "terbit": "06:05", "dhuha": "06:29", "dzuhur": "12:18", "ashr": "15:44", "magrib": "18:28", "isya": "19:43"}, {"tanggal": "2021-12-03", "imsyak": "04:35", "shubuh": "04:45", "terbit": "06:05", "dhuha": "06:29", "dzuhur": "12:19", "ashr": "15:45", "magrib": "18:28", "isya": "19:43"}, {"tanggal": "2021-12-04", "imsyak": "04:36", "shubuh": "04:46", "terbit": "06:05", "dhuha": "06:29", "dzuhur": "12:19", "ashr": "15:45", "magrib": "18:29", "isya": "19:44"}, {"tanggal": "2021-12-05", "imsyak": "04:36", "shubuh": "04:46", "terbit": "06:06", "dhuha": "06:30", "dzuhur": "12:20", "ashr": "15:46", "magrib": "18:29", "isya": "19:44"}, {"tanggal": "2021-12-06", "imsyak": "04:36", "shubuh": "04:46", "terbit": "06:06", "dhuha": "06:30", "dzuhur": "12:20", "ashr": "15:46", "magrib": "18:30", "isya": "19:45"}, {"tanggal": "2021-12-07", "imsyak": "04:36", "shubuh": "04:46", "terbit": "06:06", "dhuha": "06:30", "dzuhur": "12:20", "ashr": "15:47", "magrib": "18:30", "isya": "19:45"}, {"tanggal": "2021-12-08", "imsyak": "04:37", "shubuh": "04:47", "terbit": "06:07", "dhuha": "06:31", "dzuhur": "12:21", "ashr": "15:47", "magrib": "18:31", "isya": "19:46"}, {"tanggal": "2021-12-09", "imsyak": "04:37", "shubuh": "04:47", "terbit": "06:07", "dhuha": "06:31", "dzuhur": "12:21", "ashr": "15:48", "magrib": "18:31", "isya": "19:46"}, {"tanggal": "2021-12-10", "imsyak": "04:37", "shubuh": "04:47", "terbit": "06:08", "dhuha": "06:32", "dzuhur": "12:22", "ashr": "15:48", "magrib": "18:32", "isya": "19:47"}, {"tanggal": "2021-12-11", "imsyak": "04:38", "shubuh": "04:48", "terbit": "06:08", "dhuha": "06:32", "dzuhur": "12:22", "ashr": "15:49", "magrib": "18:32", "isya": "19:48"}, {"tanggal": "2021-12-12", "imsyak": "04:38", "shubuh": "04:48", "terbit": "06:09", "dhuha": "06:33", "dzuhur": "12:23", "ashr": "15:49", "magrib": "18:33", "isya": "19:48"}, {"tanggal": "2021-12-13", "imsyak": "04:39", "shubuh": "04:49", "terbit": "06:09", "dhuha": "06:33", "dzuhur": "12:23", "ashr": "15:50", "magrib": "18:33", "isya": "19:49"}, {"tanggal": "2021-12-14", "imsyak": "04:39", "shubuh": "04:49", "terbit": "06:09", "dhuha": "06:33", "dzuhur": "12:23", "ashr": "15:50", "magrib": "18:34", "isya": "19:49"}, {"tanggal": "2021-12-15", "imsyak": "04:39", "shubuh": "04:49", "terbit": "06:10", "dhuha": "06:34", "dzuhur": "12:24", "ashr": "15:51", "magrib": "18:34", "isya": "19:50"}, {"tanggal": "2021-12-16", "imsyak": "04:40", "shubuh": "04:50", "terbit": "06:10", "dhuha": "06:34", "dzuhur": "12:24", "ashr": "15:51", "magrib": "18:35", "isya": "19:50"}, {"tanggal": "2021-12-17", "imsyak": "04:40", "shubuh": "04:50", "terbit": "06:11", "dhuha": "06:35", "dzuhur": "12:25", "ashr": "15:52", "magrib": "18:35", "isya": "19:51"}, {"tanggal": "2021-12-18", "imsyak": "04:41", "shubuh": "04:51", "terbit": "06:11", "dhuha": "06:35", "dzuhur": "12:25", "ashr": "15:52", "magrib": "18:36", "isya": "19:51"}, {"tanggal": "2021-12-19", "imsyak": "04:41", "shubuh": "04:51", "terbit": "06:12", "dhuha": "06:36", "dzuhur": "12:26", "ashr": "15:53", "magrib": "18:36", "isya": "19:52"}, {"tanggal": "2021-12-20", "imsyak": "04:42", "shubuh": "04:52", "terbit": "06:12", "dhuha": "06:36", "dzuhur": "12:26", "ashr": "15:53", "magrib": "18:37", "isya": "19:52"}, {"tanggal": "2021-12-21", "imsyak": "04:42", "shubuh": "04:52", "terbit": "06:13", "dhuha": "06:37", "dzuhur": "12:27", "ashr": "15:54", "magrib": "18:37", "isya": "19:53"}, {"tanggal": "2021-12-22", "imsyak": "04:43", "shubuh": "04:53", "terbit": "06:13", "dhuha": "06:37", "dzuhur": "12:27", "ashr": "15:54", "magrib": "18:38", "isya": "19:53"}, {"tanggal": "2021-12-23", "imsyak": "04:43", "shubuh": "04:53", "terbit": "06:14", "dhuha": "06:38", "dzuhur": "12:28", "ashr": "15:55", "magrib": "18:38", "isya": "19:54"}, {"tanggal": "2021-12-24", "imsyak": "04:43", "shubuh": "04:53", "terbit": "06:14", "dhuha": "06:38", "dzuhur": "12:28", "ashr": "15:55", "magrib": "18:39", "isya": "19:54"}, {"tanggal": "2021-12-25", "imsyak": "04:44", "shubuh": "04:54", "terbit": "06:15", "dhuha": "06:39", "dzuhur": "12:29", "ashr": "15:56", "magrib": "18:39", "isya": "19:55"}, {"tanggal": "2021-12-26", "imsyak": "04:45", "shubuh": "04:55", "terbit": "06:15", "dhuha": "06:39", "dzuhur": "12:29", "ashr": "15:56", "magrib": "18:40", "isya": "19:55"}, {"tanggal": "2021-12-27", "imsyak": "04:45", "shubuh": "04:55", "terbit": "06:16", "dhuha": "06:40", "dzuhur": "12:30", "ashr": "15:57", "magrib": "18:40", "isya": "19:56"}, {"tanggal": "2021-12-28", "imsyak": "04:46", "shubuh": "04:56", "terbit": "06:16", "dhuha": "06:40", "dzuhur": "12:30", "ashr": "15:57", "magrib": "18:40", "isya": "19:56"}, {"tanggal": "2021-12-29", "imsyak": "04:46", "shubuh": "04:56", "terbit": "06:17", "dhuha": "06:41", "dzuhur": "12:31", "ashr": "15:58", "magrib": "18:41", "isya": "19:57"}, {"tanggal": "2021-12-30", "imsyak": "04:47", "shubuh": "04:57", "terbit": "06:17", "dhuha": "06:41", "dzuhur": "12:31", "ashr": "15:58", "magrib": "18:41", "isya": "19:57"}, {"tanggal": "2021-12-31", "imsyak": "04:47", "shubuh": "04:57", "terbit": "06:18", "dhuha": "06:42", "dzuhur": "12:32", "ashr": "15:59", "magrib": "18:42", "isya": "19:57"}]