[{"imsyak": "04:32", "shubuh": "04:42", "dzuhur": "12:02", "tanggal": "2019-11-01", "terbit": "05:57", "magrib": "18:04", "isya": "19:14", "dhuha": "06:21", "ashr": "15:23"}, {"imsyak": "04:32", "shubuh": "04:42", "dzuhur": "12:02", "tanggal": "2019-11-02", "terbit": "05:57", "magrib": "18:03", "isya": "19:14", "dhuha": "06:21", "ashr": "15:23"}, {"imsyak": "04:32", "shubuh": "04:42", "dzuhur": "12:02", "tanggal": "2019-11-03", "terbit": "05:57", "magrib": "18:03", "isya": "19:14", "dhuha": "06:21", "ashr": "15:23"}, {"imsyak": "04:32", "shubuh": "04:42", "dzuhur": "12:02", "tanggal": "2019-11-04", "terbit": "05:57", "magrib": "18:03", "isya": "19:14", "dhuha": "06:21", "ashr": "15:23"}, {"imsyak": "04:32", "shubuh": "04:42", "dzuhur": "12:02", "tanggal": "2019-11-05", "terbit": "05:57", "magrib": "18:03", "isya": "19:15", "dhuha": "06:21", "ashr": "15:24"}, {"imsyak": "04:32", "shubuh": "04:42", "dzuhur": "12:02", "tanggal": "2019-11-06", "terbit": "05:57", "magrib": "18:03", "isya": "19:15", "dhuha": "06:21", "ashr": "15:24"}, {"imsyak": "04:32", "shubuh": "04:42", "dzuhur": "12:02", "tanggal": "2019-11-07", "terbit": "05:57", "magrib": "18:03", "isya": "19:15", "dhuha": "06:21", "ashr": "15:24"}, {"imsyak": "04:32", "shubuh": "04:42", "dzuhur": "12:02", "tanggal": "2019-11-08", "terbit": "05:57", "magrib": "18:03", "isya": "19:15", "dhuha": "06:21", "ashr": "15:24"}, {"imsyak": "04:32", "shubuh": "04:42", "dzuhur": "12:02", "tanggal": "2019-11-09", "terbit": "05:58", "magrib": "18:03", "isya": "19:15", "dhuha": "06:22", "ashr": "15:24"}, {"imsyak": "04:32", "shubuh": "04:42", "dzuhur": "12:02", "tanggal": "2019-11-10", "terbit": "05:58", "magrib": "18:03", "isya": "19:15", "dhuha": "06:22", "ashr": "15:25"}, {"imsyak": "04:32", "shubuh": "04:42", "dzuhur": "12:03", "tanggal": "2019-11-11", "terbit": "05:58", "magrib": "18:03", "isya": "19:15", "dhuha": "06:22", "ashr": "15:25"}, {"imsyak": "04:32", "shubuh": "04:42", "dzuhur": "12:03", "tanggal": "2019-11-12", "terbit": "05:58", "magrib": "18:03", "isya": "19:15", "dhuha": "06:22", "ashr": "15:25"}, {"imsyak": "04:32", "shubuh": "04:42", "dzuhur": "12:03", "tanggal": "2019-11-13", "terbit": "05:58", "magrib": "18:04", "isya": "19:16", "dhuha": "06:22", "ashr": "15:25"}, {"imsyak": "04:32", "shubuh": "04:42", "dzuhur": "12:03", "tanggal": "2019-11-14", "terbit": "05:58", "magrib": "18:04", "isya": "19:16", "dhuha": "06:22", "ashr": "15:26"}, {"imsyak": "04:32", "shubuh": "04:42", "dzuhur": "12:03", "tanggal": "2019-11-15", "terbit": "05:58", "magrib": "18:04", "isya": "19:16", "dhuha": "06:22", "ashr": "15:26"}, {"imsyak": "04:32", "shubuh": "04:42", "dzuhur": "12:03", "tanggal": "2019-11-16", "terbit": "05:59", "magrib": "18:04", "isya": "19:16", "dhuha": "06:23", "ashr": "15:26"}, {"imsyak": "04:32", "shubuh": "04:42", "dzuhur": "12:03", "tanggal": "2019-11-17", "terbit": "05:59", "magrib": "18:04", "isya": "19:17", "dhuha": "06:23", "ashr": "15:27"}, {"imsyak": "04:32", "shubuh": "04:42", "dzuhur": "12:04", "tanggal": "2019-11-18", "terbit": "05:59", "magrib": "18:04", "isya": "19:17", "dhuha": "06:23", "ashr": "15:27"}, {"imsyak": "04:32", "shubuh": "04:42", "dzuhur": "12:04", "tanggal": "2019-11-19", "terbit": "05:59", "magrib": "18:04", "isya": "19:17", "dhuha": "06:23", "ashr": "15:27"}, {"imsyak": "04:32", "shubuh": "04:42", "dzuhur": "12:04", "tanggal": "2019-11-20", "terbit": "06:00", "magrib": "18:05", "isya": "19:17", "dhuha": "06:24", "ashr": "15:27"}, {"imsyak": "04:32", "shubuh": "04:42", "dzuhur": "12:04", "tanggal": "2019-11-21", "terbit": "06:00", "magrib": "18:05", "isya": "19:18", "dhuha": "06:24", "ashr": "15:28"}, {"imsyak": "04:32", "shubuh": "04:42", "dzuhur": "12:05", "tanggal": "2019-11-22", "terbit": "06:00", "magrib": "18:05", "isya": "19:18", "dhuha": "06:24", "ashr": "15:28"}, {"imsyak": "04:33", "shubuh": "04:43", "dzuhur": "12:05", "tanggal": "2019-11-23", "terbit": "06:00", "magrib": "18:05", "isya": "19:18", "dhuha": "06:24", "ashr": "15:28"}, {"imsyak": "04:33", "shubuh": "04:43", "dzuhur": "12:05", "tanggal": "2019-11-24", "terbit": "06:01", "magrib": "18:05", "isya": "19:19", "dhuha": "06:25", "ashr": "15:29"}, {"imsyak": "04:33", "shubuh": "04:43", "dzuhur": "12:05", "tanggal": "2019-11-25", "terbit": "06:01", "magrib": "18:06", "isya": "19:19", "dhuha": "06:25", "ashr": "15:29"}, {"imsyak": "04:33", "shubuh": "04:43", "dzuhur": "12:06", "tanggal": "2019-11-26", "terbit": "06:01", "magrib": "18:06", "isya": "19:19", "dhuha": "06:25", "ashr": "15:29"}, {"imsyak": "04:33", "shubuh": "04:43", "dzuhur": "12:06", "tanggal": "2019-11-27", "terbit": "06:02", "magrib": "18:06", "isya": "19:20", "dhuha": "06:26", "ashr": "15:30"}, {"imsyak": "04:34", "shubuh": "04:44", "dzuhur": "12:06", "tanggal": "2019-11-28", "terbit": "06:02", "magrib": "18:06", "isya": "19:20", "dhuha": "06:26", "ashr": "15:30"}, {"imsyak": "04:34", "shubuh": "04:44", "dzuhur": "12:07", "tanggal": "2019-11-29", "terbit": "06:02", "magrib": "18:07", "isya": "19:21", "dhuha": "06:26", "ashr": "15:31"}, {"imsyak": "04:34", "shubuh": "04:44", "dzuhur": "12:07", "tanggal": "2019-11-30", "terbit": "06:03", "magrib": "18:07", "isya": "19:21", "dhuha": "06:27", "ashr": "15:31"}]