[{"imsyak": "04:35", "shubuh": "04:45", "dzuhur": "12:07", "tanggal": "2019-12-01", "terbit": "06:03", "magrib": "18:07", "isya": "19:21", "dhuha": "06:27", "ashr": "15:31"}, {"imsyak": "04:35", "shubuh": "04:45", "dzuhur": "12:08", "tanggal": "2019-12-02", "terbit": "06:03", "magrib": "18:08", "isya": "19:22", "dhuha": "06:27", "ashr": "15:32"}, {"imsyak": "04:35", "shubuh": "04:45", "dzuhur": "12:08", "tanggal": "2019-12-03", "terbit": "06:04", "magrib": "18:08", "isya": "19:22", "dhuha": "06:28", "ashr": "15:32"}, {"imsyak": "04:35", "shubuh": "04:45", "dzuhur": "12:08", "tanggal": "2019-12-04", "terbit": "06:04", "magrib": "18:09", "isya": "19:23", "dhuha": "06:28", "ashr": "15:33"}, {"imsyak": "04:36", "shubuh": "04:46", "dzuhur": "12:09", "tanggal": "2019-12-05", "terbit": "06:05", "magrib": "18:09", "isya": "19:23", "dhuha": "06:29", "ashr": "15:33"}, {"imsyak": "04:36", "shubuh": "04:46", "dzuhur": "12:09", "tanggal": "2019-12-06", "terbit": "06:05", "magrib": "18:09", "isya": "19:24", "dhuha": "06:29", "ashr": "15:34"}, {"imsyak": "04:36", "shubuh": "04:46", "dzuhur": "12:10", "tanggal": "2019-12-07", "terbit": "06:06", "magrib": "18:10", "isya": "19:24", "dhuha": "06:30", "ashr": "15:34"}, {"imsyak": "04:37", "shubuh": "04:47", "dzuhur": "12:10", "tanggal": "2019-12-08", "terbit": "06:06", "magrib": "18:10", "isya": "19:25", "dhuha": "06:30", "ashr": "15:35"}, {"imsyak": "04:37", "shubuh": "04:47", "dzuhur": "12:10", "tanggal": "2019-12-09", "terbit": "06:06", "magrib": "18:11", "isya": "19:25", "dhuha": "06:30", "ashr": "15:35"}, {"imsyak": "04:38", "shubuh": "04:48", "dzuhur": "12:11", "tanggal": "2019-12-10", "terbit": "06:07", "magrib": "18:11", "isya": "19:26", "dhuha": "06:31", "ashr": "15:35"}, {"imsyak": "04:38", "shubuh": "04:48", "dzuhur": "12:11", "tanggal": "2019-12-11", "terbit": "06:07", "magrib": "18:11", "isya": "19:26", "dhuha": "06:31", "ashr": "15:36"}, {"imsyak": "04:38", "shubuh": "04:48", "dzuhur": "12:12", "tanggal": "2019-12-12", "terbit": "06:08", "magrib": "18:12", "isya": "19:27", "dhuha": "06:32", "ashr": "15:36"}, {"imsyak": "04:39", "shubuh": "04:49", "dzuhur": "12:12", "tanggal": "2019-12-13", "terbit": "06:08", "magrib": "18:12", "isya": "19:27", "dhuha": "06:32", "ashr": "15:37"}, {"imsyak": "04:39", "shubuh": "04:49", "dzuhur": "12:13", "tanggal": "2019-12-14", "terbit": "06:09", "magrib": "18:13", "isya": "19:28", "dhuha": "06:33", "ashr": "15:37"}, {"imsyak": "04:40", "shubuh": "04:50", "dzuhur": "12:13", "tanggal": "2019-12-15", "terbit": "06:09", "magrib": "18:13", "isya": "19:28", "dhuha": "06:33", "ashr": "15:38"}, {"imsyak": "04:40", "shubuh": "04:50", "dzuhur": "12:14", "tanggal": "2019-12-16", "terbit": "06:10", "magrib": "18:14", "isya": "19:29", "dhuha": "06:34", "ashr": "15:38"}, {"imsyak": "04:41", "shubuh": "04:51", "dzuhur": "12:14", "tanggal": "2019-12-17", "terbit": "06:10", "magrib": "18:14", "isya": "19:29", "dhuha": "06:34", "ashr": "15:39"}, {"imsyak": "04:41", "shubuh": "04:51", "dzuhur": "12:15", "tanggal": "2019-12-18", "terbit": "06:11", "magrib": "18:15", "isya": "19:30", "dhuha": "06:35", "ashr": "15:39"}, {"imsyak": "04:42", "shubuh": "04:52", "dzuhur": "12:15", "tanggal": "2019-12-19", "terbit": "06:11", "magrib": "18:15", "isya": "19:30", "dhuha": "06:35", "ashr": "15:40"}, {"imsyak": "04:42", "shubuh": "04:52", "dzuhur": "12:16", "tanggal": "2019-12-20", "terbit": "06:12", "magrib": "18:16", "isya": "19:31", "dhuha": "06:36", "ashr": "15:40"}, {"imsyak": "04:43", "shubuh": "04:53", "dzuhur": "12:16", "tanggal": "2019-12-21", "terbit": "06:12", "magrib": "18:16", "isya": "19:31", "dhuha": "06:36", "ashr": "15:41"}, {"imsyak": "04:43", "shubuh": "04:53", "dzuhur": "12:17", "tanggal": "2019-12-22", "terbit": "06:13", "magrib": "18:17", "isya": "19:32", "dhuha": "06:37", "ashr": "15:41"}, {"imsyak": "04:43", "shubuh": "04:53", "dzuhur": "12:17", "tanggal": "2019-12-23", "terbit": "06:13", "magrib": "18:17", "isya": "19:32", "dhuha": "06:37", "ashr": "15:42"}, {"imsyak": "04:44", "shubuh": "04:54", "dzuhur": "12:18", "tanggal": "2019-12-24", "terbit": "06:14", "magrib": "18:18", "isya": "19:33", "dhuha": "06:38", "ashr": "15:42"}, {"imsyak": "04:45", "shubuh": "04:55", "dzuhur": "12:18", "tanggal": "2019-12-25", "terbit": "06:14", "magrib": "18:18", "isya": "19:33", "dhuha": "06:38", "ashr": "15:43"}, {"imsyak": "04:45", "shubuh": "04:55", "dzuhur": "12:19", "tanggal": "2019-12-26", "terbit": "06:15", "magrib": "18:19", "isya": "19:34", "dhuha": "06:39", "ashr": "15:43"}, {"imsyak": "04:46", "shubuh": "04:56", "dzuhur": "12:19", "tanggal": "2019-12-27", "terbit": "06:15", "magrib": "18:19", "isya": "19:34", "dhuha": "06:39", "ashr": "15:44"}, {"imsyak": "04:46", "shubuh": "04:56", "dzuhur": "12:20", "tanggal": "2019-12-28", "terbit": "06:16", "magrib": "18:20", "isya": "19:34", "dhuha": "06:40", "ashr": "15:44"}, {"imsyak": "04:47", "shubuh": "04:57", "dzuhur": "12:20", "tanggal": "2019-12-29", "terbit": "06:16", "magrib": "18:20", "isya": "19:35", "dhuha": "06:40", "ashr": "15:45"}, {"imsyak": "04:47", "shubuh": "04:57", "dzuhur": "12:21", "tanggal": "2019-12-30", "terbit": "06:17", "magrib": "18:21", "isya": "19:35", "dhuha": "06:41", "ashr": "15:45"}, {"imsyak": "04:48", "shubuh": "04:58", "dzuhur": "12:21", "tanggal": "2019-12-31", "terbit": "06:17", "magrib": "18:21", "isya": "19:36", "dhuha": "06:41", "ashr": "15:46"}]