[{"imsyak": "04:36", "shubuh": "04:46", "dzuhur": "12:13", "tanggal": "2019-11-01", "terbit": "06:02", "magrib": "18:20", "isya": "19:32", "dhuha": "06:26", "ashr": "15:31"}, {"imsyak": "04:36", "shubuh": "04:46", "dzuhur": "12:13", "tanggal": "2019-11-02", "terbit": "06:02", "magrib": "18:20", "isya": "19:32", "dhuha": "06:26", "ashr": "15:31"}, {"imsyak": "04:36", "shubuh": "04:46", "dzuhur": "12:13", "tanggal": "2019-11-03", "terbit": "06:02", "magrib": "18:20", "isya": "19:32", "dhuha": "06:26", "ashr": "15:31"}, {"imsyak": "04:36", "shubuh": "04:46", "dzuhur": "12:13", "tanggal": "2019-11-04", "terbit": "06:02", "magrib": "18:20", "isya": "19:32", "dhuha": "06:26", "ashr": "15:32"}, {"imsyak": "04:35", "shubuh": "04:45", "dzuhur": "12:13", "tanggal": "2019-11-05", "terbit": "06:01", "magrib": "18:21", "isya": "19:32", "dhuha": "06:25", "ashr": "15:32"}, {"imsyak": "04:35", "shubuh": "04:45", "dzuhur": "12:13", "tanggal": "2019-11-06", "terbit": "06:01", "magrib": "18:21", "isya": "19:33", "dhuha": "06:25", "ashr": "15:33"}, {"imsyak": "04:35", "shubuh": "04:45", "dzuhur": "12:13", "tanggal": "2019-11-07", "terbit": "06:01", "magrib": "18:21", "isya": "19:33", "dhuha": "06:25", "ashr": "15:33"}, {"imsyak": "04:35", "shubuh": "04:45", "dzuhur": "12:13", "tanggal": "2019-11-08", "terbit": "06:01", "magrib": "18:21", "isya": "19:33", "dhuha": "06:25", "ashr": "15:33"}, {"imsyak": "04:35", "shubuh": "04:45", "dzuhur": "12:13", "tanggal": "2019-11-09", "terbit": "06:01", "magrib": "18:21", "isya": "19:33", "dhuha": "06:25", "ashr": "15:34"}, {"imsyak": "04:34", "shubuh": "04:44", "dzuhur": "12:13", "tanggal": "2019-11-10", "terbit": "06:01", "magrib": "18:21", "isya": "19:34", "dhuha": "06:25", "ashr": "15:34"}, {"imsyak": "04:34", "shubuh": "04:44", "dzuhur": "12:13", "tanggal": "2019-11-11", "terbit": "06:01", "magrib": "18:21", "isya": "19:34", "dhuha": "06:25", "ashr": "15:35"}, {"imsyak": "04:34", "shubuh": "04:44", "dzuhur": "12:13", "tanggal": "2019-11-12", "terbit": "06:01", "magrib": "18:22", "isya": "19:34", "dhuha": "06:25", "ashr": "15:35"}, {"imsyak": "04:34", "shubuh": "04:44", "dzuhur": "12:14", "tanggal": "2019-11-13", "terbit": "06:01", "magrib": "18:22", "isya": "19:35", "dhuha": "06:25", "ashr": "15:35"}, {"imsyak": "04:34", "shubuh": "04:44", "dzuhur": "12:14", "tanggal": "2019-11-14", "terbit": "06:01", "magrib": "18:22", "isya": "19:35", "dhuha": "06:25", "ashr": "15:36"}, {"imsyak": "04:34", "shubuh": "04:44", "dzuhur": "12:14", "tanggal": "2019-11-15", "terbit": "06:01", "magrib": "18:22", "isya": "19:35", "dhuha": "06:25", "ashr": "15:36"}, {"imsyak": "04:34", "shubuh": "04:44", "dzuhur": "12:14", "tanggal": "2019-11-16", "terbit": "06:01", "magrib": "18:23", "isya": "19:36", "dhuha": "06:25", "ashr": "15:37"}, {"imsyak": "04:34", "shubuh": "04:44", "dzuhur": "12:14", "tanggal": "2019-11-17", "terbit": "06:02", "magrib": "18:23", "isya": "19:36", "dhuha": "06:26", "ashr": "15:37"}, {"imsyak": "04:34", "shubuh": "04:44", "dzuhur": "12:14", "tanggal": "2019-11-18", "terbit": "06:02", "magrib": "18:23", "isya": "19:36", "dhuha": "06:26", "ashr": "15:37"}, {"imsyak": "04:34", "shubuh": "04:44", "dzuhur": "12:15", "tanggal": "2019-11-19", "terbit": "06:02", "magrib": "18:23", "isya": "19:37", "dhuha": "06:26", "ashr": "15:38"}, {"imsyak": "04:34", "shubuh": "04:44", "dzuhur": "12:15", "tanggal": "2019-11-20", "terbit": "06:02", "magrib": "18:24", "isya": "19:37", "dhuha": "06:26", "ashr": "15:38"}, {"imsyak": "04:34", "shubuh": "04:44", "dzuhur": "12:15", "tanggal": "2019-11-21", "terbit": "06:02", "magrib": "18:24", "isya": "19:38", "dhuha": "06:26", "ashr": "15:39"}, {"imsyak": "04:34", "shubuh": "04:44", "dzuhur": "12:15", "tanggal": "2019-11-22", "terbit": "06:02", "magrib": "18:24", "isya": "19:38", "dhuha": "06:26", "ashr": "15:39"}, {"imsyak": "04:34", "shubuh": "04:44", "dzuhur": "12:15", "tanggal": "2019-11-23", "terbit": "06:02", "magrib": "18:25", "isya": "19:38", "dhuha": "06:26", "ashr": "15:40"}, {"imsyak": "04:34", "shubuh": "04:44", "dzuhur": "12:16", "tanggal": "2019-11-24", "terbit": "06:03", "magrib": "18:25", "isya": "19:39", "dhuha": "06:27", "ashr": "15:40"}, {"imsyak": "04:34", "shubuh": "04:44", "dzuhur": "12:16", "tanggal": "2019-11-25", "terbit": "06:03", "magrib": "18:25", "isya": "19:39", "dhuha": "06:27", "ashr": "15:41"}, {"imsyak": "04:34", "shubuh": "04:44", "dzuhur": "12:16", "tanggal": "2019-11-26", "terbit": "06:03", "magrib": "18:26", "isya": "19:40", "dhuha": "06:27", "ashr": "15:41"}, {"imsyak": "04:34", "shubuh": "04:44", "dzuhur": "12:17", "tanggal": "2019-11-27", "terbit": "06:03", "magrib": "18:26", "isya": "19:40", "dhuha": "06:27", "ashr": "15:42"}, {"imsyak": "04:34", "shubuh": "04:44", "dzuhur": "12:17", "tanggal": "2019-11-28", "terbit": "06:04", "magrib": "18:26", "isya": "19:41", "dhuha": "06:28", "ashr": "15:42"}, {"imsyak": "04:35", "shubuh": "04:45", "dzuhur": "12:17", "tanggal": "2019-11-29", "terbit": "06:04", "magrib": "18:27", "isya": "19:41", "dhuha": "06:28", "ashr": "15:43"}, {"imsyak": "04:35", "shubuh": "04:45", "dzuhur": "12:18", "tanggal": "2019-11-30", "terbit": "06:04", "magrib": "18:27", "isya": "19:42", "dhuha": "06:28", "ashr": "15:43"}]