[{"imsyak": "04:35", "shubuh": "04:45", "dzuhur": "12:18", "tanggal": "2019-12-01", "terbit": "06:04", "magrib": "18:28", "isya": "19:42", "dhuha": "06:28", "ashr": "15:44"}, {"imsyak": "04:35", "shubuh": "04:45", "dzuhur": "12:18", "tanggal": "2019-12-02", "terbit": "06:05", "magrib": "18:28", "isya": "19:43", "dhuha": "06:29", "ashr": "15:44"}, {"imsyak": "04:35", "shubuh": "04:45", "dzuhur": "12:19", "tanggal": "2019-12-03", "terbit": "06:05", "magrib": "18:28", "isya": "19:43", "dhuha": "06:29", "ashr": "15:45"}, {"imsyak": "04:36", "shubuh": "04:46", "dzuhur": "12:19", "tanggal": "2019-12-04", "terbit": "06:05", "magrib": "18:29", "isya": "19:44", "dhuha": "06:29", "ashr": "15:45"}, {"imsyak": "04:36", "shubuh": "04:46", "dzuhur": "12:20", "tanggal": "2019-12-05", "terbit": "06:06", "magrib": "18:29", "isya": "19:44", "dhuha": "06:30", "ashr": "15:46"}, {"imsyak": "04:36", "shubuh": "04:46", "dzuhur": "12:20", "tanggal": "2019-12-06", "terbit": "06:06", "magrib": "18:30", "isya": "19:45", "dhuha": "06:30", "ashr": "15:46"}, {"imsyak": "04:37", "shubuh": "04:47", "dzuhur": "12:20", "tanggal": "2019-12-07", "terbit": "06:06", "magrib": "18:30", "isya": "19:45", "dhuha": "06:30", "ashr": "15:47"}, {"imsyak": "04:37", "shubuh": "04:47", "dzuhur": "12:21", "tanggal": "2019-12-08", "terbit": "06:07", "magrib": "18:31", "isya": "19:46", "dhuha": "06:31", "ashr": "15:47"}, {"imsyak": "04:37", "shubuh": "04:47", "dzuhur": "12:21", "tanggal": "2019-12-09", "terbit": "06:07", "magrib": "18:31", "isya": "19:46", "dhuha": "06:31", "ashr": "15:48"}, {"imsyak": "04:37", "shubuh": "04:47", "dzuhur": "12:22", "tanggal": "2019-12-10", "terbit": "06:08", "magrib": "18:32", "isya": "19:47", "dhuha": "06:32", "ashr": "15:48"}, {"imsyak": "04:38", "shubuh": "04:48", "dzuhur": "12:22", "tanggal": "2019-12-11", "terbit": "06:08", "magrib": "18:32", "isya": "19:48", "dhuha": "06:32", "ashr": "15:49"}, {"imsyak": "04:38", "shubuh": "04:48", "dzuhur": "12:23", "tanggal": "2019-12-12", "terbit": "06:09", "magrib": "18:33", "isya": "19:48", "dhuha": "06:33", "ashr": "15:49"}, {"imsyak": "04:39", "shubuh": "04:49", "dzuhur": "12:23", "tanggal": "2019-12-13", "terbit": "06:09", "magrib": "18:33", "isya": "19:49", "dhuha": "06:33", "ashr": "15:50"}, {"imsyak": "04:39", "shubuh": "04:49", "dzuhur": "12:23", "tanggal": "2019-12-14", "terbit": "06:09", "magrib": "18:34", "isya": "19:49", "dhuha": "06:33", "ashr": "15:50"}, {"imsyak": "04:39", "shubuh": "04:49", "dzuhur": "12:24", "tanggal": "2019-12-15", "terbit": "06:10", "magrib": "18:34", "isya": "19:50", "dhuha": "06:34", "ashr": "15:51"}, {"imsyak": "04:40", "shubuh": "04:50", "dzuhur": "12:24", "tanggal": "2019-12-16", "terbit": "06:10", "magrib": "18:35", "isya": "19:50", "dhuha": "06:34", "ashr": "15:51"}, {"imsyak": "04:40", "shubuh": "04:50", "dzuhur": "12:25", "tanggal": "2019-12-17", "terbit": "06:11", "magrib": "18:35", "isya": "19:51", "dhuha": "06:35", "ashr": "15:52"}, {"imsyak": "04:41", "shubuh": "04:51", "dzuhur": "12:25", "tanggal": "2019-12-18", "terbit": "06:11", "magrib": "18:36", "isya": "19:51", "dhuha": "06:35", "ashr": "15:52"}, {"imsyak": "04:41", "shubuh": "04:51", "dzuhur": "12:26", "tanggal": "2019-12-19", "terbit": "06:12", "magrib": "18:36", "isya": "19:52", "dhuha": "06:36", "ashr": "15:53"}, {"imsyak": "04:42", "shubuh": "04:52", "dzuhur": "12:26", "tanggal": "2019-12-20", "terbit": "06:12", "magrib": "18:37", "isya": "19:52", "dhuha": "06:36", "ashr": "15:53"}, {"imsyak": "04:42", "shubuh": "04:52", "dzuhur": "12:27", "tanggal": "2019-12-21", "terbit": "06:13", "magrib": "18:37", "isya": "19:53", "dhuha": "06:37", "ashr": "15:54"}, {"imsyak": "04:43", "shubuh": "04:53", "dzuhur": "12:27", "tanggal": "2019-12-22", "terbit": "06:13", "magrib": "18:38", "isya": "19:53", "dhuha": "06:37", "ashr": "15:54"}, {"imsyak": "04:43", "shubuh": "04:53", "dzuhur": "12:28", "tanggal": "2019-12-23", "terbit": "06:14", "magrib": "18:38", "isya": "19:54", "dhuha": "06:38", "ashr": "15:55"}, {"imsyak": "04:44", "shubuh": "04:54", "dzuhur": "12:28", "tanggal": "2019-12-24", "terbit": "06:14", "magrib": "18:39", "isya": "19:54", "dhuha": "06:38", "ashr": "15:55"}, {"imsyak": "04:44", "shubuh": "04:54", "dzuhur": "12:29", "tanggal": "2019-12-25", "terbit": "06:15", "magrib": "18:39", "isya": "19:55", "dhuha": "06:39", "ashr": "15:56"}, {"imsyak": "04:45", "shubuh": "04:55", "dzuhur": "12:29", "tanggal": "2019-12-26", "terbit": "06:15", "magrib": "18:40", "isya": "19:55", "dhuha": "06:39", "ashr": "15:56"}, {"imsyak": "04:45", "shubuh": "04:55", "dzuhur": "12:30", "tanggal": "2019-12-27", "terbit": "06:16", "magrib": "18:40", "isya": "19:56", "dhuha": "06:40", "ashr": "15:57"}, {"imsyak": "04:46", "shubuh": "04:56", "dzuhur": "12:30", "tanggal": "2019-12-28", "terbit": "06:16", "magrib": "18:41", "isya": "19:56", "dhuha": "06:40", "ashr": "15:57"}, {"imsyak": "04:46", "shubuh": "04:56", "dzuhur": "12:31", "tanggal": "2019-12-29", "terbit": "06:17", "magrib": "18:41", "isya": "19:57", "dhuha": "06:41", "ashr": "15:58"}, {"imsyak": "04:47", "shubuh": "04:57", "dzuhur": "12:31", "tanggal": "2019-12-30", "terbit": "06:17", "magrib": "18:41", "isya": "19:57", "dhuha": "06:41", "ashr": "15:58"}, {"imsyak": "04:47", "shubuh": "04:57", "dzuhur": "12:32", "tanggal": "2019-12-31", "terbit": "06:18", "magrib": "18:42", "isya": "19:57", "dhuha": "06:42", "ashr": "15:59"}]