[{"imsyak": "03:59", "shubuh": "04:09", "dzuhur": "11:42", "tanggal": "2019-11-01", "terbit": "05:25", "magrib": "17:54", "isya": "19:07", "dhuha": "05:49", "ashr": "14:55"}, {"imsyak": "03:58", "shubuh": "04:08", "dzuhur": "11:42", "tanggal": "2019-11-02", "terbit": "05:25", "magrib": "17:54", "isya": "19:07", "dhuha": "05:49", "ashr": "14:55"}, {"imsyak": "03:58", "shubuh": "04:08", "dzuhur": "11:42", "tanggal": "2019-11-03", "terbit": "05:25", "magrib": "17:55", "isya": "19:07", "dhuha": "05:49", "ashr": "14:56"}, {"imsyak": "03:58", "shubuh": "04:08", "dzuhur": "11:42", "tanggal": "2019-11-04", "terbit": "05:25", "magrib": "17:55", "isya": "19:08", "dhuha": "05:49", "ashr": "14:57"}, {"imsyak": "03:57", "shubuh": "04:07", "dzuhur": "11:42", "tanggal": "2019-11-05", "terbit": "05:25", "magrib": "17:55", "isya": "19:08", "dhuha": "05:49", "ashr": "14:57"}, {"imsyak": "03:57", "shubuh": "04:07", "dzuhur": "11:42", "tanggal": "2019-11-06", "terbit": "05:24", "magrib": "17:55", "isya": "19:08", "dhuha": "05:48", "ashr": "14:58"}, {"imsyak": "03:57", "shubuh": "04:07", "dzuhur": "11:42", "tanggal": "2019-11-07", "terbit": "05:24", "magrib": "17:55", "isya": "19:09", "dhuha": "05:48", "ashr": "14:58"}, {"imsyak": "03:56", "shubuh": "04:06", "dzuhur": "11:42", "tanggal": "2019-11-08", "terbit": "05:24", "magrib": "17:56", "isya": "19:09", "dhuha": "05:48", "ashr": "14:59"}, {"imsyak": "03:56", "shubuh": "04:06", "dzuhur": "11:42", "tanggal": "2019-11-09", "terbit": "05:24", "magrib": "17:56", "isya": "19:09", "dhuha": "05:48", "ashr": "14:59"}, {"imsyak": "03:56", "shubuh": "04:06", "dzuhur": "11:42", "tanggal": "2019-11-10", "terbit": "05:24", "magrib": "17:56", "isya": "19:10", "dhuha": "05:48", "ashr": "15:00"}, {"imsyak": "03:55", "shubuh": "04:05", "dzuhur": "11:42", "tanggal": "2019-11-11", "terbit": "05:24", "magrib": "17:57", "isya": "19:10", "dhuha": "05:48", "ashr": "15:00"}, {"imsyak": "03:55", "shubuh": "04:05", "dzuhur": "11:42", "tanggal": "2019-11-12", "terbit": "05:24", "magrib": "17:57", "isya": "19:11", "dhuha": "05:48", "ashr": "15:01"}, {"imsyak": "03:55", "shubuh": "04:05", "dzuhur": "11:42", "tanggal": "2019-11-13", "terbit": "05:23", "magrib": "17:57", "isya": "19:11", "dhuha": "05:47", "ashr": "15:02"}, {"imsyak": "03:55", "shubuh": "04:05", "dzuhur": "11:42", "tanggal": "2019-11-14", "terbit": "05:23", "magrib": "17:58", "isya": "19:12", "dhuha": "05:47", "ashr": "15:02"}, {"imsyak": "03:54", "shubuh": "04:04", "dzuhur": "11:43", "tanggal": "2019-11-15", "terbit": "05:23", "magrib": "17:58", "isya": "19:12", "dhuha": "05:47", "ashr": "15:03"}, {"imsyak": "03:54", "shubuh": "04:04", "dzuhur": "11:43", "tanggal": "2019-11-16", "terbit": "05:23", "magrib": "17:58", "isya": "19:13", "dhuha": "05:47", "ashr": "15:03"}, {"imsyak": "03:54", "shubuh": "04:04", "dzuhur": "11:43", "tanggal": "2019-11-17", "terbit": "05:23", "magrib": "17:59", "isya": "19:13", "dhuha": "05:47", "ashr": "15:04"}, {"imsyak": "03:54", "shubuh": "04:04", "dzuhur": "11:43", "tanggal": "2019-11-18", "terbit": "05:23", "magrib": "17:59", "isya": "19:14", "dhuha": "05:47", "ashr": "15:04"}, {"imsyak": "03:54", "shubuh": "04:04", "dzuhur": "11:43", "tanggal": "2019-11-19", "terbit": "05:23", "magrib": "17:59", "isya": "19:14", "dhuha": "05:47", "ashr": "15:05"}, {"imsyak": "03:54", "shubuh": "04:04", "dzuhur": "11:43", "tanggal": "2019-11-20", "terbit": "05:23", "magrib": "18:00", "isya": "19:15", "dhuha": "05:47", "ashr": "15:05"}, {"imsyak": "03:54", "shubuh": "04:04", "dzuhur": "11:44", "tanggal": "2019-11-21", "terbit": "05:23", "magrib": "18:00", "isya": "19:15", "dhuha": "05:47", "ashr": "15:06"}, {"imsyak": "03:54", "shubuh": "04:04", "dzuhur": "11:44", "tanggal": "2019-11-22", "terbit": "05:24", "magrib": "18:00", "isya": "19:16", "dhuha": "05:48", "ashr": "15:07"}, {"imsyak": "03:54", "shubuh": "04:04", "dzuhur": "11:44", "tanggal": "2019-11-23", "terbit": "05:24", "magrib": "18:01", "isya": "19:16", "dhuha": "05:48", "ashr": "15:07"}, {"imsyak": "03:54", "shubuh": "04:04", "dzuhur": "11:44", "tanggal": "2019-11-24", "terbit": "05:24", "magrib": "18:01", "isya": "19:17", "dhuha": "05:48", "ashr": "15:08"}, {"imsyak": "03:54", "shubuh": "04:04", "dzuhur": "11:45", "tanggal": "2019-11-25", "terbit": "05:24", "magrib": "18:02", "isya": "19:17", "dhuha": "05:48", "ashr": "15:08"}, {"imsyak": "03:54", "shubuh": "04:04", "dzuhur": "11:45", "tanggal": "2019-11-26", "terbit": "05:24", "magrib": "18:02", "isya": "19:18", "dhuha": "05:48", "ashr": "15:09"}, {"imsyak": "03:54", "shubuh": "04:04", "dzuhur": "11:45", "tanggal": "2019-11-27", "terbit": "05:24", "magrib": "18:03", "isya": "19:18", "dhuha": "05:48", "ashr": "15:09"}, {"imsyak": "03:54", "shubuh": "04:04", "dzuhur": "11:46", "tanggal": "2019-11-28", "terbit": "05:24", "magrib": "18:03", "isya": "19:19", "dhuha": "05:48", "ashr": "15:10"}, {"imsyak": "03:54", "shubuh": "04:04", "dzuhur": "11:46", "tanggal": "2019-11-29", "terbit": "05:25", "magrib": "18:04", "isya": "19:19", "dhuha": "05:49", "ashr": "15:11"}, {"imsyak": "03:54", "shubuh": "04:04", "dzuhur": "11:46", "tanggal": "2019-11-30", "terbit": "05:25", "magrib": "18:04", "isya": "19:20", "dhuha": "05:49", "ashr": "15:11"}]