[{"imsyak": "03:54", "shubuh": "04:04", "dzuhur": "11:47", "tanggal": "2019-12-01", "terbit": "05:25", "magrib": "18:05", "isya": "19:21", "dhuha": "05:49", "ashr": "15:12"}, {"imsyak": "03:54", "shubuh": "04:04", "dzuhur": "11:47", "tanggal": "2019-12-02", "terbit": "05:25", "magrib": "18:05", "isya": "19:21", "dhuha": "05:49", "ashr": "15:12"}, {"imsyak": "03:54", "shubuh": "04:04", "dzuhur": "11:47", "tanggal": "2019-12-03", "terbit": "05:25", "magrib": "18:06", "isya": "19:22", "dhuha": "05:49", "ashr": "15:13"}, {"imsyak": "03:54", "shubuh": "04:04", "dzuhur": "11:48", "tanggal": "2019-12-04", "terbit": "05:26", "magrib": "18:06", "isya": "19:22", "dhuha": "05:50", "ashr": "15:13"}, {"imsyak": "03:55", "shubuh": "04:05", "dzuhur": "11:48", "tanggal": "2019-12-05", "terbit": "05:26", "magrib": "18:07", "isya": "19:23", "dhuha": "05:50", "ashr": "15:14"}, {"imsyak": "03:55", "shubuh": "04:05", "dzuhur": "11:49", "tanggal": "2019-12-06", "terbit": "05:26", "magrib": "18:07", "isya": "19:24", "dhuha": "05:50", "ashr": "15:15"}, {"imsyak": "03:55", "shubuh": "04:05", "dzuhur": "11:49", "tanggal": "2019-12-07", "terbit": "05:27", "magrib": "18:08", "isya": "19:24", "dhuha": "05:51", "ashr": "15:15"}, {"imsyak": "03:55", "shubuh": "04:05", "dzuhur": "11:49", "tanggal": "2019-12-08", "terbit": "05:27", "magrib": "18:08", "isya": "19:25", "dhuha": "05:51", "ashr": "15:16"}, {"imsyak": "03:55", "shubuh": "04:05", "dzuhur": "11:50", "tanggal": "2019-12-09", "terbit": "05:27", "magrib": "18:09", "isya": "19:25", "dhuha": "05:51", "ashr": "15:16"}, {"imsyak": "03:56", "shubuh": "04:06", "dzuhur": "11:50", "tanggal": "2019-12-10", "terbit": "05:28", "magrib": "18:09", "isya": "19:26", "dhuha": "05:52", "ashr": "15:17"}, {"imsyak": "03:56", "shubuh": "04:06", "dzuhur": "11:51", "tanggal": "2019-12-11", "terbit": "05:28", "magrib": "18:10", "isya": "19:27", "dhuha": "05:52", "ashr": "15:18"}, {"imsyak": "03:56", "shubuh": "04:06", "dzuhur": "11:51", "tanggal": "2019-12-12", "terbit": "05:28", "magrib": "18:10", "isya": "19:27", "dhuha": "05:52", "ashr": "15:18"}, {"imsyak": "03:57", "shubuh": "04:07", "dzuhur": "11:52", "tanggal": "2019-12-13", "terbit": "05:29", "magrib": "18:11", "isya": "19:28", "dhuha": "05:53", "ashr": "15:19"}, {"imsyak": "03:57", "shubuh": "04:07", "dzuhur": "11:52", "tanggal": "2019-12-14", "terbit": "05:29", "magrib": "18:11", "isya": "19:28", "dhuha": "05:53", "ashr": "15:19"}, {"imsyak": "03:57", "shubuh": "04:07", "dzuhur": "11:53", "tanggal": "2019-12-15", "terbit": "05:30", "magrib": "18:12", "isya": "19:29", "dhuha": "05:54", "ashr": "15:20"}, {"imsyak": "03:58", "shubuh": "04:08", "dzuhur": "11:53", "tanggal": "2019-12-16", "terbit": "05:30", "magrib": "18:12", "isya": "19:29", "dhuha": "05:54", "ashr": "15:20"}, {"imsyak": "03:58", "shubuh": "04:08", "dzuhur": "11:54", "tanggal": "2019-12-17", "terbit": "05:31", "magrib": "18:13", "isya": "19:30", "dhuha": "05:55", "ashr": "15:21"}, {"imsyak": "03:59", "shubuh": "04:09", "dzuhur": "11:54", "tanggal": "2019-12-18", "terbit": "05:31", "magrib": "18:13", "isya": "19:30", "dhuha": "05:55", "ashr": "15:21"}, {"imsyak": "03:59", "shubuh": "04:09", "dzuhur": "11:55", "tanggal": "2019-12-19", "terbit": "05:31", "magrib": "18:14", "isya": "19:31", "dhuha": "05:55", "ashr": "15:22"}, {"imsyak": "04:00", "shubuh": "04:10", "dzuhur": "11:55", "tanggal": "2019-12-20", "terbit": "05:32", "magrib": "18:14", "isya": "19:31", "dhuha": "05:56", "ashr": "15:22"}, {"imsyak": "04:00", "shubuh": "04:10", "dzuhur": "11:56", "tanggal": "2019-12-21", "terbit": "05:32", "magrib": "18:15", "isya": "19:32", "dhuha": "05:56", "ashr": "15:23"}, {"imsyak": "04:00", "shubuh": "04:10", "dzuhur": "11:56", "tanggal": "2019-12-22", "terbit": "05:33", "magrib": "18:15", "isya": "19:33", "dhuha": "05:57", "ashr": "15:23"}, {"imsyak": "04:01", "shubuh": "04:11", "dzuhur": "11:57", "tanggal": "2019-12-23", "terbit": "05:33", "magrib": "18:16", "isya": "19:33", "dhuha": "05:57", "ashr": "15:24"}, {"imsyak": "04:01", "shubuh": "04:11", "dzuhur": "11:57", "tanggal": "2019-12-24", "terbit": "05:34", "magrib": "18:16", "isya": "19:34", "dhuha": "05:58", "ashr": "15:24"}, {"imsyak": "04:02", "shubuh": "04:12", "dzuhur": "11:58", "tanggal": "2019-12-25", "terbit": "05:34", "magrib": "18:17", "isya": "19:34", "dhuha": "05:58", "ashr": "15:25"}, {"imsyak": "04:03", "shubuh": "04:13", "dzuhur": "11:58", "tanggal": "2019-12-26", "terbit": "05:35", "magrib": "18:17", "isya": "19:34", "dhuha": "05:59", "ashr": "15:25"}, {"imsyak": "04:03", "shubuh": "04:13", "dzuhur": "11:59", "tanggal": "2019-12-27", "terbit": "05:35", "magrib": "18:18", "isya": "19:35", "dhuha": "05:59", "ashr": "15:26"}, {"imsyak": "04:04", "shubuh": "04:14", "dzuhur": "11:59", "tanggal": "2019-12-28", "terbit": "05:36", "magrib": "18:18", "isya": "19:35", "dhuha": "06:00", "ashr": "15:26"}, {"imsyak": "04:04", "shubuh": "04:14", "dzuhur": "12:00", "tanggal": "2019-12-29", "terbit": "05:37", "magrib": "18:19", "isya": "19:36", "dhuha": "06:01", "ashr": "15:27"}, {"imsyak": "04:05", "shubuh": "04:15", "dzuhur": "12:00", "tanggal": "2019-12-30", "terbit": "05:37", "magrib": "18:19", "isya": "19:36", "dhuha": "06:01", "ashr": "15:27"}, {"imsyak": "04:05", "shubuh": "04:15", "dzuhur": "12:01", "tanggal": "2019-12-31", "terbit": "05:38", "magrib": "18:19", "isya": "19:37", "dhuha": "06:02", "ashr": "15:28"}]