[{"tanggal": "2022-01-01", "imsyak": "04:29", "shubuh": "04:39", "terbit": "05:59", "dhuha": "06:23", "dzuhur": "12:11", "ashr": "15:37", "magrib": "18:19", "isya": "19:34"}, {"tanggal": "2022-01-02", "imsyak": "04:29", "shubuh": "04:39", "terbit": "05:59", "dhuha": "06:23", "dzuhur": "12:11", "ashr": "15:38", "magrib": "18:19", "isya": "19:35"}, {"tanggal": "2022-01-03", "imsyak": "04:30", "shubuh": "04:40", "terbit": "06:00", "dhuha": "06:24", "dzuhur": "12:12", "ashr": "15:38", "magrib": "18:20", "isya": "19:35"}, {"tanggal": "2022-01-04", "imsyak": "04:30", "shubuh": "04:40", "terbit": "06:00", "dhuha": "06:24", "dzuhur": "12:12", "ashr": "15:39", "magrib": "18:20", "isya": "19:35"}, {"tanggal": "2022-01-05", "imsyak": "04:31", "shubuh": "04:41", "terbit": "06:01", "dhuha": "06:25", "dzuhur": "12:13", "ashr": "15:39", "magrib": "18:21", "isya": "19:36"}, {"tanggal": "2022-01-06", "imsyak": "04:32", "shubuh": "04:42", "terbit": "06:01", "dhuha": "06:25", "dzuhur": "12:13", "ashr": "15:39", "magrib": "18:21", "isya": "19:36"}, {"tanggal": "2022-01-07", "imsyak": "04:32", "shubuh": "04:42", "terbit": "06:02", "dhuha": "06:26", "dzuhur": "12:14", "ashr": "15:40", "magrib": "18:22", "isya": "19:36"}, {"tanggal": "2022-01-08", "imsyak": "04:33", "shubuh": "04:43", "terbit": "06:02", "dhuha": "06:26", "dzuhur": "12:14", "ashr": "15:40", "magrib": "18:22", "isya": "19:37"}, {"tanggal": "2022-01-09", "imsyak": "04:33", "shubuh": "04:43", "terbit": "06:03", "dhuha": "06:27", "dzuhur": "12:15", "ashr": "15:41", "magrib": "18:22", "isya": "19:37"}, {"tanggal": "2022-01-10", "imsyak": "04:34", "shubuh": "04:44", "terbit": "06:03", "dhuha": "06:27", "dzuhur": "12:15", "ashr": "15:41", "magrib": "18:23", "isya": "19:37"}, {"tanggal": "2022-01-11", "imsyak": "04:34", "shubuh": "04:44", "terbit": "06:04", "dhuha": "06:28", "dzuhur": "12:15", "ashr": "15:41", "magrib": "18:23", "isya": "19:38"}, {"tanggal": "2022-01-12", "imsyak": "04:35", "shubuh": "04:45", "terbit": "06:04", "dhuha": "06:28", "dzuhur": "12:16", "ashr": "15:41", "magrib": "18:24", "isya": "19:38"}, {"tanggal": "2022-01-13", "imsyak": "04:35", "shubuh": "04:45", "terbit": "06:05", "dhuha": "06:29", "dzuhur": "12:16", "ashr": "15:42", "magrib": "18:24", "isya": "19:38"}, {"tanggal": "2022-01-14", "imsyak": "04:36", "shubuh": "04:46", "terbit": "06:05", "dhuha": "06:29", "dzuhur": "12:17", "ashr": "15:42", "magrib": "18:24", "isya": "19:39"}, {"tanggal": "2022-01-15", "imsyak": "04:36", "shubuh": "04:46", "terbit": "06:05", "dhuha": "06:29", "dzuhur": "12:17", "ashr": "15:42", "magrib": "18:25", "isya": "19:39"}, {"tanggal": "2022-01-16", "imsyak": "04:37", "shubuh": "04:47", "terbit": "06:06", "dhuha": "06:30", "dzuhur": "12:17", "ashr": "15:42", "magrib": "18:25", "isya": "19:39"}, {"tanggal": "2022-01-17", "imsyak": "04:37", "shubuh": "04:47", "terbit": "06:06", "dhuha": "06:30", "dzuhur": "12:18", "ashr": "15:43", "magrib": "18:25", "isya": "19:39"}, {"tanggal": "2022-01-18", "imsyak": "04:38", "shubuh": "04:48", "terbit": "06:07", "dhuha": "06:31", "dzuhur": "12:18", "ashr": "15:43", "magrib": "18:25", "isya": "19:39"}, {"tanggal": "2022-01-19", "imsyak": "04:38", "shubuh": "04:48", "terbit": "06:07", "dhuha": "06:31", "dzuhur": "12:18", "ashr": "15:43", "magrib": "18:26", "isya": "19:40"}, {"tanggal": "2022-01-20", "imsyak": "04:39", "shubuh": "04:49", "terbit": "06:07", "dhuha": "06:31", "dzuhur": "12:19", "ashr": "15:43", "magrib": "18:26", "isya": "19:40"}, {"tanggal": "2022-01-21", "imsyak": "04:39", "shubuh": "04:49", "terbit": "06:08", "dhuha": "06:32", "dzuhur": "12:19", "ashr": "15:43", "magrib": "18:26", "isya": "19:40"}, {"tanggal": "2022-01-22", "imsyak": "04:40", "shubuh": "04:50", "terbit": "06:08", "dhuha": "06:32", "dzuhur": "12:19", "ashr": "15:43", "magrib": "18:26", "isya": "19:40"}, {"tanggal": "2022-01-23", "imsyak": "04:40", "shubuh": "04:50", "terbit": "06:08", "dhuha": "06:32", "dzuhur": "12:20", "ashr": "15:43", "magrib": "18:27", "isya": "19:40"}, {"tanggal": "2022-01-24", "imsyak": "04:41", "shubuh": "04:51", "terbit": "06:09", "dhuha": "06:33", "dzuhur": "12:20", "ashr": "15:44", "magrib": "18:27", "isya": "19:40"}, {"tanggal": "2022-01-25", "imsyak": "04:41", "shubuh": "04:51", "terbit": "06:09", "dhuha": "06:33", "dzuhur": "12:20", "ashr": "15:44", "magrib": "18:27", "isya": "19:40"}, {"tanggal": "2022-01-26", "imsyak": "04:42", "shubuh": "04:52", "terbit": "06:09", "dhuha": "06:33", "dzuhur": "12:20", "ashr": "15:44", "magrib": "18:27", "isya": "19:40"}, {"tanggal": "2022-01-27", "imsyak": "04:42", "shubuh": "04:52", "terbit": "06:10", "dhuha": "06:34", "dzuhur": "12:20", "ashr": "15:44", "magrib": "18:27", "isya": "19:40"}, {"tanggal": "2022-01-28", "imsyak": "04:42", "shubuh": "04:52", "terbit": "06:10", "dhuha": "06:34", "dzuhur": "12:21", "ashr": "15:44", "magrib": "18:28", "isya": "19:40"}, {"tanggal": "2022-01-29", "imsyak": "04:43", "shubuh": "04:53", "terbit": "06:10", "dhuha": "06:34", "dzuhur": "12:21", "ashr": "15:44", "magrib": "18:28", "isya": "19:40"}, {"tanggal": "2022-01-30", "imsyak": "04:43", "shubuh": "04:53", "terbit": "06:10", "dhuha": "06:34", "dzuhur": "12:21", "ashr": "15:44", "magrib": "18:28", "isya": "19:40"}, {"tanggal": "2022-01-31", "imsyak": "04:43", "shubuh": "04:53", "terbit": "06:11", "dhuha": "06:35", "dzuhur": "12:21", "ashr": "15:43", "magrib": "18:28", "isya": "19:40"}]