[{"tanggal": "2022-07-01", "imsyak": "04:39", "shubuh": "04:49", "terbit": "06:08", "dhuha": "06:32", "dzuhur": "12:12", "ashr": "15:36", "magrib": "18:11", "isya": "19:26"}, {"tanggal": "2022-07-02", "imsyak": "04:39", "shubuh": "04:49", "terbit": "06:08", "dhuha": "06:32", "dzuhur": "12:12", "ashr": "15:36", "magrib": "18:11", "isya": "19:26"}, {"tanggal": "2022-07-03", "imsyak": "04:39", "shubuh": "04:49", "terbit": "06:09", "dhuha": "06:33", "dzuhur": "12:12", "ashr": "15:36", "magrib": "18:11", "isya": "19:26"}, {"tanggal": "2022-07-04", "imsyak": "04:39", "shubuh": "04:49", "terbit": "06:09", "dhuha": "06:33", "dzuhur": "12:12", "ashr": "15:37", "magrib": "18:12", "isya": "19:26"}, {"tanggal": "2022-07-05", "imsyak": "04:40", "shubuh": "04:50", "terbit": "06:09", "dhuha": "06:33", "dzuhur": "12:12", "ashr": "15:37", "magrib": "18:12", "isya": "19:26"}, {"tanggal": "2022-07-06", "imsyak": "04:40", "shubuh": "04:50", "terbit": "06:09", "dhuha": "06:33", "dzuhur": "12:13", "ashr": "15:37", "magrib": "18:12", "isya": "19:27"}, {"tanggal": "2022-07-07", "imsyak": "04:40", "shubuh": "04:50", "terbit": "06:09", "dhuha": "06:33", "dzuhur": "12:13", "ashr": "15:37", "magrib": "18:12", "isya": "19:27"}, {"tanggal": "2022-07-08", "imsyak": "04:40", "shubuh": "04:50", "terbit": "06:09", "dhuha": "06:33", "dzuhur": "12:13", "ashr": "15:37", "magrib": "18:12", "isya": "19:27"}, {"tanggal": "2022-07-09", "imsyak": "04:40", "shubuh": "04:50", "terbit": "06:10", "dhuha": "06:34", "dzuhur": "12:13", "ashr": "15:37", "magrib": "18:13", "isya": "19:27"}, {"tanggal": "2022-07-10", "imsyak": "04:41", "shubuh": "04:51", "terbit": "06:10", "dhuha": "06:34", "dzuhur": "12:13", "ashr": "15:38", "magrib": "18:13", "isya": "19:27"}, {"tanggal": "2022-07-11", "imsyak": "04:41", "shubuh": "04:51", "terbit": "06:10", "dhuha": "06:34", "dzuhur": "12:13", "ashr": "15:38", "magrib": "18:13", "isya": "19:27"}, {"tanggal": "2022-07-12", "imsyak": "04:41", "shubuh": "04:51", "terbit": "06:10", "dhuha": "06:34", "dzuhur": "12:14", "ashr": "15:38", "magrib": "18:13", "isya": "19:27"}, {"tanggal": "2022-07-13", "imsyak": "04:41", "shubuh": "04:51", "terbit": "06:10", "dhuha": "06:34", "dzuhur": "12:14", "ashr": "15:38", "magrib": "18:13", "isya": "19:27"}, {"tanggal": "2022-07-14", "imsyak": "04:41", "shubuh": "04:51", "terbit": "06:10", "dhuha": "06:34", "dzuhur": "12:14", "ashr": "15:38", "magrib": "18:13", "isya": "19:27"}, {"tanggal": "2022-07-15", "imsyak": "04:42", "shubuh": "04:52", "terbit": "06:10", "dhuha": "06:34", "dzuhur": "12:14", "ashr": "15:38", "magrib": "18:14", "isya": "19:27"}, {"tanggal": "2022-07-16", "imsyak": "04:42", "shubuh": "04:52", "terbit": "06:10", "dhuha": "06:34", "dzuhur": "12:14", "ashr": "15:38", "magrib": "18:14", "isya": "19:28"}, {"tanggal": "2022-07-17", "imsyak": "04:42", "shubuh": "04:52", "terbit": "06:10", "dhuha": "06:34", "dzuhur": "12:14", "ashr": "15:38", "magrib": "18:14", "isya": "19:28"}, {"tanggal": "2022-07-18", "imsyak": "04:42", "shubuh": "04:52", "terbit": "06:10", "dhuha": "06:34", "dzuhur": "12:14", "ashr": "15:38", "magrib": "18:14", "isya": "19:28"}, {"tanggal": "2022-07-19", "imsyak": "04:42", "shubuh": "04:52", "terbit": "06:11", "dhuha": "06:35", "dzuhur": "12:14", "ashr": "15:38", "magrib": "18:14", "isya": "19:28"}, {"tanggal": "2022-07-20", "imsyak": "04:42", "shubuh": "04:52", "terbit": "06:11", "dhuha": "06:35", "dzuhur": "12:14", "ashr": "15:38", "magrib": "18:14", "isya": "19:28"}, {"tanggal": "2022-07-21", "imsyak": "04:43", "shubuh": "04:53", "terbit": "06:11", "dhuha": "06:35", "dzuhur": "12:14", "ashr": "15:38", "magrib": "18:14", "isya": "19:28"}, {"tanggal": "2022-07-22", "imsyak": "04:43", "shubuh": "04:53", "terbit": "06:11", "dhuha": "06:35", "dzuhur": "12:14", "ashr": "15:38", "magrib": "18:14", "isya": "19:28"}, {"tanggal": "2022-07-23", "imsyak": "04:43", "shubuh": "04:53", "terbit": "06:11", "dhuha": "06:35", "dzuhur": "12:15", "ashr": "15:38", "magrib": "18:14", "isya": "19:28"}, {"tanggal": "2022-07-24", "imsyak": "04:43", "shubuh": "04:53", "terbit": "06:11", "dhuha": "06:35", "dzuhur": "12:15", "ashr": "15:38", "magrib": "18:14", "isya": "19:28"}, {"tanggal": "2022-07-25", "imsyak": "04:43", "shubuh": "04:53", "terbit": "06:11", "dhuha": "06:35", "dzuhur": "12:15", "ashr": "15:38", "magrib": "18:15", "isya": "19:28"}, {"tanggal": "2022-07-26", "imsyak": "04:43", "shubuh": "04:53", "terbit": "06:11", "dhuha": "06:35", "dzuhur": "12:15", "ashr": "15:38", "magrib": "18:15", "isya": "19:27"}, {"tanggal": "2022-07-27", "imsyak": "04:43", "shubuh": "04:53", "terbit": "06:11", "dhuha": "06:35", "dzuhur": "12:15", "ashr": "15:38", "magrib": "18:15", "isya": "19:27"}, {"tanggal": "2022-07-28", "imsyak": "04:43", "shubuh": "04:53", "terbit": "06:11", "dhuha": "06:35", "dzuhur": "12:15", "ashr": "15:38", "magrib": "18:15", "isya": "19:27"}, {"tanggal": "2022-07-29", "imsyak": "04:43", "shubuh": "04:53", "terbit": "06:10", "dhuha": "06:34", "dzuhur": "12:15", "ashr": "15:38", "magrib": "18:15", "isya": "19:27"}, {"tanggal": "2022-07-30", "imsyak": "04:43", "shubuh": "04:53", "terbit": "06:10", "dhuha": "06:34", "dzuhur": "12:15", "ashr": "15:38", "magrib": "18:15", "isya": "19:27"}, {"tanggal": "2022-07-31", "imsyak": "04:43", "shubuh": "04:53", "terbit": "06:10", "dhuha": "06:34", "dzuhur": "12:14", "ashr": "15:38", "magrib": "18:15", "isya": "19:27"}]