[{"tanggal": "2022-08-01", "imsyak": "04:43", "shubuh": "04:53", "terbit": "06:10", "dhuha": "06:34", "dzuhur": "12:14", "ashr": "15:37", "magrib": "18:15", "isya": "19:27"}, {"tanggal": "2022-08-02", "imsyak": "04:43", "shubuh": "04:53", "terbit": "06:10", "dhuha": "06:34", "dzuhur": "12:14", "ashr": "15:37", "magrib": "18:15", "isya": "19:27"}, {"tanggal": "2022-08-03", "imsyak": "04:43", "shubuh": "04:53", "terbit": "06:10", "dhuha": "06:34", "dzuhur": "12:14", "ashr": "15:37", "magrib": "18:15", "isya": "19:27"}, {"tanggal": "2022-08-04", "imsyak": "04:43", "shubuh": "04:53", "terbit": "06:10", "dhuha": "06:34", "dzuhur": "12:14", "ashr": "15:37", "magrib": "18:15", "isya": "19:27"}, {"tanggal": "2022-08-05", "imsyak": "04:43", "shubuh": "04:53", "terbit": "06:10", "dhuha": "06:34", "dzuhur": "12:14", "ashr": "15:37", "magrib": "18:15", "isya": "19:26"}, {"tanggal": "2022-08-06", "imsyak": "04:43", "shubuh": "04:53", "terbit": "06:10", "dhuha": "06:34", "dzuhur": "12:14", "ashr": "15:36", "magrib": "18:14", "isya": "19:26"}, {"tanggal": "2022-08-07", "imsyak": "04:43", "shubuh": "04:53", "terbit": "06:10", "dhuha": "06:34", "dzuhur": "12:14", "ashr": "15:36", "magrib": "18:14", "isya": "19:26"}, {"tanggal": "2022-08-08", "imsyak": "04:43", "shubuh": "04:53", "terbit": "06:09", "dhuha": "06:33", "dzuhur": "12:14", "ashr": "15:36", "magrib": "18:14", "isya": "19:26"}, {"tanggal": "2022-08-09", "imsyak": "04:43", "shubuh": "04:53", "terbit": "06:09", "dhuha": "06:33", "dzuhur": "12:14", "ashr": "15:36", "magrib": "18:14", "isya": "19:26"}, {"tanggal": "2022-08-10", "imsyak": "04:43", "shubuh": "04:53", "terbit": "06:09", "dhuha": "06:33", "dzuhur": "12:14", "ashr": "15:35", "magrib": "18:14", "isya": "19:26"}, {"tanggal": "2022-08-11", "imsyak": "04:43", "shubuh": "04:53", "terbit": "06:09", "dhuha": "06:33", "dzuhur": "12:13", "ashr": "15:35", "magrib": "18:14", "isya": "19:25"}, {"tanggal": "2022-08-12", "imsyak": "04:43", "shubuh": "04:53", "terbit": "06:09", "dhuha": "06:33", "dzuhur": "12:13", "ashr": "15:35", "magrib": "18:14", "isya": "19:25"}, {"tanggal": "2022-08-13", "imsyak": "04:43", "shubuh": "04:53", "terbit": "06:08", "dhuha": "06:32", "dzuhur": "12:13", "ashr": "15:34", "magrib": "18:14", "isya": "19:25"}, {"tanggal": "2022-08-14", "imsyak": "04:43", "shubuh": "04:53", "terbit": "06:08", "dhuha": "06:32", "dzuhur": "12:13", "ashr": "15:34", "magrib": "18:14", "isya": "19:25"}, {"tanggal": "2022-08-15", "imsyak": "04:43", "shubuh": "04:53", "terbit": "06:08", "dhuha": "06:32", "dzuhur": "12:13", "ashr": "15:34", "magrib": "18:14", "isya": "19:24"}, {"tanggal": "2022-08-16", "imsyak": "04:43", "shubuh": "04:53", "terbit": "06:08", "dhuha": "06:32", "dzuhur": "12:13", "ashr": "15:33", "magrib": "18:13", "isya": "19:24"}, {"tanggal": "2022-08-17", "imsyak": "04:42", "shubuh": "04:52", "terbit": "06:07", "dhuha": "06:31", "dzuhur": "12:12", "ashr": "15:33", "magrib": "18:13", "isya": "19:24"}, {"tanggal": "2022-08-18", "imsyak": "04:42", "shubuh": "04:52", "terbit": "06:07", "dhuha": "06:31", "dzuhur": "12:12", "ashr": "15:32", "magrib": "18:13", "isya": "19:24"}, {"tanggal": "2022-08-19", "imsyak": "04:42", "shubuh": "04:52", "terbit": "06:07", "dhuha": "06:31", "dzuhur": "12:12", "ashr": "15:32", "magrib": "18:13", "isya": "19:23"}, {"tanggal": "2022-08-20", "imsyak": "04:42", "shubuh": "04:52", "terbit": "06:07", "dhuha": "06:31", "dzuhur": "12:12", "ashr": "15:31", "magrib": "18:13", "isya": "19:23"}, {"tanggal": "2022-08-21", "imsyak": "04:42", "shubuh": "04:52", "terbit": "06:06", "dhuha": "06:30", "dzuhur": "12:11", "ashr": "15:31", "magrib": "18:13", "isya": "19:23"}, {"tanggal": "2022-08-22", "imsyak": "04:42", "shubuh": "04:52", "terbit": "06:06", "dhuha": "06:30", "dzuhur": "12:11", "ashr": "15:30", "magrib": "18:12", "isya": "19:23"}, {"tanggal": "2022-08-23", "imsyak": "04:41", "shubuh": "04:51", "terbit": "06:06", "dhuha": "06:30", "dzuhur": "12:11", "ashr": "15:30", "magrib": "18:12", "isya": "19:22"}, {"tanggal": "2022-08-24", "imsyak": "04:41", "shubuh": "04:51", "terbit": "06:05", "dhuha": "06:29", "dzuhur": "12:11", "ashr": "15:29", "magrib": "18:12", "isya": "19:22"}, {"tanggal": "2022-08-25", "imsyak": "04:41", "shubuh": "04:51", "terbit": "06:05", "dhuha": "06:29", "dzuhur": "12:10", "ashr": "15:29", "magrib": "18:12", "isya": "19:22"}, {"tanggal": "2022-08-26", "imsyak": "04:41", "shubuh": "04:51", "terbit": "06:05", "dhuha": "06:29", "dzuhur": "12:10", "ashr": "15:28", "magrib": "18:12", "isya": "19:22"}, {"tanggal": "2022-08-27", "imsyak": "04:40", "shubuh": "04:50", "terbit": "06:04", "dhuha": "06:28", "dzuhur": "12:10", "ashr": "15:28", "magrib": "18:11", "isya": "19:21"}, {"tanggal": "2022-08-28", "imsyak": "04:40", "shubuh": "04:50", "terbit": "06:04", "dhuha": "06:28", "dzuhur": "12:10", "ashr": "15:27", "magrib": "18:11", "isya": "19:21"}, {"tanggal": "2022-08-29", "imsyak": "04:40", "shubuh": "04:50", "terbit": "06:04", "dhuha": "06:28", "dzuhur": "12:09", "ashr": "15:26", "magrib": "18:11", "isya": "19:21"}, {"tanggal": "2022-08-30", "imsyak": "04:40", "shubuh": "04:50", "terbit": "06:03", "dhuha": "06:27", "dzuhur": "12:09", "ashr": "15:26", "magrib": "18:11", "isya": "19:20"}, {"tanggal": "2022-08-31", "imsyak": "04:39", "shubuh": "04:49", "terbit": "06:03", "dhuha": "06:27", "dzuhur": "12:09", "ashr": "15:25", "magrib": "18:10", "isya": "19:20"}]