[{"tanggal": "2022-02-01", "imsyak": "04:47", "shubuh": "04:57", "terbit": "06:14", "dhuha": "06:38", "dzuhur": "12:26", "ashr": "15:48", "magrib": "18:34", "isya": "19:47"}, {"tanggal": "2022-02-02", "imsyak": "04:48", "shubuh": "04:58", "terbit": "06:15", "dhuha": "06:39", "dzuhur": "12:26", "ashr": "15:48", "magrib": "18:34", "isya": "19:47"}, {"tanggal": "2022-02-03", "imsyak": "04:48", "shubuh": "04:58", "terbit": "06:15", "dhuha": "06:39", "dzuhur": "12:27", "ashr": "15:48", "magrib": "18:34", "isya": "19:46"}, {"tanggal": "2022-02-04", "imsyak": "04:49", "shubuh": "04:59", "terbit": "06:15", "dhuha": "06:39", "dzuhur": "12:27", "ashr": "15:47", "magrib": "18:34", "isya": "19:46"}, {"tanggal": "2022-02-05", "imsyak": "04:49", "shubuh": "04:59", "terbit": "06:15", "dhuha": "06:39", "dzuhur": "12:27", "ashr": "15:47", "magrib": "18:34", "isya": "19:46"}, {"tanggal": "2022-02-06", "imsyak": "04:49", "shubuh": "04:59", "terbit": "06:15", "dhuha": "06:39", "dzuhur": "12:27", "ashr": "15:47", "magrib": "18:34", "isya": "19:46"}, {"tanggal": "2022-02-07", "imsyak": "04:49", "shubuh": "04:59", "terbit": "06:16", "dhuha": "06:40", "dzuhur": "12:27", "ashr": "15:47", "magrib": "18:34", "isya": "19:46"}, {"tanggal": "2022-02-08", "imsyak": "04:50", "shubuh": "05:00", "terbit": "06:16", "dhuha": "06:40", "dzuhur": "12:27", "ashr": "15:46", "magrib": "18:34", "isya": "19:46"}, {"tanggal": "2022-02-09", "imsyak": "04:50", "shubuh": "05:00", "terbit": "06:16", "dhuha": "06:40", "dzuhur": "12:27", "ashr": "15:46", "magrib": "18:34", "isya": "19:46"}, {"tanggal": "2022-02-10", "imsyak": "04:50", "shubuh": "05:00", "terbit": "06:16", "dhuha": "06:40", "dzuhur": "12:27", "ashr": "15:46", "magrib": "18:34", "isya": "19:46"}, {"tanggal": "2022-02-11", "imsyak": "04:50", "shubuh": "05:00", "terbit": "06:16", "dhuha": "06:40", "dzuhur": "12:27", "ashr": "15:45", "magrib": "18:34", "isya": "19:45"}, {"tanggal": "2022-02-12", "imsyak": "04:51", "shubuh": "05:01", "terbit": "06:16", "dhuha": "06:40", "dzuhur": "12:27", "ashr": "15:45", "magrib": "18:34", "isya": "19:45"}, {"tanggal": "2022-02-13", "imsyak": "04:51", "shubuh": "05:01", "terbit": "06:16", "dhuha": "06:40", "dzuhur": "12:27", "ashr": "15:44", "magrib": "18:34", "isya": "19:45"}, {"tanggal": "2022-02-14", "imsyak": "04:51", "shubuh": "05:01", "terbit": "06:16", "dhuha": "06:40", "dzuhur": "12:27", "ashr": "15:44", "magrib": "18:34", "isya": "19:45"}, {"tanggal": "2022-02-15", "imsyak": "04:51", "shubuh": "05:01", "terbit": "06:16", "dhuha": "06:40", "dzuhur": "12:27", "ashr": "15:44", "magrib": "18:34", "isya": "19:44"}, {"tanggal": "2022-02-16", "imsyak": "04:51", "shubuh": "05:01", "terbit": "06:17", "dhuha": "06:41", "dzuhur": "12:27", "ashr": "15:43", "magrib": "18:34", "isya": "19:44"}, {"tanggal": "2022-02-17", "imsyak": "04:52", "shubuh": "05:02", "terbit": "06:17", "dhuha": "06:41", "dzuhur": "12:27", "ashr": "15:43", "magrib": "18:33", "isya": "19:44"}, {"tanggal": "2022-02-18", "imsyak": "04:52", "shubuh": "05:02", "terbit": "06:17", "dhuha": "06:41", "dzuhur": "12:27", "ashr": "15:42", "magrib": "18:33", "isya": "19:44"}, {"tanggal": "2022-02-19", "imsyak": "04:52", "shubuh": "05:02", "terbit": "06:17", "dhuha": "06:41", "dzuhur": "12:27", "ashr": "15:41", "magrib": "18:33", "isya": "19:43"}, {"tanggal": "2022-02-20", "imsyak": "04:52", "shubuh": "05:02", "terbit": "06:17", "dhuha": "06:41", "dzuhur": "12:27", "ashr": "15:41", "magrib": "18:33", "isya": "19:43"}, {"tanggal": "2022-02-21", "imsyak": "04:52", "shubuh": "05:02", "terbit": "06:17", "dhuha": "06:41", "dzuhur": "12:27", "ashr": "15:40", "magrib": "18:33", "isya": "19:43"}, {"tanggal": "2022-02-22", "imsyak": "04:52", "shubuh": "05:02", "terbit": "06:17", "dhuha": "06:41", "dzuhur": "12:27", "ashr": "15:40", "magrib": "18:32", "isya": "19:43"}, {"tanggal": "2022-02-23", "imsyak": "04:52", "shubuh": "05:02", "terbit": "06:17", "dhuha": "06:41", "dzuhur": "12:26", "ashr": "15:39", "magrib": "18:32", "isya": "19:42"}, {"tanggal": "2022-02-24", "imsyak": "04:52", "shubuh": "05:02", "terbit": "06:17", "dhuha": "06:41", "dzuhur": "12:26", "ashr": "15:38", "magrib": "18:32", "isya": "19:42"}, {"tanggal": "2022-02-25", "imsyak": "04:52", "shubuh": "05:02", "terbit": "06:17", "dhuha": "06:41", "dzuhur": "12:26", "ashr": "15:37", "magrib": "18:32", "isya": "19:42"}, {"tanggal": "2022-02-26", "imsyak": "04:52", "shubuh": "05:02", "terbit": "06:16", "dhuha": "06:40", "dzuhur": "12:26", "ashr": "15:37", "magrib": "18:32", "isya": "19:41"}, {"tanggal": "2022-02-27", "imsyak": "04:52", "shubuh": "05:02", "terbit": "06:16", "dhuha": "06:40", "dzuhur": "12:26", "ashr": "15:36", "magrib": "18:31", "isya": "19:41"}, {"tanggal": "2022-02-28", "imsyak": "04:52", "shubuh": "05:02", "terbit": "06:16", "dhuha": "06:40", "dzuhur": "12:26", "ashr": "15:35", "magrib": "18:31", "isya": "19:41"}]