[{"tanggal": "2022-05-01", "imsyak": "04:41", "shubuh": "04:51", "terbit": "06:06", "dhuha": "06:30", "dzuhur": "12:10", "ashr": "15:31", "magrib": "18:10", "isya": "19:21"}, {"tanggal": "2022-05-02", "imsyak": "04:41", "shubuh": "04:51", "terbit": "06:06", "dhuha": "06:30", "dzuhur": "12:10", "ashr": "15:31", "magrib": "18:10", "isya": "19:21"}, {"tanggal": "2022-05-03", "imsyak": "04:41", "shubuh": "04:51", "terbit": "06:06", "dhuha": "06:30", "dzuhur": "12:10", "ashr": "15:31", "magrib": "18:10", "isya": "19:21"}, {"tanggal": "2022-05-04", "imsyak": "04:41", "shubuh": "04:51", "terbit": "06:06", "dhuha": "06:30", "dzuhur": "12:10", "ashr": "15:31", "magrib": "18:09", "isya": "19:21"}, {"tanggal": "2022-05-05", "imsyak": "04:40", "shubuh": "04:50", "terbit": "06:06", "dhuha": "06:30", "dzuhur": "12:10", "ashr": "15:32", "magrib": "18:09", "isya": "19:21"}, {"tanggal": "2022-05-06", "imsyak": "04:40", "shubuh": "04:50", "terbit": "06:06", "dhuha": "06:30", "dzuhur": "12:10", "ashr": "15:32", "magrib": "18:09", "isya": "19:21"}, {"tanggal": "2022-05-07", "imsyak": "04:40", "shubuh": "04:50", "terbit": "06:06", "dhuha": "06:30", "dzuhur": "12:10", "ashr": "15:32", "magrib": "18:09", "isya": "19:21"}, {"tanggal": "2022-05-08", "imsyak": "04:40", "shubuh": "04:50", "terbit": "06:06", "dhuha": "06:30", "dzuhur": "12:10", "ashr": "15:32", "magrib": "18:09", "isya": "19:21"}, {"tanggal": "2022-05-09", "imsyak": "04:40", "shubuh": "04:50", "terbit": "06:06", "dhuha": "06:30", "dzuhur": "12:09", "ashr": "15:32", "magrib": "18:09", "isya": "19:21"}, {"tanggal": "2022-05-10", "imsyak": "04:40", "shubuh": "04:50", "terbit": "06:06", "dhuha": "06:30", "dzuhur": "12:09", "ashr": "15:32", "magrib": "18:09", "isya": "19:21"}, {"tanggal": "2022-05-11", "imsyak": "04:40", "shubuh": "04:50", "terbit": "06:06", "dhuha": "06:30", "dzuhur": "12:09", "ashr": "15:32", "magrib": "18:08", "isya": "19:21"}, {"tanggal": "2022-05-12", "imsyak": "04:40", "shubuh": "04:50", "terbit": "06:06", "dhuha": "06:30", "dzuhur": "12:09", "ashr": "15:32", "magrib": "18:08", "isya": "19:21"}, {"tanggal": "2022-05-13", "imsyak": "04:40", "shubuh": "04:50", "terbit": "06:06", "dhuha": "06:30", "dzuhur": "12:09", "ashr": "15:32", "magrib": "18:08", "isya": "19:21"}, {"tanggal": "2022-05-14", "imsyak": "04:40", "shubuh": "04:50", "terbit": "06:06", "dhuha": "06:30", "dzuhur": "12:09", "ashr": "15:32", "magrib": "18:08", "isya": "19:21"}, {"tanggal": "2022-05-15", "imsyak": "04:39", "shubuh": "04:49", "terbit": "06:06", "dhuha": "06:30", "dzuhur": "12:09", "ashr": "15:32", "magrib": "18:08", "isya": "19:21"}, {"tanggal": "2022-05-16", "imsyak": "04:39", "shubuh": "04:49", "terbit": "06:06", "dhuha": "06:30", "dzuhur": "12:09", "ashr": "15:32", "magrib": "18:08", "isya": "19:21"}, {"tanggal": "2022-05-17", "imsyak": "04:39", "shubuh": "04:49", "terbit": "06:07", "dhuha": "06:31", "dzuhur": "12:09", "ashr": "15:32", "magrib": "18:08", "isya": "19:21"}, {"tanggal": "2022-05-18", "imsyak": "04:39", "shubuh": "04:49", "terbit": "06:07", "dhuha": "06:31", "dzuhur": "12:09", "ashr": "15:32", "magrib": "18:08", "isya": "19:21"}, {"tanggal": "2022-05-19", "imsyak": "04:39", "shubuh": "04:49", "terbit": "06:07", "dhuha": "06:31", "dzuhur": "12:09", "ashr": "15:32", "magrib": "18:08", "isya": "19:21"}, {"tanggal": "2022-05-20", "imsyak": "04:39", "shubuh": "04:49", "terbit": "06:07", "dhuha": "06:31", "dzuhur": "12:09", "ashr": "15:33", "magrib": "18:08", "isya": "19:21"}, {"tanggal": "2022-05-21", "imsyak": "04:39", "shubuh": "04:49", "terbit": "06:07", "dhuha": "06:31", "dzuhur": "12:09", "ashr": "15:33", "magrib": "18:08", "isya": "19:21"}, {"tanggal": "2022-05-22", "imsyak": "04:39", "shubuh": "04:49", "terbit": "06:07", "dhuha": "06:31", "dzuhur": "12:10", "ashr": "15:33", "magrib": "18:08", "isya": "19:21"}, {"tanggal": "2022-05-23", "imsyak": "04:39", "shubuh": "04:49", "terbit": "06:07", "dhuha": "06:31", "dzuhur": "12:10", "ashr": "15:33", "magrib": "18:08", "isya": "19:21"}, {"tanggal": "2022-05-24", "imsyak": "04:39", "shubuh": "04:49", "terbit": "06:07", "dhuha": "06:31", "dzuhur": "12:10", "ashr": "15:33", "magrib": "18:08", "isya": "19:22"}, {"tanggal": "2022-05-25", "imsyak": "04:39", "shubuh": "04:49", "terbit": "06:07", "dhuha": "06:31", "dzuhur": "12:10", "ashr": "15:33", "magrib": "18:08", "isya": "19:22"}, {"tanggal": "2022-05-26", "imsyak": "04:39", "shubuh": "04:49", "terbit": "06:08", "dhuha": "06:32", "dzuhur": "12:10", "ashr": "15:33", "magrib": "18:08", "isya": "19:22"}, {"tanggal": "2022-05-27", "imsyak": "04:39", "shubuh": "04:49", "terbit": "06:08", "dhuha": "06:32", "dzuhur": "12:10", "ashr": "15:33", "magrib": "18:08", "isya": "19:22"}, {"tanggal": "2022-05-28", "imsyak": "04:40", "shubuh": "04:50", "terbit": "06:08", "dhuha": "06:32", "dzuhur": "12:10", "ashr": "15:34", "magrib": "18:08", "isya": "19:22"}, {"tanggal": "2022-05-29", "imsyak": "04:40", "shubuh": "04:50", "terbit": "06:08", "dhuha": "06:32", "dzuhur": "12:10", "ashr": "15:34", "magrib": "18:08", "isya": "19:22"}, {"tanggal": "2022-05-30", "imsyak": "04:40", "shubuh": "04:50", "terbit": "06:08", "dhuha": "06:32", "dzuhur": "12:10", "ashr": "15:34", "magrib": "18:09", "isya": "19:22"}, {"tanggal": "2022-05-31", "imsyak": "04:40", "shubuh": "04:50", "terbit": "06:08", "dhuha": "06:32", "dzuhur": "12:10", "ashr": "15:34", "magrib": "18:09", "isya": "19:23"}]