[{"tanggal": "2022-08-01", "imsyak": "04:50", "shubuh": "05:00", "terbit": "06:16", "dhuha": "06:40", "dzuhur": "12:19", "ashr": "15:42", "magrib": "18:18", "isya": "19:31"}, {"tanggal": "2022-08-02", "imsyak": "04:50", "shubuh": "05:00", "terbit": "06:16", "dhuha": "06:40", "dzuhur": "12:19", "ashr": "15:42", "magrib": "18:18", "isya": "19:31"}, {"tanggal": "2022-08-03", "imsyak": "04:50", "shubuh": "05:00", "terbit": "06:16", "dhuha": "06:40", "dzuhur": "12:19", "ashr": "15:42", "magrib": "18:18", "isya": "19:30"}, {"tanggal": "2022-08-04", "imsyak": "04:50", "shubuh": "05:00", "terbit": "06:16", "dhuha": "06:40", "dzuhur": "12:19", "ashr": "15:42", "magrib": "18:18", "isya": "19:30"}, {"tanggal": "2022-08-05", "imsyak": "04:50", "shubuh": "05:00", "terbit": "06:16", "dhuha": "06:40", "dzuhur": "12:19", "ashr": "15:41", "magrib": "18:18", "isya": "19:30"}, {"tanggal": "2022-08-06", "imsyak": "04:50", "shubuh": "05:00", "terbit": "06:16", "dhuha": "06:40", "dzuhur": "12:19", "ashr": "15:41", "magrib": "18:18", "isya": "19:30"}, {"tanggal": "2022-08-07", "imsyak": "04:49", "shubuh": "04:59", "terbit": "06:16", "dhuha": "06:40", "dzuhur": "12:19", "ashr": "15:41", "magrib": "18:18", "isya": "19:30"}, {"tanggal": "2022-08-08", "imsyak": "04:49", "shubuh": "04:59", "terbit": "06:15", "dhuha": "06:39", "dzuhur": "12:19", "ashr": "15:41", "magrib": "18:18", "isya": "19:30"}, {"tanggal": "2022-08-09", "imsyak": "04:49", "shubuh": "04:59", "terbit": "06:15", "dhuha": "06:39", "dzuhur": "12:19", "ashr": "15:41", "magrib": "18:18", "isya": "19:30"}, {"tanggal": "2022-08-10", "imsyak": "04:49", "shubuh": "04:59", "terbit": "06:15", "dhuha": "06:39", "dzuhur": "12:19", "ashr": "15:40", "magrib": "18:18", "isya": "19:29"}, {"tanggal": "2022-08-11", "imsyak": "04:49", "shubuh": "04:59", "terbit": "06:15", "dhuha": "06:39", "dzuhur": "12:18", "ashr": "15:40", "magrib": "18:18", "isya": "19:29"}, {"tanggal": "2022-08-12", "imsyak": "04:49", "shubuh": "04:59", "terbit": "06:15", "dhuha": "06:39", "dzuhur": "12:18", "ashr": "15:40", "magrib": "18:18", "isya": "19:29"}, {"tanggal": "2022-08-13", "imsyak": "04:49", "shubuh": "04:59", "terbit": "06:14", "dhuha": "06:38", "dzuhur": "12:18", "ashr": "15:39", "magrib": "18:18", "isya": "19:29"}, {"tanggal": "2022-08-14", "imsyak": "04:49", "shubuh": "04:59", "terbit": "06:14", "dhuha": "06:38", "dzuhur": "12:18", "ashr": "15:39", "magrib": "18:18", "isya": "19:29"}, {"tanggal": "2022-08-15", "imsyak": "04:49", "shubuh": "04:59", "terbit": "06:14", "dhuha": "06:38", "dzuhur": "12:18", "ashr": "15:39", "magrib": "18:18", "isya": "19:28"}, {"tanggal": "2022-08-16", "imsyak": "04:48", "shubuh": "04:58", "terbit": "06:14", "dhuha": "06:38", "dzuhur": "12:17", "ashr": "15:38", "magrib": "18:17", "isya": "19:28"}, {"tanggal": "2022-08-17", "imsyak": "04:48", "shubuh": "04:58", "terbit": "06:13", "dhuha": "06:37", "dzuhur": "12:17", "ashr": "15:38", "magrib": "18:17", "isya": "19:28"}, {"tanggal": "2022-08-18", "imsyak": "04:48", "shubuh": "04:58", "terbit": "06:13", "dhuha": "06:37", "dzuhur": "12:17", "ashr": "15:38", "magrib": "18:17", "isya": "19:28"}, {"tanggal": "2022-08-19", "imsyak": "04:48", "shubuh": "04:58", "terbit": "06:13", "dhuha": "06:37", "dzuhur": "12:17", "ashr": "15:37", "magrib": "18:17", "isya": "19:28"}, {"tanggal": "2022-08-20", "imsyak": "04:48", "shubuh": "04:58", "terbit": "06:12", "dhuha": "06:36", "dzuhur": "12:17", "ashr": "15:37", "magrib": "18:17", "isya": "19:27"}, {"tanggal": "2022-08-21", "imsyak": "04:48", "shubuh": "04:58", "terbit": "06:12", "dhuha": "06:36", "dzuhur": "12:16", "ashr": "15:36", "magrib": "18:17", "isya": "19:27"}, {"tanggal": "2022-08-22", "imsyak": "04:47", "shubuh": "04:57", "terbit": "06:12", "dhuha": "06:36", "dzuhur": "12:16", "ashr": "15:36", "magrib": "18:17", "isya": "19:27"}, {"tanggal": "2022-08-23", "imsyak": "04:47", "shubuh": "04:57", "terbit": "06:11", "dhuha": "06:35", "dzuhur": "12:16", "ashr": "15:35", "magrib": "18:16", "isya": "19:27"}, {"tanggal": "2022-08-24", "imsyak": "04:47", "shubuh": "04:57", "terbit": "06:11", "dhuha": "06:35", "dzuhur": "12:16", "ashr": "15:35", "magrib": "18:16", "isya": "19:26"}, {"tanggal": "2022-08-25", "imsyak": "04:47", "shubuh": "04:57", "terbit": "06:11", "dhuha": "06:35", "dzuhur": "12:15", "ashr": "15:34", "magrib": "18:16", "isya": "19:26"}, {"tanggal": "2022-08-26", "imsyak": "04:46", "shubuh": "04:56", "terbit": "06:10", "dhuha": "06:34", "dzuhur": "12:15", "ashr": "15:34", "magrib": "18:16", "isya": "19:26"}, {"tanggal": "2022-08-27", "imsyak": "04:46", "shubuh": "04:56", "terbit": "06:10", "dhuha": "06:34", "dzuhur": "12:15", "ashr": "15:33", "magrib": "18:16", "isya": "19:25"}, {"tanggal": "2022-08-28", "imsyak": "04:46", "shubuh": "04:56", "terbit": "06:10", "dhuha": "06:34", "dzuhur": "12:15", "ashr": "15:33", "magrib": "18:15", "isya": "19:25"}, {"tanggal": "2022-08-29", "imsyak": "04:45", "shubuh": "04:55", "terbit": "06:09", "dhuha": "06:33", "dzuhur": "12:14", "ashr": "15:32", "magrib": "18:15", "isya": "19:25"}, {"tanggal": "2022-08-30", "imsyak": "04:45", "shubuh": "04:55", "terbit": "06:09", "dhuha": "06:33", "dzuhur": "12:14", "ashr": "15:31", "magrib": "18:15", "isya": "19:25"}, {"tanggal": "2022-08-31", "imsyak": "04:45", "shubuh": "04:55", "terbit": "06:09", "dhuha": "06:33", "dzuhur": "12:14", "ashr": "15:31", "magrib": "18:15", "isya": "19:24"}]