[{"tanggal": "2021-04-01", "imsyak": "04:56", "shubuh": "05:06", "terbit": "06:19", "dhuha": "06:43", "dzuhur": "12:25", "ashr": "15:36", "magrib": "18:28", "isya": "19:37"}, {"tanggal": "2021-04-02", "imsyak": "04:56", "shubuh": "05:06", "terbit": "06:18", "dhuha": "06:42", "dzuhur": "12:25", "ashr": "15:36", "magrib": "18:27", "isya": "19:36"}, {"tanggal": "2021-04-03", "imsyak": "04:55", "shubuh": "05:05", "terbit": "06:18", "dhuha": "06:42", "dzuhur": "12:25", "ashr": "15:36", "magrib": "18:27", "isya": "19:36"}, {"tanggal": "2021-04-04", "imsyak": "04:55", "shubuh": "05:05", "terbit": "06:18", "dhuha": "06:42", "dzuhur": "12:24", "ashr": "15:37", "magrib": "18:27", "isya": "19:36"}, {"tanggal": "2021-04-05", "imsyak": "04:55", "shubuh": "05:05", "terbit": "06:18", "dhuha": "06:42", "dzuhur": "12:24", "ashr": "15:37", "magrib": "18:26", "isya": "19:35"}, {"tanggal": "2021-04-06", "imsyak": "04:54", "shubuh": "05:04", "terbit": "06:18", "dhuha": "06:42", "dzuhur": "12:24", "ashr": "15:37", "magrib": "18:26", "isya": "19:35"}, {"tanggal": "2021-04-07", "imsyak": "04:54", "shubuh": "05:04", "terbit": "06:17", "dhuha": "06:41", "dzuhur": "12:24", "ashr": "15:37", "magrib": "18:26", "isya": "19:35"}, {"tanggal": "2021-04-08", "imsyak": "04:54", "shubuh": "05:04", "terbit": "06:17", "dhuha": "06:41", "dzuhur": "12:23", "ashr": "15:37", "magrib": "18:25", "isya": "19:35"}, {"tanggal": "2021-04-09", "imsyak": "04:54", "shubuh": "05:04", "terbit": "06:17", "dhuha": "06:41", "dzuhur": "12:23", "ashr": "15:37", "magrib": "18:25", "isya": "19:34"}, {"tanggal": "2021-04-10", "imsyak": "04:53", "shubuh": "05:03", "terbit": "06:17", "dhuha": "06:41", "dzuhur": "12:23", "ashr": "15:38", "magrib": "18:25", "isya": "19:34"}, {"tanggal": "2021-04-11", "imsyak": "04:53", "shubuh": "05:03", "terbit": "06:16", "dhuha": "06:40", "dzuhur": "12:22", "ashr": "15:38", "magrib": "18:24", "isya": "19:34"}, {"tanggal": "2021-04-12", "imsyak": "04:53", "shubuh": "05:03", "terbit": "06:16", "dhuha": "06:40", "dzuhur": "12:22", "ashr": "15:38", "magrib": "18:24", "isya": "19:33"}, {"tanggal": "2021-04-13", "imsyak": "04:52", "shubuh": "05:02", "terbit": "06:16", "dhuha": "06:40", "dzuhur": "12:22", "ashr": "15:38", "magrib": "18:24", "isya": "19:33"}, {"tanggal": "2021-04-14", "imsyak": "04:52", "shubuh": "05:02", "terbit": "06:16", "dhuha": "06:40", "dzuhur": "12:22", "ashr": "15:38", "magrib": "18:23", "isya": "19:33"}, {"tanggal": "2021-04-15", "imsyak": "04:52", "shubuh": "05:02", "terbit": "06:16", "dhuha": "06:40", "dzuhur": "12:21", "ashr": "15:38", "magrib": "18:23", "isya": "19:33"}, {"tanggal": "2021-04-16", "imsyak": "04:52", "shubuh": "05:02", "terbit": "06:15", "dhuha": "06:39", "dzuhur": "12:21", "ashr": "15:38", "magrib": "18:23", "isya": "19:32"}, {"tanggal": "2021-04-17", "imsyak": "04:51", "shubuh": "05:01", "terbit": "06:15", "dhuha": "06:39", "dzuhur": "12:21", "ashr": "15:38", "magrib": "18:22", "isya": "19:32"}, {"tanggal": "2021-04-18", "imsyak": "04:51", "shubuh": "05:01", "terbit": "06:15", "dhuha": "06:39", "dzuhur": "12:21", "ashr": "15:38", "magrib": "18:22", "isya": "19:32"}, {"tanggal": "2021-04-19", "imsyak": "04:51", "shubuh": "05:01", "terbit": "06:15", "dhuha": "06:39", "dzuhur": "12:20", "ashr": "15:38", "magrib": "18:22", "isya": "19:32"}, {"tanggal": "2021-04-20", "imsyak": "04:51", "shubuh": "05:01", "terbit": "06:15", "dhuha": "06:39", "dzuhur": "12:20", "ashr": "15:38", "magrib": "18:22", "isya": "19:32"}, {"tanggal": "2021-04-21", "imsyak": "04:50", "shubuh": "05:00", "terbit": "06:15", "dhuha": "06:39", "dzuhur": "12:20", "ashr": "15:39", "magrib": "18:21", "isya": "19:31"}, {"tanggal": "2021-04-22", "imsyak": "04:50", "shubuh": "05:00", "terbit": "06:14", "dhuha": "06:38", "dzuhur": "12:20", "ashr": "15:39", "magrib": "18:21", "isya": "19:31"}, {"tanggal": "2021-04-23", "imsyak": "04:50", "shubuh": "05:00", "terbit": "06:14", "dhuha": "06:38", "dzuhur": "12:20", "ashr": "15:39", "magrib": "18:21", "isya": "19:31"}, {"tanggal": "2021-04-24", "imsyak": "04:50", "shubuh": "05:00", "terbit": "06:14", "dhuha": "06:38", "dzuhur": "12:19", "ashr": "15:39", "magrib": "18:21", "isya": "19:31"}, {"tanggal": "2021-04-25", "imsyak": "04:49", "shubuh": "04:59", "terbit": "06:14", "dhuha": "06:38", "dzuhur": "12:19", "ashr": "15:39", "magrib": "18:20", "isya": "19:31"}, {"tanggal": "2021-04-26", "imsyak": "04:49", "shubuh": "04:59", "terbit": "06:14", "dhuha": "06:38", "dzuhur": "12:19", "ashr": "15:39", "magrib": "18:20", "isya": "19:31"}, {"tanggal": "2021-04-27", "imsyak": "04:49", "shubuh": "04:59", "terbit": "06:14", "dhuha": "06:38", "dzuhur": "12:19", "ashr": "15:39", "magrib": "18:20", "isya": "19:31"}, {"tanggal": "2021-04-28", "imsyak": "04:49", "shubuh": "04:59", "terbit": "06:14", "dhuha": "06:38", "dzuhur": "12:19", "ashr": "15:39", "magrib": "18:20", "isya": "19:30"}, {"tanggal": "2021-04-29", "imsyak": "04:49", "shubuh": "04:59", "terbit": "06:14", "dhuha": "06:38", "dzuhur": "12:19", "ashr": "15:39", "magrib": "18:20", "isya": "19:30"}, {"tanggal": "2021-04-30", "imsyak": "04:48", "shubuh": "04:58", "terbit": "06:13", "dhuha": "06:37", "dzuhur": "12:18", "ashr": "15:39", "magrib": "18:19", "isya": "19:30"}]