[{"tanggal": "2021-07-01", "imsyak": "04:52", "shubuh": "05:02", "terbit": "06:21", "dhuha": "06:45", "dzuhur": "12:25", "ashr": "15:49", "magrib": "18:24", "isya": "19:39"}, {"tanggal": "2021-07-02", "imsyak": "04:52", "shubuh": "05:02", "terbit": "06:21", "dhuha": "06:45", "dzuhur": "12:25", "ashr": "15:49", "magrib": "18:24", "isya": "19:39"}, {"tanggal": "2021-07-03", "imsyak": "04:52", "shubuh": "05:02", "terbit": "06:21", "dhuha": "06:45", "dzuhur": "12:25", "ashr": "15:50", "magrib": "18:25", "isya": "19:39"}, {"tanggal": "2021-07-04", "imsyak": "04:52", "shubuh": "05:02", "terbit": "06:22", "dhuha": "06:46", "dzuhur": "12:25", "ashr": "15:50", "magrib": "18:25", "isya": "19:39"}, {"tanggal": "2021-07-05", "imsyak": "04:52", "shubuh": "05:02", "terbit": "06:22", "dhuha": "06:46", "dzuhur": "12:25", "ashr": "15:50", "magrib": "18:25", "isya": "19:40"}, {"tanggal": "2021-07-06", "imsyak": "04:53", "shubuh": "05:03", "terbit": "06:22", "dhuha": "06:46", "dzuhur": "12:26", "ashr": "15:50", "magrib": "18:25", "isya": "19:40"}, {"tanggal": "2021-07-07", "imsyak": "04:53", "shubuh": "05:03", "terbit": "06:22", "dhuha": "06:46", "dzuhur": "12:26", "ashr": "15:50", "magrib": "18:25", "isya": "19:40"}, {"tanggal": "2021-07-08", "imsyak": "04:53", "shubuh": "05:03", "terbit": "06:22", "dhuha": "06:46", "dzuhur": "12:26", "ashr": "15:50", "magrib": "18:26", "isya": "19:40"}, {"tanggal": "2021-07-09", "imsyak": "04:53", "shubuh": "05:03", "terbit": "06:22", "dhuha": "06:46", "dzuhur": "12:26", "ashr": "15:50", "magrib": "18:26", "isya": "19:40"}, {"tanggal": "2021-07-10", "imsyak": "04:54", "shubuh": "05:04", "terbit": "06:23", "dhuha": "06:47", "dzuhur": "12:26", "ashr": "15:51", "magrib": "18:26", "isya": "19:40"}, {"tanggal": "2021-07-11", "imsyak": "04:54", "shubuh": "05:04", "terbit": "06:23", "dhuha": "06:47", "dzuhur": "12:26", "ashr": "15:51", "magrib": "18:26", "isya": "19:40"}, {"tanggal": "2021-07-12", "imsyak": "04:54", "shubuh": "05:04", "terbit": "06:23", "dhuha": "06:47", "dzuhur": "12:27", "ashr": "15:51", "magrib": "18:26", "isya": "19:40"}, {"tanggal": "2021-07-13", "imsyak": "04:54", "shubuh": "05:04", "terbit": "06:23", "dhuha": "06:47", "dzuhur": "12:27", "ashr": "15:51", "magrib": "18:26", "isya": "19:41"}, {"tanggal": "2021-07-14", "imsyak": "04:54", "shubuh": "05:04", "terbit": "06:23", "dhuha": "06:47", "dzuhur": "12:27", "ashr": "15:51", "magrib": "18:27", "isya": "19:41"}, {"tanggal": "2021-07-15", "imsyak": "04:54", "shubuh": "05:04", "terbit": "06:23", "dhuha": "06:47", "dzuhur": "12:27", "ashr": "15:51", "magrib": "18:27", "isya": "19:41"}, {"tanggal": "2021-07-16", "imsyak": "04:55", "shubuh": "05:05", "terbit": "06:23", "dhuha": "06:47", "dzuhur": "12:27", "ashr": "15:51", "magrib": "18:27", "isya": "19:41"}, {"tanggal": "2021-07-17", "imsyak": "04:55", "shubuh": "05:05", "terbit": "06:23", "dhuha": "06:47", "dzuhur": "12:27", "ashr": "15:51", "magrib": "18:27", "isya": "19:41"}, {"tanggal": "2021-07-18", "imsyak": "04:55", "shubuh": "05:05", "terbit": "06:23", "dhuha": "06:47", "dzuhur": "12:27", "ashr": "15:51", "magrib": "18:27", "isya": "19:41"}, {"tanggal": "2021-07-19", "imsyak": "04:55", "shubuh": "05:05", "terbit": "06:23", "dhuha": "06:47", "dzuhur": "12:27", "ashr": "15:51", "magrib": "18:27", "isya": "19:41"}, {"tanggal": "2021-07-20", "imsyak": "04:55", "shubuh": "05:05", "terbit": "06:23", "dhuha": "06:47", "dzuhur": "12:27", "ashr": "15:51", "magrib": "18:27", "isya": "19:41"}, {"tanggal": "2021-07-21", "imsyak": "04:55", "shubuh": "05:05", "terbit": "06:23", "dhuha": "06:47", "dzuhur": "12:27", "ashr": "15:51", "magrib": "18:27", "isya": "19:41"}, {"tanggal": "2021-07-22", "imsyak": "04:56", "shubuh": "05:06", "terbit": "06:23", "dhuha": "06:47", "dzuhur": "12:27", "ashr": "15:51", "magrib": "18:27", "isya": "19:41"}, {"tanggal": "2021-07-23", "imsyak": "04:56", "shubuh": "05:06", "terbit": "06:23", "dhuha": "06:47", "dzuhur": "12:28", "ashr": "15:51", "magrib": "18:28", "isya": "19:41"}, {"tanggal": "2021-07-24", "imsyak": "04:56", "shubuh": "05:06", "terbit": "06:23", "dhuha": "06:47", "dzuhur": "12:28", "ashr": "15:51", "magrib": "18:28", "isya": "19:41"}, {"tanggal": "2021-07-25", "imsyak": "04:56", "shubuh": "05:06", "terbit": "06:23", "dhuha": "06:47", "dzuhur": "12:28", "ashr": "15:51", "magrib": "18:28", "isya": "19:41"}, {"tanggal": "2021-07-26", "imsyak": "04:56", "shubuh": "05:06", "terbit": "06:23", "dhuha": "06:47", "dzuhur": "12:28", "ashr": "15:51", "magrib": "18:28", "isya": "19:41"}, {"tanggal": "2021-07-27", "imsyak": "04:56", "shubuh": "05:06", "terbit": "06:23", "dhuha": "06:47", "dzuhur": "12:28", "ashr": "15:51", "magrib": "18:28", "isya": "19:41"}, {"tanggal": "2021-07-28", "imsyak": "04:56", "shubuh": "05:06", "terbit": "06:23", "dhuha": "06:47", "dzuhur": "12:28", "ashr": "15:51", "magrib": "18:28", "isya": "19:40"}, {"tanggal": "2021-07-29", "imsyak": "04:56", "shubuh": "05:06", "terbit": "06:23", "dhuha": "06:47", "dzuhur": "12:28", "ashr": "15:51", "magrib": "18:28", "isya": "19:40"}, {"tanggal": "2021-07-30", "imsyak": "04:56", "shubuh": "05:06", "terbit": "06:23", "dhuha": "06:47", "dzuhur": "12:28", "ashr": "15:51", "magrib": "18:28", "isya": "19:40"}, {"tanggal": "2021-07-31", "imsyak": "04:56", "shubuh": "05:06", "terbit": "06:23", "dhuha": "06:47", "dzuhur": "12:27", "ashr": "15:51", "magrib": "18:28", "isya": "19:40"}]