[{"imsyak": "04:52", "shubuh": "05:02", "dzuhur": "12:23", "tanggal": "2020-04-01", "terbit": "06:15", "magrib": "18:27", "isya": "19:36", "dhuha": "06:39", "ashr": "15:27"}, {"imsyak": "04:51", "shubuh": "05:01", "dzuhur": "12:22", "tanggal": "2020-04-02", "terbit": "06:14", "magrib": "18:26", "isya": "19:35", "dhuha": "06:38", "ashr": "15:28"}, {"imsyak": "04:51", "shubuh": "05:01", "dzuhur": "12:22", "tanggal": "2020-04-03", "terbit": "06:14", "magrib": "18:26", "isya": "19:35", "dhuha": "06:38", "ashr": "15:28"}, {"imsyak": "04:50", "shubuh": "05:00", "dzuhur": "12:22", "tanggal": "2020-04-04", "terbit": "06:14", "magrib": "18:26", "isya": "19:35", "dhuha": "06:38", "ashr": "15:28"}, {"imsyak": "04:50", "shubuh": "05:00", "dzuhur": "12:21", "tanggal": "2020-04-05", "terbit": "06:13", "magrib": "18:26", "isya": "19:35", "dhuha": "06:37", "ashr": "15:29"}, {"imsyak": "04:50", "shubuh": "05:00", "dzuhur": "12:21", "tanggal": "2020-04-06", "terbit": "06:13", "magrib": "18:25", "isya": "19:35", "dhuha": "06:37", "ashr": "15:29"}, {"imsyak": "04:49", "shubuh": "04:59", "dzuhur": "12:21", "tanggal": "2020-04-07", "terbit": "06:13", "magrib": "18:25", "isya": "19:35", "dhuha": "06:37", "ashr": "15:30"}, {"imsyak": "04:49", "shubuh": "04:59", "dzuhur": "12:21", "tanggal": "2020-04-08", "terbit": "06:12", "magrib": "18:25", "isya": "19:34", "dhuha": "06:36", "ashr": "15:30"}, {"imsyak": "04:48", "shubuh": "04:58", "dzuhur": "12:20", "tanggal": "2020-04-09", "terbit": "06:12", "magrib": "18:25", "isya": "19:34", "dhuha": "06:36", "ashr": "15:30"}, {"imsyak": "04:48", "shubuh": "04:58", "dzuhur": "12:20", "tanggal": "2020-04-10", "terbit": "06:12", "magrib": "18:25", "isya": "19:34", "dhuha": "06:36", "ashr": "15:31"}, {"imsyak": "04:48", "shubuh": "04:58", "dzuhur": "12:20", "tanggal": "2020-04-11", "terbit": "06:11", "magrib": "18:24", "isya": "19:34", "dhuha": "06:35", "ashr": "15:31"}, {"imsyak": "04:47", "shubuh": "04:57", "dzuhur": "12:20", "tanggal": "2020-04-12", "terbit": "06:11", "magrib": "18:24", "isya": "19:34", "dhuha": "06:35", "ashr": "15:31"}, {"imsyak": "04:47", "shubuh": "04:57", "dzuhur": "12:19", "tanggal": "2020-04-13", "terbit": "06:11", "magrib": "18:24", "isya": "19:34", "dhuha": "06:35", "ashr": "15:31"}, {"imsyak": "04:46", "shubuh": "04:56", "dzuhur": "12:19", "tanggal": "2020-04-14", "terbit": "06:10", "magrib": "18:24", "isya": "19:34", "dhuha": "06:34", "ashr": "15:32"}, {"imsyak": "04:46", "shubuh": "04:56", "dzuhur": "12:19", "tanggal": "2020-04-15", "terbit": "06:10", "magrib": "18:24", "isya": "19:34", "dhuha": "06:34", "ashr": "15:32"}, {"imsyak": "04:46", "shubuh": "04:56", "dzuhur": "12:19", "tanggal": "2020-04-16", "terbit": "06:10", "magrib": "18:23", "isya": "19:33", "dhuha": "06:34", "ashr": "15:32"}, {"imsyak": "04:45", "shubuh": "04:55", "dzuhur": "12:18", "tanggal": "2020-04-17", "terbit": "06:09", "magrib": "18:23", "isya": "19:33", "dhuha": "06:33", "ashr": "15:32"}, {"imsyak": "04:45", "shubuh": "04:55", "dzuhur": "12:18", "tanggal": "2020-04-18", "terbit": "06:09", "magrib": "18:23", "isya": "19:33", "dhuha": "06:33", "ashr": "15:33"}, {"imsyak": "04:44", "shubuh": "04:54", "dzuhur": "12:18", "tanggal": "2020-04-19", "terbit": "06:09", "magrib": "18:23", "isya": "19:33", "dhuha": "06:33", "ashr": "15:33"}, {"imsyak": "04:44", "shubuh": "04:54", "dzuhur": "12:18", "tanggal": "2020-04-20", "terbit": "06:09", "magrib": "18:23", "isya": "19:33", "dhuha": "06:33", "ashr": "15:33"}, {"imsyak": "04:44", "shubuh": "04:54", "dzuhur": "12:17", "tanggal": "2020-04-21", "terbit": "06:08", "magrib": "18:23", "isya": "19:33", "dhuha": "06:32", "ashr": "15:33"}, {"imsyak": "04:43", "shubuh": "04:53", "dzuhur": "12:17", "tanggal": "2020-04-22", "terbit": "06:08", "magrib": "18:23", "isya": "19:33", "dhuha": "06:32", "ashr": "15:34"}, {"imsyak": "04:43", "shubuh": "04:53", "dzuhur": "12:17", "tanggal": "2020-04-23", "terbit": "06:08", "magrib": "18:22", "isya": "19:33", "dhuha": "06:32", "ashr": "15:34"}, {"imsyak": "04:43", "shubuh": "04:53", "dzuhur": "12:17", "tanggal": "2020-04-24", "terbit": "06:07", "magrib": "18:22", "isya": "19:33", "dhuha": "06:31", "ashr": "15:34"}, {"imsyak": "04:42", "shubuh": "04:52", "dzuhur": "12:17", "tanggal": "2020-04-25", "terbit": "06:07", "magrib": "18:22", "isya": "19:33", "dhuha": "06:31", "ashr": "15:34"}, {"imsyak": "04:42", "shubuh": "04:52", "dzuhur": "12:17", "tanggal": "2020-04-26", "terbit": "06:07", "magrib": "18:22", "isya": "19:33", "dhuha": "06:31", "ashr": "15:34"}, {"imsyak": "04:42", "shubuh": "04:52", "dzuhur": "12:16", "tanggal": "2020-04-27", "terbit": "06:07", "magrib": "18:22", "isya": "19:33", "dhuha": "06:31", "ashr": "15:35"}, {"imsyak": "04:41", "shubuh": "04:51", "dzuhur": "12:16", "tanggal": "2020-04-28", "terbit": "06:07", "magrib": "18:22", "isya": "19:33", "dhuha": "06:31", "ashr": "15:35"}, {"imsyak": "04:41", "shubuh": "04:51", "dzuhur": "12:16", "tanggal": "2020-04-29", "terbit": "06:06", "magrib": "18:22", "isya": "19:33", "dhuha": "06:30", "ashr": "15:35"}, {"imsyak": "04:41", "shubuh": "04:51", "dzuhur": "12:16", "tanggal": "2020-04-30", "terbit": "06:06", "magrib": "18:22", "isya": "19:33", "dhuha": "06:30", "ashr": "15:35"}]