[{"imsyak": "04:40", "shubuh": "04:50", "dzuhur": "12:16", "tanggal": "2020-05-01", "terbit": "06:06", "magrib": "18:22", "isya": "19:33", "dhuha": "06:30", "ashr": "15:35"}, {"imsyak": "04:40", "shubuh": "04:50", "dzuhur": "12:16", "tanggal": "2020-05-02", "terbit": "06:06", "magrib": "18:22", "isya": "19:33", "dhuha": "06:30", "ashr": "15:36"}, {"imsyak": "04:40", "shubuh": "04:50", "dzuhur": "12:16", "tanggal": "2020-05-03", "terbit": "06:06", "magrib": "18:22", "isya": "19:33", "dhuha": "06:30", "ashr": "15:36"}, {"imsyak": "04:39", "shubuh": "04:49", "dzuhur": "12:15", "tanggal": "2020-05-04", "terbit": "06:06", "magrib": "18:21", "isya": "19:33", "dhuha": "06:30", "ashr": "15:36"}, {"imsyak": "04:39", "shubuh": "04:49", "dzuhur": "12:15", "tanggal": "2020-05-05", "terbit": "06:05", "magrib": "18:21", "isya": "19:33", "dhuha": "06:29", "ashr": "15:36"}, {"imsyak": "04:39", "shubuh": "04:49", "dzuhur": "12:15", "tanggal": "2020-05-06", "terbit": "06:05", "magrib": "18:21", "isya": "19:33", "dhuha": "06:29", "ashr": "15:36"}, {"imsyak": "04:39", "shubuh": "04:49", "dzuhur": "12:15", "tanggal": "2020-05-07", "terbit": "06:05", "magrib": "18:21", "isya": "19:34", "dhuha": "06:29", "ashr": "15:37"}, {"imsyak": "04:38", "shubuh": "04:48", "dzuhur": "12:15", "tanggal": "2020-05-08", "terbit": "06:05", "magrib": "18:21", "isya": "19:34", "dhuha": "06:29", "ashr": "15:37"}, {"imsyak": "04:38", "shubuh": "04:48", "dzuhur": "12:15", "tanggal": "2020-05-09", "terbit": "06:05", "magrib": "18:21", "isya": "19:34", "dhuha": "06:29", "ashr": "15:37"}, {"imsyak": "04:38", "shubuh": "04:48", "dzuhur": "12:15", "tanggal": "2020-05-10", "terbit": "06:05", "magrib": "18:21", "isya": "19:34", "dhuha": "06:29", "ashr": "15:37"}, {"imsyak": "04:38", "shubuh": "04:48", "dzuhur": "12:15", "tanggal": "2020-05-11", "terbit": "06:05", "magrib": "18:21", "isya": "19:34", "dhuha": "06:29", "ashr": "15:37"}, {"imsyak": "04:38", "shubuh": "04:48", "dzuhur": "12:15", "tanggal": "2020-05-12", "terbit": "06:05", "magrib": "18:21", "isya": "19:34", "dhuha": "06:29", "ashr": "15:38"}, {"imsyak": "04:37", "shubuh": "04:47", "dzuhur": "12:15", "tanggal": "2020-05-13", "terbit": "06:05", "magrib": "18:21", "isya": "19:34", "dhuha": "06:29", "ashr": "15:38"}, {"imsyak": "04:37", "shubuh": "04:47", "dzuhur": "12:15", "tanggal": "2020-05-14", "terbit": "06:05", "magrib": "18:22", "isya": "19:34", "dhuha": "06:29", "ashr": "15:38"}, {"imsyak": "04:37", "shubuh": "04:47", "dzuhur": "12:15", "tanggal": "2020-05-15", "terbit": "06:05", "magrib": "18:22", "isya": "19:35", "dhuha": "06:29", "ashr": "15:38"}, {"imsyak": "04:37", "shubuh": "04:47", "dzuhur": "12:15", "tanggal": "2020-05-16", "terbit": "06:04", "magrib": "18:22", "isya": "19:35", "dhuha": "06:28", "ashr": "15:38"}, {"imsyak": "04:37", "shubuh": "04:47", "dzuhur": "12:15", "tanggal": "2020-05-17", "terbit": "06:04", "magrib": "18:22", "isya": "19:35", "dhuha": "06:28", "ashr": "15:39"}, {"imsyak": "04:37", "shubuh": "04:47", "dzuhur": "12:15", "tanggal": "2020-05-18", "terbit": "06:04", "magrib": "18:22", "isya": "19:35", "dhuha": "06:28", "ashr": "15:39"}, {"imsyak": "04:36", "shubuh": "04:46", "dzuhur": "12:15", "tanggal": "2020-05-19", "terbit": "06:04", "magrib": "18:22", "isya": "19:35", "dhuha": "06:28", "ashr": "15:39"}, {"imsyak": "04:36", "shubuh": "04:46", "dzuhur": "12:15", "tanggal": "2020-05-20", "terbit": "06:04", "magrib": "18:22", "isya": "19:36", "dhuha": "06:28", "ashr": "15:39"}, {"imsyak": "04:36", "shubuh": "04:46", "dzuhur": "12:15", "tanggal": "2020-05-21", "terbit": "06:04", "magrib": "18:22", "isya": "19:36", "dhuha": "06:28", "ashr": "15:40"}, {"imsyak": "04:36", "shubuh": "04:46", "dzuhur": "12:15", "tanggal": "2020-05-22", "terbit": "06:05", "magrib": "18:22", "isya": "19:36", "dhuha": "06:29", "ashr": "15:40"}, {"imsyak": "04:36", "shubuh": "04:46", "dzuhur": "12:15", "tanggal": "2020-05-23", "terbit": "06:05", "magrib": "18:22", "isya": "19:36", "dhuha": "06:29", "ashr": "15:40"}, {"imsyak": "04:36", "shubuh": "04:46", "dzuhur": "12:16", "tanggal": "2020-05-24", "terbit": "06:05", "magrib": "18:22", "isya": "19:36", "dhuha": "06:29", "ashr": "15:40"}, {"imsyak": "04:36", "shubuh": "04:46", "dzuhur": "12:16", "tanggal": "2020-05-25", "terbit": "06:05", "magrib": "18:23", "isya": "19:37", "dhuha": "06:29", "ashr": "15:40"}, {"imsyak": "04:36", "shubuh": "04:46", "dzuhur": "12:16", "tanggal": "2020-05-26", "terbit": "06:05", "magrib": "18:23", "isya": "19:37", "dhuha": "06:29", "ashr": "15:41"}, {"imsyak": "04:36", "shubuh": "04:46", "dzuhur": "12:16", "tanggal": "2020-05-27", "terbit": "06:05", "magrib": "18:23", "isya": "19:37", "dhuha": "06:29", "ashr": "15:41"}, {"imsyak": "04:36", "shubuh": "04:46", "dzuhur": "12:16", "tanggal": "2020-05-28", "terbit": "06:05", "magrib": "18:23", "isya": "19:37", "dhuha": "06:29", "ashr": "15:41"}, {"imsyak": "04:36", "shubuh": "04:46", "dzuhur": "12:16", "tanggal": "2020-05-29", "terbit": "06:05", "magrib": "18:23", "isya": "19:38", "dhuha": "06:29", "ashr": "15:41"}, {"imsyak": "04:36", "shubuh": "04:46", "dzuhur": "12:16", "tanggal": "2020-05-30", "terbit": "06:05", "magrib": "18:23", "isya": "19:38", "dhuha": "06:29", "ashr": "15:42"}, {"imsyak": "04:36", "shubuh": "04:46", "dzuhur": "12:16", "tanggal": "2020-05-31", "terbit": "06:05", "magrib": "18:24", "isya": "19:38", "dhuha": "06:29", "ashr": "15:42"}]