[{"imsyak": "04:36", "shubuh": "04:46", "dzuhur": "12:17", "tanggal": "2020-06-01", "terbit": "06:05", "magrib": "18:24", "isya": "19:38", "dhuha": "06:29", "ashr": "15:42"}, {"imsyak": "04:36", "shubuh": "04:46", "dzuhur": "12:17", "tanggal": "2020-06-02", "terbit": "06:05", "magrib": "18:24", "isya": "19:39", "dhuha": "06:29", "ashr": "15:42"}, {"imsyak": "04:36", "shubuh": "04:46", "dzuhur": "12:17", "tanggal": "2020-06-03", "terbit": "06:06", "magrib": "18:24", "isya": "19:39", "dhuha": "06:30", "ashr": "15:43"}, {"imsyak": "04:36", "shubuh": "04:46", "dzuhur": "12:17", "tanggal": "2020-06-04", "terbit": "06:06", "magrib": "18:24", "isya": "19:39", "dhuha": "06:30", "ashr": "15:43"}, {"imsyak": "04:36", "shubuh": "04:46", "dzuhur": "12:17", "tanggal": "2020-06-05", "terbit": "06:06", "magrib": "18:24", "isya": "19:39", "dhuha": "06:30", "ashr": "15:43"}, {"imsyak": "04:36", "shubuh": "04:46", "dzuhur": "12:17", "tanggal": "2020-06-06", "terbit": "06:06", "magrib": "18:25", "isya": "19:40", "dhuha": "06:30", "ashr": "15:43"}, {"imsyak": "04:36", "shubuh": "04:46", "dzuhur": "12:18", "tanggal": "2020-06-07", "terbit": "06:06", "magrib": "18:25", "isya": "19:40", "dhuha": "06:30", "ashr": "15:44"}, {"imsyak": "04:36", "shubuh": "04:46", "dzuhur": "12:18", "tanggal": "2020-06-08", "terbit": "06:06", "magrib": "18:25", "isya": "19:40", "dhuha": "06:30", "ashr": "15:44"}, {"imsyak": "04:37", "shubuh": "04:47", "dzuhur": "12:18", "tanggal": "2020-06-09", "terbit": "06:07", "magrib": "18:25", "isya": "19:40", "dhuha": "06:31", "ashr": "15:44"}, {"imsyak": "04:37", "shubuh": "04:47", "dzuhur": "12:18", "tanggal": "2020-06-10", "terbit": "06:07", "magrib": "18:26", "isya": "19:41", "dhuha": "06:31", "ashr": "15:44"}, {"imsyak": "04:37", "shubuh": "04:47", "dzuhur": "12:18", "tanggal": "2020-06-11", "terbit": "06:07", "magrib": "18:26", "isya": "19:41", "dhuha": "06:31", "ashr": "15:45"}, {"imsyak": "04:37", "shubuh": "04:47", "dzuhur": "12:19", "tanggal": "2020-06-12", "terbit": "06:07", "magrib": "18:26", "isya": "19:41", "dhuha": "06:31", "ashr": "15:45"}, {"imsyak": "04:37", "shubuh": "04:47", "dzuhur": "12:19", "tanggal": "2020-06-13", "terbit": "06:07", "magrib": "18:26", "isya": "19:41", "dhuha": "06:31", "ashr": "15:45"}, {"imsyak": "04:37", "shubuh": "04:47", "dzuhur": "12:19", "tanggal": "2020-06-14", "terbit": "06:07", "magrib": "18:26", "isya": "19:42", "dhuha": "06:31", "ashr": "15:45"}, {"imsyak": "04:37", "shubuh": "04:47", "dzuhur": "12:19", "tanggal": "2020-06-15", "terbit": "06:08", "magrib": "18:27", "isya": "19:42", "dhuha": "06:32", "ashr": "15:46"}, {"imsyak": "04:38", "shubuh": "04:48", "dzuhur": "12:19", "tanggal": "2020-06-16", "terbit": "06:08", "magrib": "18:27", "isya": "19:42", "dhuha": "06:32", "ashr": "15:46"}, {"imsyak": "04:38", "shubuh": "04:48", "dzuhur": "12:20", "tanggal": "2020-06-17", "terbit": "06:08", "magrib": "18:27", "isya": "19:42", "dhuha": "06:32", "ashr": "15:46"}, {"imsyak": "04:38", "shubuh": "04:48", "dzuhur": "12:20", "tanggal": "2020-06-18", "terbit": "06:08", "magrib": "18:27", "isya": "19:43", "dhuha": "06:32", "ashr": "15:46"}, {"imsyak": "04:38", "shubuh": "04:48", "dzuhur": "12:20", "tanggal": "2020-06-19", "terbit": "06:09", "magrib": "18:28", "isya": "19:43", "dhuha": "06:33", "ashr": "15:47"}, {"imsyak": "04:38", "shubuh": "04:48", "dzuhur": "12:20", "tanggal": "2020-06-20", "terbit": "06:09", "magrib": "18:28", "isya": "19:43", "dhuha": "06:33", "ashr": "15:47"}, {"imsyak": "04:39", "shubuh": "04:49", "dzuhur": "12:20", "tanggal": "2020-06-21", "terbit": "06:09", "magrib": "18:28", "isya": "19:43", "dhuha": "06:33", "ashr": "15:47"}, {"imsyak": "04:39", "shubuh": "04:49", "dzuhur": "12:21", "tanggal": "2020-06-22", "terbit": "06:09", "magrib": "18:28", "isya": "19:44", "dhuha": "06:33", "ashr": "15:47"}, {"imsyak": "04:39", "shubuh": "04:49", "dzuhur": "12:21", "tanggal": "2020-06-23", "terbit": "06:09", "magrib": "18:28", "isya": "19:44", "dhuha": "06:33", "ashr": "15:47"}, {"imsyak": "04:39", "shubuh": "04:49", "dzuhur": "12:21", "tanggal": "2020-06-24", "terbit": "06:10", "magrib": "18:29", "isya": "19:44", "dhuha": "06:34", "ashr": "15:48"}, {"imsyak": "04:40", "shubuh": "04:50", "dzuhur": "12:21", "tanggal": "2020-06-25", "terbit": "06:10", "magrib": "18:29", "isya": "19:44", "dhuha": "06:34", "ashr": "15:48"}, {"imsyak": "04:40", "shubuh": "04:50", "dzuhur": "12:22", "tanggal": "2020-06-26", "terbit": "06:10", "magrib": "18:29", "isya": "19:44", "dhuha": "06:34", "ashr": "15:48"}, {"imsyak": "04:40", "shubuh": "04:50", "dzuhur": "12:22", "tanggal": "2020-06-27", "terbit": "06:10", "magrib": "18:29", "isya": "19:45", "dhuha": "06:34", "ashr": "15:48"}, {"imsyak": "04:40", "shubuh": "04:50", "dzuhur": "12:22", "tanggal": "2020-06-28", "terbit": "06:10", "magrib": "18:29", "isya": "19:45", "dhuha": "06:34", "ashr": "15:48"}, {"imsyak": "04:41", "shubuh": "04:51", "dzuhur": "12:22", "tanggal": "2020-06-29", "terbit": "06:11", "magrib": "18:30", "isya": "19:45", "dhuha": "06:35", "ashr": "15:49"}, {"imsyak": "04:41", "shubuh": "04:51", "dzuhur": "12:22", "tanggal": "2020-06-30", "terbit": "06:11", "magrib": "18:30", "isya": "19:45", "dhuha": "06:35", "ashr": "15:49"}]