[{"imsyak": "04:48", "shubuh": "04:58", "dzuhur": "12:25", "tanggal": "2020-08-01", "terbit": "06:15", "magrib": "18:31", "isya": "19:44", "dhuha": "06:39", "ashr": "15:48"}, {"imsyak": "04:48", "shubuh": "04:58", "dzuhur": "12:25", "tanggal": "2020-08-02", "terbit": "06:15", "magrib": "18:31", "isya": "19:44", "dhuha": "06:39", "ashr": "15:47"}, {"imsyak": "04:48", "shubuh": "04:58", "dzuhur": "12:25", "tanggal": "2020-08-03", "terbit": "06:15", "magrib": "18:31", "isya": "19:43", "dhuha": "06:39", "ashr": "15:47"}, {"imsyak": "04:48", "shubuh": "04:58", "dzuhur": "12:25", "tanggal": "2020-08-04", "terbit": "06:15", "magrib": "18:31", "isya": "19:43", "dhuha": "06:39", "ashr": "15:47"}, {"imsyak": "04:48", "shubuh": "04:58", "dzuhur": "12:25", "tanggal": "2020-08-05", "terbit": "06:15", "magrib": "18:31", "isya": "19:43", "dhuha": "06:39", "ashr": "15:46"}, {"imsyak": "04:48", "shubuh": "04:58", "dzuhur": "12:25", "tanggal": "2020-08-06", "terbit": "06:15", "magrib": "18:31", "isya": "19:43", "dhuha": "06:39", "ashr": "15:46"}, {"imsyak": "04:48", "shubuh": "04:58", "dzuhur": "12:25", "tanggal": "2020-08-07", "terbit": "06:14", "magrib": "18:31", "isya": "19:42", "dhuha": "06:38", "ashr": "15:46"}, {"imsyak": "04:48", "shubuh": "04:58", "dzuhur": "12:24", "tanggal": "2020-08-08", "terbit": "06:14", "magrib": "18:30", "isya": "19:42", "dhuha": "06:38", "ashr": "15:45"}, {"imsyak": "04:48", "shubuh": "04:58", "dzuhur": "12:24", "tanggal": "2020-08-09", "terbit": "06:14", "magrib": "18:30", "isya": "19:42", "dhuha": "06:38", "ashr": "15:45"}, {"imsyak": "04:48", "shubuh": "04:58", "dzuhur": "12:24", "tanggal": "2020-08-10", "terbit": "06:14", "magrib": "18:30", "isya": "19:41", "dhuha": "06:38", "ashr": "15:44"}, {"imsyak": "04:48", "shubuh": "04:58", "dzuhur": "12:24", "tanggal": "2020-08-11", "terbit": "06:14", "magrib": "18:30", "isya": "19:41", "dhuha": "06:38", "ashr": "15:44"}, {"imsyak": "04:48", "shubuh": "04:58", "dzuhur": "12:24", "tanggal": "2020-08-12", "terbit": "06:14", "magrib": "18:30", "isya": "19:41", "dhuha": "06:38", "ashr": "15:43"}, {"imsyak": "04:48", "shubuh": "04:58", "dzuhur": "12:24", "tanggal": "2020-08-13", "terbit": "06:14", "magrib": "18:29", "isya": "19:40", "dhuha": "06:38", "ashr": "15:43"}, {"imsyak": "04:48", "shubuh": "04:58", "dzuhur": "12:23", "tanggal": "2020-08-14", "terbit": "06:14", "magrib": "18:29", "isya": "19:40", "dhuha": "06:38", "ashr": "15:42"}, {"imsyak": "04:48", "shubuh": "04:58", "dzuhur": "12:23", "tanggal": "2020-08-15", "terbit": "06:14", "magrib": "18:29", "isya": "19:40", "dhuha": "06:38", "ashr": "15:42"}, {"imsyak": "04:48", "shubuh": "04:58", "dzuhur": "12:23", "tanggal": "2020-08-16", "terbit": "06:13", "magrib": "18:29", "isya": "19:39", "dhuha": "06:37", "ashr": "15:41"}, {"imsyak": "04:48", "shubuh": "04:58", "dzuhur": "12:23", "tanggal": "2020-08-17", "terbit": "06:13", "magrib": "18:28", "isya": "19:39", "dhuha": "06:37", "ashr": "15:41"}, {"imsyak": "04:48", "shubuh": "04:58", "dzuhur": "12:23", "tanggal": "2020-08-18", "terbit": "06:13", "magrib": "18:28", "isya": "19:39", "dhuha": "06:37", "ashr": "15:40"}, {"imsyak": "04:48", "shubuh": "04:58", "dzuhur": "12:22", "tanggal": "2020-08-19", "terbit": "06:13", "magrib": "18:28", "isya": "19:38", "dhuha": "06:37", "ashr": "15:39"}, {"imsyak": "04:48", "shubuh": "04:58", "dzuhur": "12:22", "tanggal": "2020-08-20", "terbit": "06:13", "magrib": "18:27", "isya": "19:38", "dhuha": "06:37", "ashr": "15:39"}, {"imsyak": "04:48", "shubuh": "04:58", "dzuhur": "12:22", "tanggal": "2020-08-21", "terbit": "06:13", "magrib": "18:27", "isya": "19:37", "dhuha": "06:37", "ashr": "15:38"}, {"imsyak": "04:48", "shubuh": "04:58", "dzuhur": "12:22", "tanggal": "2020-08-22", "terbit": "06:12", "magrib": "18:27", "isya": "19:37", "dhuha": "06:36", "ashr": "15:37"}, {"imsyak": "04:48", "shubuh": "04:58", "dzuhur": "12:21", "tanggal": "2020-08-23", "terbit": "06:12", "magrib": "18:26", "isya": "19:37", "dhuha": "06:36", "ashr": "15:37"}, {"imsyak": "04:48", "shubuh": "04:58", "dzuhur": "12:21", "tanggal": "2020-08-24", "terbit": "06:12", "magrib": "18:26", "isya": "19:36", "dhuha": "06:36", "ashr": "15:36"}, {"imsyak": "04:48", "shubuh": "04:58", "dzuhur": "12:21", "tanggal": "2020-08-25", "terbit": "06:12", "magrib": "18:26", "isya": "19:36", "dhuha": "06:36", "ashr": "15:35"}, {"imsyak": "04:47", "shubuh": "04:57", "dzuhur": "12:21", "tanggal": "2020-08-26", "terbit": "06:12", "magrib": "18:25", "isya": "19:35", "dhuha": "06:36", "ashr": "15:35"}, {"imsyak": "04:47", "shubuh": "04:57", "dzuhur": "12:20", "tanggal": "2020-08-27", "terbit": "06:11", "magrib": "18:25", "isya": "19:35", "dhuha": "06:35", "ashr": "15:34"}, {"imsyak": "04:47", "shubuh": "04:57", "dzuhur": "12:20", "tanggal": "2020-08-28", "terbit": "06:11", "magrib": "18:25", "isya": "19:35", "dhuha": "06:35", "ashr": "15:33"}, {"imsyak": "04:47", "shubuh": "04:57", "dzuhur": "12:20", "tanggal": "2020-08-29", "terbit": "06:11", "magrib": "18:24", "isya": "19:34", "dhuha": "06:35", "ashr": "15:32"}, {"imsyak": "04:47", "shubuh": "04:57", "dzuhur": "12:19", "tanggal": "2020-08-30", "terbit": "06:11", "magrib": "18:24", "isya": "19:34", "dhuha": "06:35", "ashr": "15:31"}, {"imsyak": "04:47", "shubuh": "04:57", "dzuhur": "12:19", "tanggal": "2020-08-31", "terbit": "06:10", "magrib": "18:24", "isya": "19:33", "dhuha": "06:34", "ashr": "15:31"}]