[{"tanggal": "2020-10-01", "imsyak": "04:39", "shubuh": "04:49", "terbit": "06:02", "dhuha": "06:26", "dzuhur": "12:08", "ashr": "15:18", "magrib": "18:11", "isya": "19:20"}, {"tanggal": "2020-10-02", "imsyak": "04:39", "shubuh": "04:49", "terbit": "06:01", "dhuha": "06:25", "dzuhur": "12:08", "ashr": "15:18", "magrib": "18:11", "isya": "19:20"}, {"tanggal": "2020-10-03", "imsyak": "04:38", "shubuh": "04:48", "terbit": "06:01", "dhuha": "06:25", "dzuhur": "12:08", "ashr": "15:18", "magrib": "18:10", "isya": "19:19"}, {"tanggal": "2020-10-04", "imsyak": "04:38", "shubuh": "04:48", "terbit": "06:01", "dhuha": "06:25", "dzuhur": "12:07", "ashr": "15:18", "magrib": "18:10", "isya": "19:19"}, {"tanggal": "2020-10-05", "imsyak": "04:38", "shubuh": "04:48", "terbit": "06:01", "dhuha": "06:25", "dzuhur": "12:07", "ashr": "15:18", "magrib": "18:10", "isya": "19:19"}, {"tanggal": "2020-10-06", "imsyak": "04:37", "shubuh": "04:47", "terbit": "06:00", "dhuha": "06:24", "dzuhur": "12:07", "ashr": "15:19", "magrib": "18:09", "isya": "19:18"}, {"tanggal": "2020-10-07", "imsyak": "04:37", "shubuh": "04:47", "terbit": "06:00", "dhuha": "06:24", "dzuhur": "12:07", "ashr": "15:19", "magrib": "18:09", "isya": "19:18"}, {"tanggal": "2020-10-08", "imsyak": "04:37", "shubuh": "04:47", "terbit": "06:00", "dhuha": "06:24", "dzuhur": "12:06", "ashr": "15:19", "magrib": "18:09", "isya": "19:18"}, {"tanggal": "2020-10-09", "imsyak": "04:37", "shubuh": "04:47", "terbit": "06:00", "dhuha": "06:24", "dzuhur": "12:06", "ashr": "15:19", "magrib": "18:08", "isya": "19:17"}, {"tanggal": "2020-10-10", "imsyak": "04:36", "shubuh": "04:46", "terbit": "05:59", "dhuha": "06:23", "dzuhur": "12:06", "ashr": "15:19", "magrib": "18:08", "isya": "19:17"}, {"tanggal": "2020-10-11", "imsyak": "04:36", "shubuh": "04:46", "terbit": "05:59", "dhuha": "06:23", "dzuhur": "12:05", "ashr": "15:20", "magrib": "18:08", "isya": "19:17"}, {"tanggal": "2020-10-12", "imsyak": "04:36", "shubuh": "04:46", "terbit": "05:59", "dhuha": "06:23", "dzuhur": "12:05", "ashr": "15:20", "magrib": "18:07", "isya": "19:17"}, {"tanggal": "2020-10-13", "imsyak": "04:35", "shubuh": "04:45", "terbit": "05:59", "dhuha": "06:23", "dzuhur": "12:05", "ashr": "15:20", "magrib": "18:07", "isya": "19:16"}, {"tanggal": "2020-10-14", "imsyak": "04:35", "shubuh": "04:45", "terbit": "05:59", "dhuha": "06:23", "dzuhur": "12:05", "ashr": "15:20", "magrib": "18:07", "isya": "19:16"}, {"tanggal": "2020-10-15", "imsyak": "04:35", "shubuh": "04:45", "terbit": "05:59", "dhuha": "06:23", "dzuhur": "12:05", "ashr": "15:20", "magrib": "18:06", "isya": "19:16"}, {"tanggal": "2020-10-16", "imsyak": "04:35", "shubuh": "04:45", "terbit": "05:58", "dhuha": "06:22", "dzuhur": "12:04", "ashr": "15:20", "magrib": "18:06", "isya": "19:16"}, {"tanggal": "2020-10-17", "imsyak": "04:35", "shubuh": "04:45", "terbit": "05:58", "dhuha": "06:22", "dzuhur": "12:04", "ashr": "15:21", "magrib": "18:06", "isya": "19:16"}, {"tanggal": "2020-10-18", "imsyak": "04:34", "shubuh": "04:44", "terbit": "05:58", "dhuha": "06:22", "dzuhur": "12:04", "ashr": "15:21", "magrib": "18:06", "isya": "19:15"}, {"tanggal": "2020-10-19", "imsyak": "04:34", "shubuh": "04:44", "terbit": "05:58", "dhuha": "06:22", "dzuhur": "12:04", "ashr": "15:21", "magrib": "18:05", "isya": "19:15"}, {"tanggal": "2020-10-20", "imsyak": "04:34", "shubuh": "04:44", "terbit": "05:58", "dhuha": "06:22", "dzuhur": "12:04", "ashr": "15:21", "magrib": "18:05", "isya": "19:15"}, {"tanggal": "2020-10-21", "imsyak": "04:34", "shubuh": "04:44", "terbit": "05:58", "dhuha": "06:22", "dzuhur": "12:03", "ashr": "15:21", "magrib": "18:05", "isya": "19:15"}, {"tanggal": "2020-10-22", "imsyak": "04:33", "shubuh": "04:43", "terbit": "05:58", "dhuha": "06:22", "dzuhur": "12:03", "ashr": "15:21", "magrib": "18:05", "isya": "19:15"}, {"tanggal": "2020-10-23", "imsyak": "04:33", "shubuh": "04:43", "terbit": "05:57", "dhuha": "06:21", "dzuhur": "12:03", "ashr": "15:21", "magrib": "18:05", "isya": "19:15"}, {"tanggal": "2020-10-24", "imsyak": "04:33", "shubuh": "04:43", "terbit": "05:57", "dhuha": "06:21", "dzuhur": "12:03", "ashr": "15:22", "magrib": "18:04", "isya": "19:15"}, {"tanggal": "2020-10-25", "imsyak": "04:33", "shubuh": "04:43", "terbit": "05:57", "dhuha": "06:21", "dzuhur": "12:03", "ashr": "15:22", "magrib": "18:04", "isya": "19:15"}, {"tanggal": "2020-10-26", "imsyak": "04:33", "shubuh": "04:43", "terbit": "05:57", "dhuha": "06:21", "dzuhur": "12:03", "ashr": "15:22", "magrib": "18:04", "isya": "19:14"}, {"tanggal": "2020-10-27", "imsyak": "04:33", "shubuh": "04:43", "terbit": "05:57", "dhuha": "06:21", "dzuhur": "12:03", "ashr": "15:22", "magrib": "18:04", "isya": "19:14"}, {"tanggal": "2020-10-28", "imsyak": "04:32", "shubuh": "04:42", "terbit": "05:57", "dhuha": "06:21", "dzuhur": "12:02", "ashr": "15:22", "magrib": "18:04", "isya": "19:14"}, {"tanggal": "2020-10-29", "imsyak": "04:32", "shubuh": "04:42", "terbit": "05:57", "dhuha": "06:21", "dzuhur": "12:02", "ashr": "15:22", "magrib": "18:04", "isya": "19:14"}, {"tanggal": "2020-10-30", "imsyak": "04:32", "shubuh": "04:42", "terbit": "05:57", "dhuha": "06:21", "dzuhur": "12:02", "ashr": "15:23", "magrib": "18:04", "isya": "19:14"}, {"tanggal": "2020-10-31", "imsyak": "04:32", "shubuh": "04:42", "terbit": "05:57", "dhuha": "06:21", "dzuhur": "12:02", "ashr": "15:23", "magrib": "18:04", "isya": "19:14"}]