[{"tanggal": "2020-11-01", "imsyak": "04:32", "shubuh": "04:42", "terbit": "05:57", "dhuha": "06:21", "dzuhur": "12:02", "ashr": "15:23", "magrib": "18:03", "isya": "19:14"}, {"tanggal": "2020-11-02", "imsyak": "04:32", "shubuh": "04:42", "terbit": "05:57", "dhuha": "06:21", "dzuhur": "12:02", "ashr": "15:23", "magrib": "18:03", "isya": "19:14"}, {"tanggal": "2020-11-03", "imsyak": "04:32", "shubuh": "04:42", "terbit": "05:57", "dhuha": "06:21", "dzuhur": "12:02", "ashr": "15:23", "magrib": "18:03", "isya": "19:14"}, {"tanggal": "2020-11-04", "imsyak": "04:32", "shubuh": "04:42", "terbit": "05:57", "dhuha": "06:21", "dzuhur": "12:02", "ashr": "15:24", "magrib": "18:03", "isya": "19:15"}, {"tanggal": "2020-11-05", "imsyak": "04:32", "shubuh": "04:42", "terbit": "05:57", "dhuha": "06:21", "dzuhur": "12:02", "ashr": "15:24", "magrib": "18:03", "isya": "19:15"}, {"tanggal": "2020-11-06", "imsyak": "04:32", "shubuh": "04:42", "terbit": "05:57", "dhuha": "06:21", "dzuhur": "12:02", "ashr": "15:24", "magrib": "18:03", "isya": "19:15"}, {"tanggal": "2020-11-07", "imsyak": "04:32", "shubuh": "04:42", "terbit": "05:57", "dhuha": "06:21", "dzuhur": "12:02", "ashr": "15:24", "magrib": "18:03", "isya": "19:15"}, {"tanggal": "2020-11-08", "imsyak": "04:32", "shubuh": "04:42", "terbit": "05:58", "dhuha": "06:22", "dzuhur": "12:02", "ashr": "15:24", "magrib": "18:03", "isya": "19:15"}, {"tanggal": "2020-11-09", "imsyak": "04:32", "shubuh": "04:42", "terbit": "05:58", "dhuha": "06:22", "dzuhur": "12:02", "ashr": "15:25", "magrib": "18:03", "isya": "19:15"}, {"tanggal": "2020-11-10", "imsyak": "04:32", "shubuh": "04:42", "terbit": "05:58", "dhuha": "06:22", "dzuhur": "12:03", "ashr": "15:25", "magrib": "18:03", "isya": "19:15"}, {"tanggal": "2020-11-11", "imsyak": "04:32", "shubuh": "04:42", "terbit": "05:58", "dhuha": "06:22", "dzuhur": "12:03", "ashr": "15:25", "magrib": "18:03", "isya": "19:15"}, {"tanggal": "2020-11-12", "imsyak": "04:32", "shubuh": "04:42", "terbit": "05:58", "dhuha": "06:22", "dzuhur": "12:03", "ashr": "15:25", "magrib": "18:04", "isya": "19:16"}, {"tanggal": "2020-11-13", "imsyak": "04:32", "shubuh": "04:42", "terbit": "05:58", "dhuha": "06:22", "dzuhur": "12:03", "ashr": "15:26", "magrib": "18:04", "isya": "19:16"}, {"tanggal": "2020-11-14", "imsyak": "04:32", "shubuh": "04:42", "terbit": "05:58", "dhuha": "06:22", "dzuhur": "12:03", "ashr": "15:26", "magrib": "18:04", "isya": "19:16"}, {"tanggal": "2020-11-15", "imsyak": "04:32", "shubuh": "04:42", "terbit": "05:59", "dhuha": "06:23", "dzuhur": "12:03", "ashr": "15:26", "magrib": "18:04", "isya": "19:16"}, {"tanggal": "2020-11-16", "imsyak": "04:32", "shubuh": "04:42", "terbit": "05:59", "dhuha": "06:23", "dzuhur": "12:03", "ashr": "15:27", "magrib": "18:04", "isya": "19:17"}, {"tanggal": "2020-11-17", "imsyak": "04:32", "shubuh": "04:42", "terbit": "05:59", "dhuha": "06:23", "dzuhur": "12:04", "ashr": "15:27", "magrib": "18:04", "isya": "19:17"}, {"tanggal": "2020-11-18", "imsyak": "04:32", "shubuh": "04:42", "terbit": "05:59", "dhuha": "06:23", "dzuhur": "12:04", "ashr": "15:27", "magrib": "18:04", "isya": "19:17"}, {"tanggal": "2020-11-19", "imsyak": "04:32", "shubuh": "04:42", "terbit": "06:00", "dhuha": "06:24", "dzuhur": "12:04", "ashr": "15:27", "magrib": "18:05", "isya": "19:17"}, {"tanggal": "2020-11-20", "imsyak": "04:32", "shubuh": "04:42", "terbit": "06:00", "dhuha": "06:24", "dzuhur": "12:04", "ashr": "15:28", "magrib": "18:05", "isya": "19:18"}, {"tanggal": "2020-11-21", "imsyak": "04:32", "shubuh": "04:42", "terbit": "06:00", "dhuha": "06:24", "dzuhur": "12:05", "ashr": "15:28", "magrib": "18:05", "isya": "19:18"}, {"tanggal": "2020-11-22", "imsyak": "04:33", "shubuh": "04:43", "terbit": "06:00", "dhuha": "06:24", "dzuhur": "12:05", "ashr": "15:28", "magrib": "18:05", "isya": "19:18"}, {"tanggal": "2020-11-23", "imsyak": "04:33", "shubuh": "04:43", "terbit": "06:01", "dhuha": "06:25", "dzuhur": "12:05", "ashr": "15:29", "magrib": "18:05", "isya": "19:19"}, {"tanggal": "2020-11-24", "imsyak": "04:33", "shubuh": "04:43", "terbit": "06:01", "dhuha": "06:25", "dzuhur": "12:05", "ashr": "15:29", "magrib": "18:06", "isya": "19:19"}, {"tanggal": "2020-11-25", "imsyak": "04:33", "shubuh": "04:43", "terbit": "06:01", "dhuha": "06:25", "dzuhur": "12:06", "ashr": "15:29", "magrib": "18:06", "isya": "19:19"}, {"tanggal": "2020-11-26", "imsyak": "04:33", "shubuh": "04:43", "terbit": "06:02", "dhuha": "06:26", "dzuhur": "12:06", "ashr": "15:30", "magrib": "18:06", "isya": "19:20"}, {"tanggal": "2020-11-27", "imsyak": "04:34", "shubuh": "04:44", "terbit": "06:02", "dhuha": "06:26", "dzuhur": "12:06", "ashr": "15:30", "magrib": "18:06", "isya": "19:20"}, {"tanggal": "2020-11-28", "imsyak": "04:34", "shubuh": "04:44", "terbit": "06:02", "dhuha": "06:26", "dzuhur": "12:07", "ashr": "15:31", "magrib": "18:07", "isya": "19:21"}, {"tanggal": "2020-11-29", "imsyak": "04:34", "shubuh": "04:44", "terbit": "06:03", "dhuha": "06:27", "dzuhur": "12:07", "ashr": "15:31", "magrib": "18:07", "isya": "19:21"}, {"tanggal": "2020-11-30", "imsyak": "04:34", "shubuh": "04:44", "terbit": "06:03", "dhuha": "06:27", "dzuhur": "12:07", "ashr": "15:31", "magrib": "18:07", "isya": "19:21"}]