[{"tanggal": "2020-12-01", "imsyak": "04:35", "shubuh": "04:45", "terbit": "06:03", "dhuha": "06:27", "dzuhur": "12:08", "ashr": "15:32", "magrib": "18:08", "isya": "19:22"}, {"tanggal": "2020-12-02", "imsyak": "04:35", "shubuh": "04:45", "terbit": "06:04", "dhuha": "06:28", "dzuhur": "12:08", "ashr": "15:32", "magrib": "18:08", "isya": "19:22"}, {"tanggal": "2020-12-03", "imsyak": "04:35", "shubuh": "04:45", "terbit": "06:04", "dhuha": "06:28", "dzuhur": "12:08", "ashr": "15:33", "magrib": "18:09", "isya": "19:23"}, {"tanggal": "2020-12-04", "imsyak": "04:36", "shubuh": "04:46", "terbit": "06:05", "dhuha": "06:29", "dzuhur": "12:09", "ashr": "15:33", "magrib": "18:09", "isya": "19:23"}, {"tanggal": "2020-12-05", "imsyak": "04:36", "shubuh": "04:46", "terbit": "06:05", "dhuha": "06:29", "dzuhur": "12:09", "ashr": "15:34", "magrib": "18:09", "isya": "19:24"}, {"tanggal": "2020-12-06", "imsyak": "04:36", "shubuh": "04:46", "terbit": "06:06", "dhuha": "06:30", "dzuhur": "12:10", "ashr": "15:34", "magrib": "18:10", "isya": "19:24"}, {"tanggal": "2020-12-07", "imsyak": "04:37", "shubuh": "04:47", "terbit": "06:06", "dhuha": "06:30", "dzuhur": "12:10", "ashr": "15:35", "magrib": "18:10", "isya": "19:25"}, {"tanggal": "2020-12-08", "imsyak": "04:37", "shubuh": "04:47", "terbit": "06:06", "dhuha": "06:30", "dzuhur": "12:10", "ashr": "15:35", "magrib": "18:11", "isya": "19:25"}, {"tanggal": "2020-12-09", "imsyak": "04:38", "shubuh": "04:48", "terbit": "06:07", "dhuha": "06:31", "dzuhur": "12:11", "ashr": "15:35", "magrib": "18:11", "isya": "19:26"}, {"tanggal": "2020-12-10", "imsyak": "04:38", "shubuh": "04:48", "terbit": "06:07", "dhuha": "06:31", "dzuhur": "12:11", "ashr": "15:36", "magrib": "18:11", "isya": "19:26"}, {"tanggal": "2020-12-11", "imsyak": "04:38", "shubuh": "04:48", "terbit": "06:08", "dhuha": "06:32", "dzuhur": "12:12", "ashr": "15:36", "magrib": "18:12", "isya": "19:27"}, {"tanggal": "2020-12-12", "imsyak": "04:39", "shubuh": "04:49", "terbit": "06:08", "dhuha": "06:32", "dzuhur": "12:12", "ashr": "15:37", "magrib": "18:12", "isya": "19:27"}, {"tanggal": "2020-12-13", "imsyak": "04:39", "shubuh": "04:49", "terbit": "06:09", "dhuha": "06:33", "dzuhur": "12:13", "ashr": "15:37", "magrib": "18:13", "isya": "19:28"}, {"tanggal": "2020-12-14", "imsyak": "04:40", "shubuh": "04:50", "terbit": "06:09", "dhuha": "06:33", "dzuhur": "12:13", "ashr": "15:38", "magrib": "18:13", "isya": "19:28"}, {"tanggal": "2020-12-15", "imsyak": "04:40", "shubuh": "04:50", "terbit": "06:10", "dhuha": "06:34", "dzuhur": "12:14", "ashr": "15:38", "magrib": "18:14", "isya": "19:29"}, {"tanggal": "2020-12-16", "imsyak": "04:41", "shubuh": "04:51", "terbit": "06:10", "dhuha": "06:34", "dzuhur": "12:14", "ashr": "15:39", "magrib": "18:14", "isya": "19:29"}, {"tanggal": "2020-12-17", "imsyak": "04:41", "shubuh": "04:51", "terbit": "06:11", "dhuha": "06:35", "dzuhur": "12:15", "ashr": "15:39", "magrib": "18:15", "isya": "19:30"}, {"tanggal": "2020-12-18", "imsyak": "04:42", "shubuh": "04:52", "terbit": "06:11", "dhuha": "06:35", "dzuhur": "12:15", "ashr": "15:40", "magrib": "18:15", "isya": "19:30"}, {"tanggal": "2020-12-19", "imsyak": "04:42", "shubuh": "04:52", "terbit": "06:12", "dhuha": "06:36", "dzuhur": "12:16", "ashr": "15:40", "magrib": "18:16", "isya": "19:31"}, {"tanggal": "2020-12-20", "imsyak": "04:43", "shubuh": "04:53", "terbit": "06:12", "dhuha": "06:36", "dzuhur": "12:16", "ashr": "15:41", "magrib": "18:16", "isya": "19:31"}, {"tanggal": "2020-12-21", "imsyak": "04:43", "shubuh": "04:53", "terbit": "06:13", "dhuha": "06:37", "dzuhur": "12:17", "ashr": "15:41", "magrib": "18:17", "isya": "19:32"}, {"tanggal": "2020-12-22", "imsyak": "04:43", "shubuh": "04:53", "terbit": "06:13", "dhuha": "06:37", "dzuhur": "12:17", "ashr": "15:42", "magrib": "18:17", "isya": "19:32"}, {"tanggal": "2020-12-23", "imsyak": "04:44", "shubuh": "04:54", "terbit": "06:14", "dhuha": "06:38", "dzuhur": "12:18", "ashr": "15:42", "magrib": "18:18", "isya": "19:33"}, {"tanggal": "2020-12-24", "imsyak": "04:44", "shubuh": "04:54", "terbit": "06:14", "dhuha": "06:38", "dzuhur": "12:18", "ashr": "15:43", "magrib": "18:18", "isya": "19:33"}, {"tanggal": "2020-12-25", "imsyak": "04:45", "shubuh": "04:55", "terbit": "06:15", "dhuha": "06:39", "dzuhur": "12:19", "ashr": "15:43", "magrib": "18:19", "isya": "19:34"}, {"tanggal": "2020-12-26", "imsyak": "04:46", "shubuh": "04:56", "terbit": "06:15", "dhuha": "06:39", "dzuhur": "12:19", "ashr": "15:44", "magrib": "18:19", "isya": "19:34"}, {"tanggal": "2020-12-27", "imsyak": "04:46", "shubuh": "04:56", "terbit": "06:16", "dhuha": "06:40", "dzuhur": "12:20", "ashr": "15:44", "magrib": "18:20", "isya": "19:34"}, {"tanggal": "2020-12-28", "imsyak": "04:47", "shubuh": "04:57", "terbit": "06:16", "dhuha": "06:40", "dzuhur": "12:20", "ashr": "15:45", "magrib": "18:20", "isya": "19:35"}, {"tanggal": "2020-12-29", "imsyak": "04:47", "shubuh": "04:57", "terbit": "06:17", "dhuha": "06:41", "dzuhur": "12:21", "ashr": "15:45", "magrib": "18:21", "isya": "19:35"}, {"tanggal": "2020-12-30", "imsyak": "04:48", "shubuh": "04:58", "terbit": "06:17", "dhuha": "06:41", "dzuhur": "12:21", "ashr": "15:46", "magrib": "18:21", "isya": "19:36"}, {"tanggal": "2020-12-31", "imsyak": "04:48", "shubuh": "04:58", "terbit": "06:18", "dhuha": "06:42", "dzuhur": "12:22", "ashr": "15:46", "magrib": "18:22", "isya": "19:36"}]