[{"tanggal": "2023-02-01", "imsyak": "05:08", "shubuh": "05:18", "terbit": "06:37", "dhuha": "07:01", "dzuhur": "12:56", "ashr": "16:14", "magrib": "19:11", "isya": "20:25"}, {"tanggal": "2023-02-02", "imsyak": "05:09", "shubuh": "05:19", "terbit": "06:37", "dhuha": "07:01", "dzuhur": "12:56", "ashr": "16:14", "magrib": "19:11", "isya": "20:24"}, {"tanggal": "2023-02-03", "imsyak": "05:09", "shubuh": "05:19", "terbit": "06:37", "dhuha": "07:01", "dzuhur": "12:56", "ashr": "16:14", "magrib": "19:11", "isya": "20:24"}, {"tanggal": "2023-02-04", "imsyak": "05:10", "shubuh": "05:20", "terbit": "06:38", "dhuha": "07:02", "dzuhur": "12:56", "ashr": "16:13", "magrib": "19:11", "isya": "20:24"}, {"tanggal": "2023-02-05", "imsyak": "05:10", "shubuh": "05:20", "terbit": "06:38", "dhuha": "07:02", "dzuhur": "12:56", "ashr": "16:13", "magrib": "19:10", "isya": "20:24"}, {"tanggal": "2023-02-06", "imsyak": "05:10", "shubuh": "05:20", "terbit": "06:38", "dhuha": "07:02", "dzuhur": "12:56", "ashr": "16:12", "magrib": "19:10", "isya": "20:23"}, {"tanggal": "2023-02-07", "imsyak": "05:11", "shubuh": "05:21", "terbit": "06:39", "dhuha": "07:03", "dzuhur": "12:56", "ashr": "16:12", "magrib": "19:10", "isya": "20:23"}, {"tanggal": "2023-02-08", "imsyak": "05:11", "shubuh": "05:21", "terbit": "06:39", "dhuha": "07:03", "dzuhur": "12:57", "ashr": "16:12", "magrib": "19:10", "isya": "20:23"}, {"tanggal": "2023-02-09", "imsyak": "05:12", "shubuh": "05:22", "terbit": "06:39", "dhuha": "07:03", "dzuhur": "12:57", "ashr": "16:11", "magrib": "19:10", "isya": "20:23"}, {"tanggal": "2023-02-10", "imsyak": "05:12", "shubuh": "05:22", "terbit": "06:39", "dhuha": "07:03", "dzuhur": "12:57", "ashr": "16:10", "magrib": "19:10", "isya": "20:22"}, {"tanggal": "2023-02-11", "imsyak": "05:13", "shubuh": "05:23", "terbit": "06:40", "dhuha": "07:04", "dzuhur": "12:57", "ashr": "16:10", "magrib": "19:09", "isya": "20:22"}, {"tanggal": "2023-02-12", "imsyak": "05:13", "shubuh": "05:23", "terbit": "06:40", "dhuha": "07:04", "dzuhur": "12:57", "ashr": "16:09", "magrib": "19:09", "isya": "20:22"}, {"tanggal": "2023-02-13", "imsyak": "05:13", "shubuh": "05:23", "terbit": "06:40", "dhuha": "07:04", "dzuhur": "12:57", "ashr": "16:09", "magrib": "19:09", "isya": "20:21"}, {"tanggal": "2023-02-14", "imsyak": "05:14", "shubuh": "05:24", "terbit": "06:40", "dhuha": "07:04", "dzuhur": "12:57", "ashr": "16:08", "magrib": "19:09", "isya": "20:21"}, {"tanggal": "2023-02-15", "imsyak": "05:14", "shubuh": "05:24", "terbit": "06:41", "dhuha": "07:05", "dzuhur": "12:57", "ashr": "16:07", "magrib": "19:08", "isya": "20:20"}, {"tanggal": "2023-02-16", "imsyak": "05:14", "shubuh": "05:24", "terbit": "06:41", "dhuha": "07:05", "dzuhur": "12:57", "ashr": "16:07", "magrib": "19:08", "isya": "20:20"}, {"tanggal": "2023-02-17", "imsyak": "05:15", "shubuh": "05:25", "terbit": "06:41", "dhuha": "07:05", "dzuhur": "12:56", "ashr": "16:06", "magrib": "19:08", "isya": "20:20"}, {"tanggal": "2023-02-18", "imsyak": "05:15", "shubuh": "05:25", "terbit": "06:41", "dhuha": "07:05", "dzuhur": "12:56", "ashr": "16:05", "magrib": "19:08", "isya": "20:19"}, {"tanggal": "2023-02-19", "imsyak": "05:15", "shubuh": "05:25", "terbit": "06:41", "dhuha": "07:05", "dzuhur": "12:56", "ashr": "16:04", "magrib": "19:07", "isya": "20:19"}, {"tanggal": "2023-02-20", "imsyak": "05:16", "shubuh": "05:26", "terbit": "06:41", "dhuha": "07:05", "dzuhur": "12:56", "ashr": "16:03", "magrib": "19:07", "isya": "20:18"}, {"tanggal": "2023-02-21", "imsyak": "05:16", "shubuh": "05:26", "terbit": "06:42", "dhuha": "07:06", "dzuhur": "12:56", "ashr": "16:03", "magrib": "19:07", "isya": "20:18"}, {"tanggal": "2023-02-22", "imsyak": "05:16", "shubuh": "05:26", "terbit": "06:42", "dhuha": "07:06", "dzuhur": "12:56", "ashr": "16:02", "magrib": "19:06", "isya": "20:17"}, {"tanggal": "2023-02-23", "imsyak": "05:16", "shubuh": "05:26", "terbit": "06:42", "dhuha": "07:06", "dzuhur": "12:56", "ashr": "16:01", "magrib": "19:06", "isya": "20:17"}, {"tanggal": "2023-02-24", "imsyak": "05:17", "shubuh": "05:27", "terbit": "06:42", "dhuha": "07:06", "dzuhur": "12:56", "ashr": "16:00", "magrib": "19:05", "isya": "20:16"}, {"tanggal": "2023-02-25", "imsyak": "05:17", "shubuh": "05:27", "terbit": "06:42", "dhuha": "07:06", "dzuhur": "12:56", "ashr": "15:59", "magrib": "19:05", "isya": "20:16"}, {"tanggal": "2023-02-26", "imsyak": "05:17", "shubuh": "05:27", "terbit": "06:42", "dhuha": "07:06", "dzuhur": "12:55", "ashr": "15:58", "magrib": "19:05", "isya": "20:15"}, {"tanggal": "2023-02-27", "imsyak": "05:17", "shubuh": "05:27", "terbit": "06:42", "dhuha": "07:06", "dzuhur": "12:55", "ashr": "15:58", "magrib": "19:04", "isya": "20:15"}, {"tanggal": "2023-02-28", "imsyak": "05:17", "shubuh": "05:27", "terbit": "06:42", "dhuha": "07:06", "dzuhur": "12:55", "ashr": "15:59", "magrib": "19:04", "isya": "20:14"}]