[{"tanggal": "2023-05-01", "imsyak": "05:16", "shubuh": "05:26", "terbit": "06:42", "dhuha": "07:06", "dzuhur": "12:40", "ashr": "16:01", "magrib": "18:33", "isya": "19:45"}, {"tanggal": "2023-05-02", "imsyak": "05:16", "shubuh": "05:26", "terbit": "06:42", "dhuha": "07:06", "dzuhur": "12:40", "ashr": "16:01", "magrib": "18:33", "isya": "19:45"}, {"tanggal": "2023-05-03", "imsyak": "05:16", "shubuh": "05:26", "terbit": "06:42", "dhuha": "07:06", "dzuhur": "12:39", "ashr": "16:00", "magrib": "18:33", "isya": "19:45"}, {"tanggal": "2023-05-04", "imsyak": "05:16", "shubuh": "05:26", "terbit": "06:42", "dhuha": "07:06", "dzuhur": "12:39", "ashr": "16:00", "magrib": "18:32", "isya": "19:44"}, {"tanggal": "2023-05-05", "imsyak": "05:16", "shubuh": "05:26", "terbit": "06:42", "dhuha": "07:06", "dzuhur": "12:39", "ashr": "16:00", "magrib": "18:32", "isya": "19:44"}, {"tanggal": "2023-05-06", "imsyak": "05:16", "shubuh": "05:26", "terbit": "06:42", "dhuha": "07:06", "dzuhur": "12:39", "ashr": "16:00", "magrib": "18:32", "isya": "19:44"}, {"tanggal": "2023-05-07", "imsyak": "05:16", "shubuh": "05:26", "terbit": "06:42", "dhuha": "07:06", "dzuhur": "12:39", "ashr": "16:00", "magrib": "18:32", "isya": "19:44"}, {"tanggal": "2023-05-08", "imsyak": "05:16", "shubuh": "05:26", "terbit": "06:43", "dhuha": "07:07", "dzuhur": "12:39", "ashr": "16:00", "magrib": "18:31", "isya": "19:44"}, {"tanggal": "2023-05-09", "imsyak": "05:16", "shubuh": "05:26", "terbit": "06:43", "dhuha": "07:07", "dzuhur": "12:39", "ashr": "16:00", "magrib": "18:31", "isya": "19:43"}, {"tanggal": "2023-05-10", "imsyak": "05:16", "shubuh": "05:26", "terbit": "06:43", "dhuha": "07:07", "dzuhur": "12:39", "ashr": "16:00", "magrib": "18:31", "isya": "19:43"}, {"tanggal": "2023-05-11", "imsyak": "05:16", "shubuh": "05:26", "terbit": "06:43", "dhuha": "07:07", "dzuhur": "12:39", "ashr": "16:00", "magrib": "18:31", "isya": "19:43"}, {"tanggal": "2023-05-12", "imsyak": "05:16", "shubuh": "05:26", "terbit": "06:43", "dhuha": "07:07", "dzuhur": "12:39", "ashr": "16:00", "magrib": "18:30", "isya": "19:43"}, {"tanggal": "2023-05-13", "imsyak": "05:16", "shubuh": "05:26", "terbit": "06:43", "dhuha": "07:07", "dzuhur": "12:39", "ashr": "16:00", "magrib": "18:30", "isya": "19:43"}, {"tanggal": "2023-05-14", "imsyak": "05:16", "shubuh": "05:26", "terbit": "06:43", "dhuha": "07:07", "dzuhur": "12:39", "ashr": "16:00", "magrib": "18:30", "isya": "19:43"}, {"tanggal": "2023-05-15", "imsyak": "05:16", "shubuh": "05:26", "terbit": "06:44", "dhuha": "07:08", "dzuhur": "12:39", "ashr": "16:00", "magrib": "18:30", "isya": "19:43"}, {"tanggal": "2023-05-16", "imsyak": "05:16", "shubuh": "05:26", "terbit": "06:44", "dhuha": "07:08", "dzuhur": "12:39", "ashr": "16:00", "magrib": "18:30", "isya": "19:43"}, {"tanggal": "2023-05-17", "imsyak": "05:16", "shubuh": "05:26", "terbit": "06:44", "dhuha": "07:08", "dzuhur": "12:39", "ashr": "16:00", "magrib": "18:30", "isya": "19:43"}, {"tanggal": "2023-05-18", "imsyak": "05:16", "shubuh": "05:26", "terbit": "06:44", "dhuha": "07:08", "dzuhur": "12:39", "ashr": "15:59", "magrib": "18:29", "isya": "19:43"}, {"tanggal": "2023-05-19", "imsyak": "05:16", "shubuh": "05:26", "terbit": "06:44", "dhuha": "07:08", "dzuhur": "12:39", "ashr": "15:59", "magrib": "18:29", "isya": "19:43"}, {"tanggal": "2023-05-20", "imsyak": "05:17", "shubuh": "05:27", "terbit": "06:44", "dhuha": "07:08", "dzuhur": "12:39", "ashr": "15:59", "magrib": "18:29", "isya": "19:43"}, {"tanggal": "2023-05-21", "imsyak": "05:17", "shubuh": "05:27", "terbit": "06:45", "dhuha": "07:09", "dzuhur": "12:39", "ashr": "15:59", "magrib": "18:29", "isya": "19:43"}, {"tanggal": "2023-05-22", "imsyak": "05:17", "shubuh": "05:27", "terbit": "06:45", "dhuha": "07:09", "dzuhur": "12:39", "ashr": "15:59", "magrib": "18:29", "isya": "19:43"}, {"tanggal": "2023-05-23", "imsyak": "05:17", "shubuh": "05:27", "terbit": "06:45", "dhuha": "07:09", "dzuhur": "12:39", "ashr": "16:00", "magrib": "18:29", "isya": "19:43"}, {"tanggal": "2023-05-24", "imsyak": "05:17", "shubuh": "05:27", "terbit": "06:45", "dhuha": "07:09", "dzuhur": "12:39", "ashr": "16:00", "magrib": "18:29", "isya": "19:43"}, {"tanggal": "2023-05-25", "imsyak": "05:17", "shubuh": "05:27", "terbit": "06:46", "dhuha": "07:10", "dzuhur": "12:39", "ashr": "16:00", "magrib": "18:29", "isya": "19:43"}, {"tanggal": "2023-05-26", "imsyak": "05:17", "shubuh": "05:27", "terbit": "06:46", "dhuha": "07:10", "dzuhur": "12:39", "ashr": "16:00", "magrib": "18:29", "isya": "19:43"}, {"tanggal": "2023-05-27", "imsyak": "05:17", "shubuh": "05:27", "terbit": "06:46", "dhuha": "07:10", "dzuhur": "12:39", "ashr": "16:00", "magrib": "18:29", "isya": "19:43"}, {"tanggal": "2023-05-28", "imsyak": "05:17", "shubuh": "05:27", "terbit": "06:46", "dhuha": "07:10", "dzuhur": "12:40", "ashr": "16:00", "magrib": "18:29", "isya": "19:43"}, {"tanggal": "2023-05-29", "imsyak": "05:18", "shubuh": "05:28", "terbit": "06:46", "dhuha": "07:10", "dzuhur": "12:40", "ashr": "16:00", "magrib": "18:29", "isya": "19:43"}, {"tanggal": "2023-05-30", "imsyak": "05:18", "shubuh": "05:28", "terbit": "06:47", "dhuha": "07:11", "dzuhur": "12:40", "ashr": "16:00", "magrib": "18:29", "isya": "19:43"}, {"tanggal": "2023-05-31", "imsyak": "05:18", "shubuh": "05:28", "terbit": "06:47", "dhuha": "07:11", "dzuhur": "12:40", "ashr": "16:00", "magrib": "18:29", "isya": "19:43"}]