[{"imsyak": "04:25", "shubuh": "04:35", "dzuhur": "12:03", "tanggal": "2019-12-01", "terbit": "05:54", "magrib": "18:09", "isya": "19:23", "dhuha": "06:18", "ashr": "15:28"}, {"imsyak": "04:25", "shubuh": "04:35", "dzuhur": "12:04", "tanggal": "2019-12-02", "terbit": "05:54", "magrib": "18:09", "isya": "19:24", "dhuha": "06:18", "ashr": "15:29"}, {"imsyak": "04:25", "shubuh": "04:35", "dzuhur": "12:04", "tanggal": "2019-12-03", "terbit": "05:54", "magrib": "18:10", "isya": "19:24", "dhuha": "06:18", "ashr": "15:29"}, {"imsyak": "04:25", "shubuh": "04:35", "dzuhur": "12:04", "tanggal": "2019-12-04", "terbit": "05:55", "magrib": "18:10", "isya": "19:25", "dhuha": "06:19", "ashr": "15:30"}, {"imsyak": "04:26", "shubuh": "04:36", "dzuhur": "12:05", "tanggal": "2019-12-05", "terbit": "05:55", "magrib": "18:11", "isya": "19:25", "dhuha": "06:19", "ashr": "15:30"}, {"imsyak": "04:26", "shubuh": "04:36", "dzuhur": "12:05", "tanggal": "2019-12-06", "terbit": "05:55", "magrib": "18:11", "isya": "19:26", "dhuha": "06:19", "ashr": "15:31"}, {"imsyak": "04:26", "shubuh": "04:36", "dzuhur": "12:06", "tanggal": "2019-12-07", "terbit": "05:56", "magrib": "18:11", "isya": "19:26", "dhuha": "06:20", "ashr": "15:31"}, {"imsyak": "04:27", "shubuh": "04:37", "dzuhur": "12:06", "tanggal": "2019-12-08", "terbit": "05:56", "magrib": "18:12", "isya": "19:27", "dhuha": "06:20", "ashr": "15:32"}, {"imsyak": "04:27", "shubuh": "04:37", "dzuhur": "12:06", "tanggal": "2019-12-09", "terbit": "05:57", "magrib": "18:12", "isya": "19:27", "dhuha": "06:21", "ashr": "15:32"}, {"imsyak": "04:27", "shubuh": "04:37", "dzuhur": "12:07", "tanggal": "2019-12-10", "terbit": "05:57", "magrib": "18:13", "isya": "19:28", "dhuha": "06:21", "ashr": "15:33"}, {"imsyak": "04:28", "shubuh": "04:38", "dzuhur": "12:07", "tanggal": "2019-12-11", "terbit": "05:57", "magrib": "18:13", "isya": "19:28", "dhuha": "06:21", "ashr": "15:33"}, {"imsyak": "04:28", "shubuh": "04:38", "dzuhur": "12:08", "tanggal": "2019-12-12", "terbit": "05:58", "magrib": "18:14", "isya": "19:29", "dhuha": "06:22", "ashr": "15:34"}, {"imsyak": "04:28", "shubuh": "04:38", "dzuhur": "12:08", "tanggal": "2019-12-13", "terbit": "05:58", "magrib": "18:14", "isya": "19:29", "dhuha": "06:22", "ashr": "15:34"}, {"imsyak": "04:29", "shubuh": "04:39", "dzuhur": "12:09", "tanggal": "2019-12-14", "terbit": "05:59", "magrib": "18:15", "isya": "19:30", "dhuha": "06:23", "ashr": "15:35"}, {"imsyak": "04:29", "shubuh": "04:39", "dzuhur": "12:09", "tanggal": "2019-12-15", "terbit": "05:59", "magrib": "18:15", "isya": "19:30", "dhuha": "06:23", "ashr": "15:35"}, {"imsyak": "04:30", "shubuh": "04:40", "dzuhur": "12:10", "tanggal": "2019-12-16", "terbit": "06:00", "magrib": "18:16", "isya": "19:31", "dhuha": "06:24", "ashr": "15:36"}, {"imsyak": "04:30", "shubuh": "04:40", "dzuhur": "12:10", "tanggal": "2019-12-17", "terbit": "06:00", "magrib": "18:16", "isya": "19:31", "dhuha": "06:24", "ashr": "15:36"}, {"imsyak": "04:31", "shubuh": "04:41", "dzuhur": "12:11", "tanggal": "2019-12-18", "terbit": "06:01", "magrib": "18:17", "isya": "19:32", "dhuha": "06:25", "ashr": "15:37"}, {"imsyak": "04:31", "shubuh": "04:41", "dzuhur": "12:11", "tanggal": "2019-12-19", "terbit": "06:01", "magrib": "18:17", "isya": "19:32", "dhuha": "06:25", "ashr": "15:37"}, {"imsyak": "04:32", "shubuh": "04:42", "dzuhur": "12:12", "tanggal": "2019-12-20", "terbit": "06:02", "magrib": "18:18", "isya": "19:33", "dhuha": "06:26", "ashr": "15:38"}, {"imsyak": "04:32", "shubuh": "04:42", "dzuhur": "12:12", "tanggal": "2019-12-21", "terbit": "06:02", "magrib": "18:18", "isya": "19:33", "dhuha": "06:26", "ashr": "15:38"}, {"imsyak": "04:33", "shubuh": "04:43", "dzuhur": "12:13", "tanggal": "2019-12-22", "terbit": "06:03", "magrib": "18:19", "isya": "19:34", "dhuha": "06:27", "ashr": "15:39"}, {"imsyak": "04:33", "shubuh": "04:43", "dzuhur": "12:13", "tanggal": "2019-12-23", "terbit": "06:03", "magrib": "18:19", "isya": "19:34", "dhuha": "06:27", "ashr": "15:39"}, {"imsyak": "04:34", "shubuh": "04:44", "dzuhur": "12:14", "tanggal": "2019-12-24", "terbit": "06:04", "magrib": "18:20", "isya": "19:35", "dhuha": "06:28", "ashr": "15:40"}, {"imsyak": "04:34", "shubuh": "04:44", "dzuhur": "12:14", "tanggal": "2019-12-25", "terbit": "06:04", "magrib": "18:20", "isya": "19:35", "dhuha": "06:28", "ashr": "15:40"}, {"imsyak": "04:35", "shubuh": "04:45", "dzuhur": "12:15", "tanggal": "2019-12-26", "terbit": "06:05", "magrib": "18:21", "isya": "19:36", "dhuha": "06:29", "ashr": "15:41"}, {"imsyak": "04:35", "shubuh": "04:45", "dzuhur": "12:15", "tanggal": "2019-12-27", "terbit": "06:05", "magrib": "18:21", "isya": "19:36", "dhuha": "06:29", "ashr": "15:41"}, {"imsyak": "04:36", "shubuh": "04:46", "dzuhur": "12:16", "tanggal": "2019-12-28", "terbit": "06:06", "magrib": "18:22", "isya": "19:37", "dhuha": "06:30", "ashr": "15:42"}, {"imsyak": "04:36", "shubuh": "04:46", "dzuhur": "12:16", "tanggal": "2019-12-29", "terbit": "06:06", "magrib": "18:22", "isya": "19:37", "dhuha": "06:30", "ashr": "15:42"}, {"imsyak": "04:37", "shubuh": "04:47", "dzuhur": "12:17", "tanggal": "2019-12-30", "terbit": "06:07", "magrib": "18:23", "isya": "19:38", "dhuha": "06:31", "ashr": "15:43"}, {"imsyak": "04:37", "shubuh": "04:47", "dzuhur": "12:17", "tanggal": "2019-12-31", "terbit": "06:07", "magrib": "18:23", "isya": "19:38", "dhuha": "06:31", "ashr": "15:43"}]