[{"imsyak": "04:00", "shubuh": "04:10", "dzuhur": "11:29", "tanggal": "2020-04-01", "terbit": "05:23", "magrib": "17:32", "isya": "18:41", "dhuha": "05:47", "ashr": "14:42"}, {"imsyak": "04:00", "shubuh": "04:10", "dzuhur": "11:29", "tanggal": "2020-04-02", "terbit": "05:23", "magrib": "17:31", "isya": "18:40", "dhuha": "05:47", "ashr": "14:42"}, {"imsyak": "04:00", "shubuh": "04:10", "dzuhur": "11:29", "tanggal": "2020-04-03", "terbit": "05:23", "magrib": "17:31", "isya": "18:40", "dhuha": "05:47", "ashr": "14:42"}, {"imsyak": "04:00", "shubuh": "04:10", "dzuhur": "11:29", "tanggal": "2020-04-04", "terbit": "05:23", "magrib": "17:31", "isya": "18:40", "dhuha": "05:47", "ashr": "14:42"}, {"imsyak": "03:59", "shubuh": "04:09", "dzuhur": "11:28", "tanggal": "2020-04-05", "terbit": "05:22", "magrib": "17:30", "isya": "18:39", "dhuha": "05:46", "ashr": "14:42"}, {"imsyak": "03:59", "shubuh": "04:09", "dzuhur": "11:28", "tanggal": "2020-04-06", "terbit": "05:22", "magrib": "17:30", "isya": "18:39", "dhuha": "05:46", "ashr": "14:42"}, {"imsyak": "03:59", "shubuh": "04:09", "dzuhur": "11:28", "tanggal": "2020-04-07", "terbit": "05:22", "magrib": "17:29", "isya": "18:39", "dhuha": "05:46", "ashr": "14:43"}, {"imsyak": "03:58", "shubuh": "04:08", "dzuhur": "11:27", "tanggal": "2020-04-08", "terbit": "05:22", "magrib": "17:29", "isya": "18:38", "dhuha": "05:46", "ashr": "14:43"}, {"imsyak": "03:58", "shubuh": "04:08", "dzuhur": "11:27", "tanggal": "2020-04-09", "terbit": "05:22", "magrib": "17:29", "isya": "18:38", "dhuha": "05:46", "ashr": "14:43"}, {"imsyak": "03:58", "shubuh": "04:08", "dzuhur": "11:27", "tanggal": "2020-04-10", "terbit": "05:21", "magrib": "17:28", "isya": "18:38", "dhuha": "05:45", "ashr": "14:43"}, {"imsyak": "03:58", "shubuh": "04:08", "dzuhur": "11:27", "tanggal": "2020-04-11", "terbit": "05:21", "magrib": "17:28", "isya": "18:38", "dhuha": "05:45", "ashr": "14:43"}, {"imsyak": "03:57", "shubuh": "04:07", "dzuhur": "11:26", "tanggal": "2020-04-12", "terbit": "05:21", "magrib": "17:28", "isya": "18:37", "dhuha": "05:45", "ashr": "14:43"}, {"imsyak": "03:57", "shubuh": "04:07", "dzuhur": "11:26", "tanggal": "2020-04-13", "terbit": "05:21", "magrib": "17:27", "isya": "18:37", "dhuha": "05:45", "ashr": "14:43"}, {"imsyak": "03:57", "shubuh": "04:07", "dzuhur": "11:26", "tanggal": "2020-04-14", "terbit": "05:21", "magrib": "17:27", "isya": "18:37", "dhuha": "05:45", "ashr": "14:43"}, {"imsyak": "03:57", "shubuh": "04:07", "dzuhur": "11:26", "tanggal": "2020-04-15", "terbit": "05:21", "magrib": "17:27", "isya": "18:36", "dhuha": "05:45", "ashr": "14:43"}, {"imsyak": "03:56", "shubuh": "04:06", "dzuhur": "11:25", "tanggal": "2020-04-16", "terbit": "05:20", "magrib": "17:26", "isya": "18:36", "dhuha": "05:44", "ashr": "14:43"}, {"imsyak": "03:56", "shubuh": "04:06", "dzuhur": "11:25", "tanggal": "2020-04-17", "terbit": "05:20", "magrib": "17:26", "isya": "18:36", "dhuha": "05:44", "ashr": "14:43"}, {"imsyak": "03:56", "shubuh": "04:06", "dzuhur": "11:25", "tanggal": "2020-04-18", "terbit": "05:20", "magrib": "17:26", "isya": "18:36", "dhuha": "05:44", "ashr": "14:43"}, {"imsyak": "03:56", "shubuh": "04:06", "dzuhur": "11:25", "tanggal": "2020-04-19", "terbit": "05:20", "magrib": "17:26", "isya": "18:36", "dhuha": "05:44", "ashr": "14:43"}, {"imsyak": "03:56", "shubuh": "04:06", "dzuhur": "11:25", "tanggal": "2020-04-20", "terbit": "05:20", "magrib": "17:25", "isya": "18:35", "dhuha": "05:44", "ashr": "14:44"}, {"imsyak": "03:55", "shubuh": "04:05", "dzuhur": "11:24", "tanggal": "2020-04-21", "terbit": "05:20", "magrib": "17:25", "isya": "18:35", "dhuha": "05:44", "ashr": "14:44"}, {"imsyak": "03:55", "shubuh": "04:05", "dzuhur": "11:24", "tanggal": "2020-04-22", "terbit": "05:20", "magrib": "17:25", "isya": "18:35", "dhuha": "05:44", "ashr": "14:44"}, {"imsyak": "03:55", "shubuh": "04:05", "dzuhur": "11:24", "tanggal": "2020-04-23", "terbit": "05:19", "magrib": "17:24", "isya": "18:35", "dhuha": "05:43", "ashr": "14:44"}, {"imsyak": "03:55", "shubuh": "04:05", "dzuhur": "11:24", "tanggal": "2020-04-24", "terbit": "05:19", "magrib": "17:24", "isya": "18:35", "dhuha": "05:43", "ashr": "14:44"}, {"imsyak": "03:54", "shubuh": "04:04", "dzuhur": "11:24", "tanggal": "2020-04-25", "terbit": "05:19", "magrib": "17:24", "isya": "18:35", "dhuha": "05:43", "ashr": "14:44"}, {"imsyak": "03:54", "shubuh": "04:04", "dzuhur": "11:23", "tanggal": "2020-04-26", "terbit": "05:19", "magrib": "17:24", "isya": "18:34", "dhuha": "05:43", "ashr": "14:44"}, {"imsyak": "03:54", "shubuh": "04:04", "dzuhur": "11:23", "tanggal": "2020-04-27", "terbit": "05:19", "magrib": "17:23", "isya": "18:34", "dhuha": "05:43", "ashr": "14:44"}, {"imsyak": "03:54", "shubuh": "04:04", "dzuhur": "11:23", "tanggal": "2020-04-28", "terbit": "05:19", "magrib": "17:23", "isya": "18:34", "dhuha": "05:43", "ashr": "14:44"}, {"imsyak": "03:54", "shubuh": "04:04", "dzuhur": "11:23", "tanggal": "2020-04-29", "terbit": "05:19", "magrib": "17:23", "isya": "18:34", "dhuha": "05:43", "ashr": "14:44"}, {"imsyak": "03:53", "shubuh": "04:03", "dzuhur": "11:23", "tanggal": "2020-04-30", "terbit": "05:19", "magrib": "17:23", "isya": "18:34", "dhuha": "05:43", "ashr": "14:44"}]