[{"imsyak": "03:53", "shubuh": "04:03", "dzuhur": "11:23", "tanggal": "2020-05-01", "terbit": "05:19", "magrib": "17:23", "isya": "18:34", "dhuha": "05:43", "ashr": "14:44"}, {"imsyak": "03:53", "shubuh": "04:03", "dzuhur": "11:23", "tanggal": "2020-05-02", "terbit": "05:19", "magrib": "17:22", "isya": "18:34", "dhuha": "05:43", "ashr": "14:44"}, {"imsyak": "03:53", "shubuh": "04:03", "dzuhur": "11:22", "tanggal": "2020-05-03", "terbit": "05:19", "magrib": "17:22", "isya": "18:34", "dhuha": "05:43", "ashr": "14:44"}, {"imsyak": "03:53", "shubuh": "04:03", "dzuhur": "11:22", "tanggal": "2020-05-04", "terbit": "05:19", "magrib": "17:22", "isya": "18:34", "dhuha": "05:43", "ashr": "14:44"}, {"imsyak": "03:53", "shubuh": "04:03", "dzuhur": "11:22", "tanggal": "2020-05-05", "terbit": "05:19", "magrib": "17:22", "isya": "18:34", "dhuha": "05:43", "ashr": "14:44"}, {"imsyak": "03:53", "shubuh": "04:03", "dzuhur": "11:22", "tanggal": "2020-05-06", "terbit": "05:19", "magrib": "17:22", "isya": "18:34", "dhuha": "05:43", "ashr": "14:44"}, {"imsyak": "03:52", "shubuh": "04:02", "dzuhur": "11:22", "tanggal": "2020-05-07", "terbit": "05:19", "magrib": "17:22", "isya": "18:33", "dhuha": "05:43", "ashr": "14:44"}, {"imsyak": "03:52", "shubuh": "04:02", "dzuhur": "11:22", "tanggal": "2020-05-08", "terbit": "05:19", "magrib": "17:22", "isya": "18:33", "dhuha": "05:43", "ashr": "14:44"}, {"imsyak": "03:52", "shubuh": "04:02", "dzuhur": "11:22", "tanggal": "2020-05-09", "terbit": "05:19", "magrib": "17:21", "isya": "18:33", "dhuha": "05:43", "ashr": "14:44"}, {"imsyak": "03:52", "shubuh": "04:02", "dzuhur": "11:22", "tanggal": "2020-05-10", "terbit": "05:19", "magrib": "17:21", "isya": "18:33", "dhuha": "05:43", "ashr": "14:44"}, {"imsyak": "03:52", "shubuh": "04:02", "dzuhur": "11:22", "tanggal": "2020-05-11", "terbit": "05:19", "magrib": "17:21", "isya": "18:34", "dhuha": "05:43", "ashr": "14:45"}, {"imsyak": "03:52", "shubuh": "04:02", "dzuhur": "11:22", "tanggal": "2020-05-12", "terbit": "05:19", "magrib": "17:21", "isya": "18:34", "dhuha": "05:43", "ashr": "14:45"}, {"imsyak": "03:52", "shubuh": "04:02", "dzuhur": "11:22", "tanggal": "2020-05-13", "terbit": "05:19", "magrib": "17:21", "isya": "18:34", "dhuha": "05:43", "ashr": "14:45"}, {"imsyak": "03:52", "shubuh": "04:02", "dzuhur": "11:22", "tanggal": "2020-05-14", "terbit": "05:19", "magrib": "17:21", "isya": "18:34", "dhuha": "05:43", "ashr": "14:45"}, {"imsyak": "03:52", "shubuh": "04:02", "dzuhur": "11:22", "tanggal": "2020-05-15", "terbit": "05:19", "magrib": "17:21", "isya": "18:34", "dhuha": "05:43", "ashr": "14:45"}, {"imsyak": "03:52", "shubuh": "04:02", "dzuhur": "11:22", "tanggal": "2020-05-16", "terbit": "05:19", "magrib": "17:21", "isya": "18:34", "dhuha": "05:43", "ashr": "14:45"}, {"imsyak": "03:52", "shubuh": "04:02", "dzuhur": "11:22", "tanggal": "2020-05-17", "terbit": "05:19", "magrib": "17:21", "isya": "18:34", "dhuha": "05:43", "ashr": "14:45"}, {"imsyak": "03:52", "shubuh": "04:02", "dzuhur": "11:22", "tanggal": "2020-05-18", "terbit": "05:19", "magrib": "17:21", "isya": "18:34", "dhuha": "05:43", "ashr": "14:45"}, {"imsyak": "03:52", "shubuh": "04:02", "dzuhur": "11:22", "tanggal": "2020-05-19", "terbit": "05:19", "magrib": "17:21", "isya": "18:34", "dhuha": "05:43", "ashr": "14:45"}, {"imsyak": "03:52", "shubuh": "04:02", "dzuhur": "11:22", "tanggal": "2020-05-20", "terbit": "05:19", "magrib": "17:21", "isya": "18:34", "dhuha": "05:43", "ashr": "14:45"}, {"imsyak": "03:52", "shubuh": "04:02", "dzuhur": "11:22", "tanggal": "2020-05-21", "terbit": "05:19", "magrib": "17:21", "isya": "18:34", "dhuha": "05:43", "ashr": "14:46"}, {"imsyak": "03:52", "shubuh": "04:02", "dzuhur": "11:22", "tanggal": "2020-05-22", "terbit": "05:19", "magrib": "17:21", "isya": "18:34", "dhuha": "05:43", "ashr": "14:46"}, {"imsyak": "03:52", "shubuh": "04:02", "dzuhur": "11:22", "tanggal": "2020-05-23", "terbit": "05:20", "magrib": "17:21", "isya": "18:34", "dhuha": "05:44", "ashr": "14:46"}, {"imsyak": "03:52", "shubuh": "04:02", "dzuhur": "11:22", "tanggal": "2020-05-24", "terbit": "05:20", "magrib": "17:21", "isya": "18:35", "dhuha": "05:44", "ashr": "14:46"}, {"imsyak": "03:52", "shubuh": "04:02", "dzuhur": "11:22", "tanggal": "2020-05-25", "terbit": "05:20", "magrib": "17:21", "isya": "18:35", "dhuha": "05:44", "ashr": "14:46"}, {"imsyak": "03:52", "shubuh": "04:02", "dzuhur": "11:23", "tanggal": "2020-05-26", "terbit": "05:20", "magrib": "17:21", "isya": "18:35", "dhuha": "05:44", "ashr": "14:46"}, {"imsyak": "03:52", "shubuh": "04:02", "dzuhur": "11:23", "tanggal": "2020-05-27", "terbit": "05:20", "magrib": "17:21", "isya": "18:35", "dhuha": "05:44", "ashr": "14:46"}, {"imsyak": "03:52", "shubuh": "04:02", "dzuhur": "11:23", "tanggal": "2020-05-28", "terbit": "05:20", "magrib": "17:21", "isya": "18:35", "dhuha": "05:44", "ashr": "14:46"}, {"imsyak": "03:52", "shubuh": "04:02", "dzuhur": "11:23", "tanggal": "2020-05-29", "terbit": "05:20", "magrib": "17:21", "isya": "18:35", "dhuha": "05:44", "ashr": "14:47"}, {"imsyak": "03:52", "shubuh": "04:02", "dzuhur": "11:23", "tanggal": "2020-05-30", "terbit": "05:21", "magrib": "17:22", "isya": "18:36", "dhuha": "05:45", "ashr": "14:47"}, {"imsyak": "03:52", "shubuh": "04:02", "dzuhur": "11:23", "tanggal": "2020-05-31", "terbit": "05:21", "magrib": "17:22", "isya": "18:36", "dhuha": "05:45", "ashr": "14:47"}]