[{"imsyak": "03:52", "shubuh": "04:02", "dzuhur": "11:23", "tanggal": "2020-06-01", "terbit": "05:21", "magrib": "17:22", "isya": "18:36", "dhuha": "05:45", "ashr": "14:47"}, {"imsyak": "03:52", "shubuh": "04:02", "dzuhur": "11:24", "tanggal": "2020-06-02", "terbit": "05:21", "magrib": "17:22", "isya": "18:36", "dhuha": "05:45", "ashr": "14:47"}, {"imsyak": "03:52", "shubuh": "04:02", "dzuhur": "11:24", "tanggal": "2020-06-03", "terbit": "05:21", "magrib": "17:22", "isya": "18:36", "dhuha": "05:45", "ashr": "14:48"}, {"imsyak": "03:52", "shubuh": "04:02", "dzuhur": "11:24", "tanggal": "2020-06-04", "terbit": "05:21", "magrib": "17:22", "isya": "18:37", "dhuha": "05:45", "ashr": "14:48"}, {"imsyak": "03:53", "shubuh": "04:03", "dzuhur": "11:24", "tanggal": "2020-06-05", "terbit": "05:22", "magrib": "17:22", "isya": "18:37", "dhuha": "05:46", "ashr": "14:48"}, {"imsyak": "03:53", "shubuh": "04:03", "dzuhur": "11:24", "tanggal": "2020-06-06", "terbit": "05:22", "magrib": "17:23", "isya": "18:37", "dhuha": "05:46", "ashr": "14:48"}, {"imsyak": "03:53", "shubuh": "04:03", "dzuhur": "11:24", "tanggal": "2020-06-07", "terbit": "05:22", "magrib": "17:23", "isya": "18:37", "dhuha": "05:46", "ashr": "14:48"}, {"imsyak": "03:53", "shubuh": "04:03", "dzuhur": "11:25", "tanggal": "2020-06-08", "terbit": "05:22", "magrib": "17:23", "isya": "18:37", "dhuha": "05:46", "ashr": "14:49"}, {"imsyak": "03:53", "shubuh": "04:03", "dzuhur": "11:25", "tanggal": "2020-06-09", "terbit": "05:23", "magrib": "17:23", "isya": "18:38", "dhuha": "05:47", "ashr": "14:49"}, {"imsyak": "03:53", "shubuh": "04:03", "dzuhur": "11:25", "tanggal": "2020-06-10", "terbit": "05:23", "magrib": "17:23", "isya": "18:38", "dhuha": "05:47", "ashr": "14:49"}, {"imsyak": "03:54", "shubuh": "04:04", "dzuhur": "11:25", "tanggal": "2020-06-11", "terbit": "05:23", "magrib": "17:23", "isya": "18:38", "dhuha": "05:47", "ashr": "14:49"}, {"imsyak": "03:54", "shubuh": "04:04", "dzuhur": "11:25", "tanggal": "2020-06-12", "terbit": "05:23", "magrib": "17:24", "isya": "18:38", "dhuha": "05:47", "ashr": "14:49"}, {"imsyak": "03:54", "shubuh": "04:04", "dzuhur": "11:26", "tanggal": "2020-06-13", "terbit": "05:23", "magrib": "17:24", "isya": "18:39", "dhuha": "05:47", "ashr": "14:50"}, {"imsyak": "03:54", "shubuh": "04:04", "dzuhur": "11:26", "tanggal": "2020-06-14", "terbit": "05:24", "magrib": "17:24", "isya": "18:39", "dhuha": "05:48", "ashr": "14:50"}, {"imsyak": "03:54", "shubuh": "04:04", "dzuhur": "11:26", "tanggal": "2020-06-15", "terbit": "05:24", "magrib": "17:24", "isya": "18:39", "dhuha": "05:48", "ashr": "14:50"}, {"imsyak": "03:54", "shubuh": "04:04", "dzuhur": "11:26", "tanggal": "2020-06-16", "terbit": "05:24", "magrib": "17:24", "isya": "18:39", "dhuha": "05:48", "ashr": "14:50"}, {"imsyak": "03:55", "shubuh": "04:05", "dzuhur": "11:26", "tanggal": "2020-06-17", "terbit": "05:24", "magrib": "17:25", "isya": "18:39", "dhuha": "05:48", "ashr": "14:50"}, {"imsyak": "03:55", "shubuh": "04:05", "dzuhur": "11:27", "tanggal": "2020-06-18", "terbit": "05:25", "magrib": "17:25", "isya": "18:40", "dhuha": "05:49", "ashr": "14:51"}, {"imsyak": "03:55", "shubuh": "04:05", "dzuhur": "11:27", "tanggal": "2020-06-19", "terbit": "05:25", "magrib": "17:25", "isya": "18:40", "dhuha": "05:49", "ashr": "14:51"}, {"imsyak": "03:55", "shubuh": "04:05", "dzuhur": "11:27", "tanggal": "2020-06-20", "terbit": "05:25", "magrib": "17:25", "isya": "18:40", "dhuha": "05:49", "ashr": "14:51"}, {"imsyak": "03:56", "shubuh": "04:06", "dzuhur": "11:27", "tanggal": "2020-06-21", "terbit": "05:25", "magrib": "17:25", "isya": "18:40", "dhuha": "05:49", "ashr": "14:51"}, {"imsyak": "03:56", "shubuh": "04:06", "dzuhur": "11:28", "tanggal": "2020-06-22", "terbit": "05:25", "magrib": "17:26", "isya": "18:41", "dhuha": "05:49", "ashr": "14:52"}, {"imsyak": "03:56", "shubuh": "04:06", "dzuhur": "11:28", "tanggal": "2020-06-23", "terbit": "05:26", "magrib": "17:26", "isya": "18:41", "dhuha": "05:50", "ashr": "14:52"}, {"imsyak": "03:56", "shubuh": "04:06", "dzuhur": "11:28", "tanggal": "2020-06-24", "terbit": "05:26", "magrib": "17:26", "isya": "18:41", "dhuha": "05:50", "ashr": "14:52"}, {"imsyak": "03:56", "shubuh": "04:06", "dzuhur": "11:28", "tanggal": "2020-06-25", "terbit": "05:26", "magrib": "17:26", "isya": "18:41", "dhuha": "05:50", "ashr": "14:52"}, {"imsyak": "03:57", "shubuh": "04:07", "dzuhur": "11:28", "tanggal": "2020-06-26", "terbit": "05:26", "magrib": "17:27", "isya": "18:41", "dhuha": "05:50", "ashr": "14:52"}, {"imsyak": "03:57", "shubuh": "04:07", "dzuhur": "11:29", "tanggal": "2020-06-27", "terbit": "05:26", "magrib": "17:27", "isya": "18:42", "dhuha": "05:50", "ashr": "14:53"}, {"imsyak": "03:57", "shubuh": "04:07", "dzuhur": "11:29", "tanggal": "2020-06-28", "terbit": "05:27", "magrib": "17:27", "isya": "18:42", "dhuha": "05:51", "ashr": "14:53"}, {"imsyak": "03:57", "shubuh": "04:07", "dzuhur": "11:29", "tanggal": "2020-06-29", "terbit": "05:27", "magrib": "17:27", "isya": "18:42", "dhuha": "05:51", "ashr": "14:53"}, {"imsyak": "03:58", "shubuh": "04:08", "dzuhur": "11:29", "tanggal": "2020-06-30", "terbit": "05:27", "magrib": "17:27", "isya": "18:42", "dhuha": "05:51", "ashr": "14:53"}]