[{"imsyak": "03:58", "shubuh": "04:08", "dzuhur": "11:29", "tanggal": "2020-07-01", "terbit": "05:27", "magrib": "17:28", "isya": "18:42", "dhuha": "05:51", "ashr": "14:53"}, {"imsyak": "03:58", "shubuh": "04:08", "dzuhur": "11:30", "tanggal": "2020-07-02", "terbit": "05:27", "magrib": "17:28", "isya": "18:42", "dhuha": "05:51", "ashr": "14:54"}, {"imsyak": "03:58", "shubuh": "04:08", "dzuhur": "11:30", "tanggal": "2020-07-03", "terbit": "05:28", "magrib": "17:28", "isya": "18:43", "dhuha": "05:52", "ashr": "14:54"}, {"imsyak": "03:58", "shubuh": "04:08", "dzuhur": "11:30", "tanggal": "2020-07-04", "terbit": "05:28", "magrib": "17:28", "isya": "18:43", "dhuha": "05:52", "ashr": "14:54"}, {"imsyak": "03:59", "shubuh": "04:09", "dzuhur": "11:30", "tanggal": "2020-07-05", "terbit": "05:28", "magrib": "17:28", "isya": "18:43", "dhuha": "05:52", "ashr": "14:54"}, {"imsyak": "03:59", "shubuh": "04:09", "dzuhur": "11:30", "tanggal": "2020-07-06", "terbit": "05:28", "magrib": "17:29", "isya": "18:43", "dhuha": "05:52", "ashr": "14:54"}, {"imsyak": "03:59", "shubuh": "04:09", "dzuhur": "11:30", "tanggal": "2020-07-07", "terbit": "05:28", "magrib": "17:29", "isya": "18:43", "dhuha": "05:52", "ashr": "14:54"}, {"imsyak": "03:59", "shubuh": "04:09", "dzuhur": "11:31", "tanggal": "2020-07-08", "terbit": "05:28", "magrib": "17:29", "isya": "18:43", "dhuha": "05:52", "ashr": "14:55"}, {"imsyak": "03:59", "shubuh": "04:09", "dzuhur": "11:31", "tanggal": "2020-07-09", "terbit": "05:28", "magrib": "17:29", "isya": "18:43", "dhuha": "05:52", "ashr": "14:55"}, {"imsyak": "04:00", "shubuh": "04:10", "dzuhur": "11:31", "tanggal": "2020-07-10", "terbit": "05:29", "magrib": "17:29", "isya": "18:44", "dhuha": "05:53", "ashr": "14:55"}, {"imsyak": "04:00", "shubuh": "04:10", "dzuhur": "11:31", "tanggal": "2020-07-11", "terbit": "05:29", "magrib": "17:30", "isya": "18:44", "dhuha": "05:53", "ashr": "14:55"}, {"imsyak": "04:00", "shubuh": "04:10", "dzuhur": "11:31", "tanggal": "2020-07-12", "terbit": "05:29", "magrib": "17:30", "isya": "18:44", "dhuha": "05:53", "ashr": "14:55"}, {"imsyak": "04:00", "shubuh": "04:10", "dzuhur": "11:31", "tanggal": "2020-07-13", "terbit": "05:29", "magrib": "17:30", "isya": "18:44", "dhuha": "05:53", "ashr": "14:55"}, {"imsyak": "04:00", "shubuh": "04:10", "dzuhur": "11:31", "tanggal": "2020-07-14", "terbit": "05:29", "magrib": "17:30", "isya": "18:44", "dhuha": "05:53", "ashr": "14:55"}, {"imsyak": "04:00", "shubuh": "04:10", "dzuhur": "11:32", "tanggal": "2020-07-15", "terbit": "05:29", "magrib": "17:30", "isya": "18:44", "dhuha": "05:53", "ashr": "14:55"}, {"imsyak": "04:01", "shubuh": "04:11", "dzuhur": "11:32", "tanggal": "2020-07-16", "terbit": "05:29", "magrib": "17:30", "isya": "18:44", "dhuha": "05:53", "ashr": "14:55"}, {"imsyak": "04:01", "shubuh": "04:11", "dzuhur": "11:32", "tanggal": "2020-07-17", "terbit": "05:29", "magrib": "17:30", "isya": "18:44", "dhuha": "05:53", "ashr": "14:55"}, {"imsyak": "04:01", "shubuh": "04:11", "dzuhur": "11:32", "tanggal": "2020-07-18", "terbit": "05:29", "magrib": "17:30", "isya": "18:44", "dhuha": "05:53", "ashr": "14:55"}, {"imsyak": "04:01", "shubuh": "04:11", "dzuhur": "11:32", "tanggal": "2020-07-19", "terbit": "05:29", "magrib": "17:31", "isya": "18:44", "dhuha": "05:53", "ashr": "14:55"}, {"imsyak": "04:01", "shubuh": "04:11", "dzuhur": "11:32", "tanggal": "2020-07-20", "terbit": "05:29", "magrib": "17:31", "isya": "18:44", "dhuha": "05:53", "ashr": "14:55"}, {"imsyak": "04:01", "shubuh": "04:11", "dzuhur": "11:32", "tanggal": "2020-07-21", "terbit": "05:29", "magrib": "17:31", "isya": "18:44", "dhuha": "05:53", "ashr": "14:55"}, {"imsyak": "04:01", "shubuh": "04:11", "dzuhur": "11:32", "tanggal": "2020-07-22", "terbit": "05:29", "magrib": "17:31", "isya": "18:44", "dhuha": "05:53", "ashr": "14:55"}, {"imsyak": "04:01", "shubuh": "04:11", "dzuhur": "11:32", "tanggal": "2020-07-23", "terbit": "05:29", "magrib": "17:31", "isya": "18:44", "dhuha": "05:53", "ashr": "14:55"}, {"imsyak": "04:02", "shubuh": "04:12", "dzuhur": "11:32", "tanggal": "2020-07-24", "terbit": "05:29", "magrib": "17:31", "isya": "18:44", "dhuha": "05:53", "ashr": "14:55"}, {"imsyak": "04:02", "shubuh": "04:12", "dzuhur": "11:32", "tanggal": "2020-07-25", "terbit": "05:29", "magrib": "17:31", "isya": "18:44", "dhuha": "05:53", "ashr": "14:55"}, {"imsyak": "04:02", "shubuh": "04:12", "dzuhur": "11:32", "tanggal": "2020-07-26", "terbit": "05:29", "magrib": "17:31", "isya": "18:44", "dhuha": "05:53", "ashr": "14:55"}, {"imsyak": "04:02", "shubuh": "04:12", "dzuhur": "11:32", "tanggal": "2020-07-27", "terbit": "05:29", "magrib": "17:31", "isya": "18:44", "dhuha": "05:53", "ashr": "14:55"}, {"imsyak": "04:02", "shubuh": "04:12", "dzuhur": "11:32", "tanggal": "2020-07-28", "terbit": "05:29", "magrib": "17:31", "isya": "18:44", "dhuha": "05:53", "ashr": "14:55"}, {"imsyak": "04:02", "shubuh": "04:12", "dzuhur": "11:32", "tanggal": "2020-07-29", "terbit": "05:29", "magrib": "17:31", "isya": "18:44", "dhuha": "05:53", "ashr": "14:55"}, {"imsyak": "04:02", "shubuh": "04:12", "dzuhur": "11:32", "tanggal": "2020-07-30", "terbit": "05:29", "magrib": "17:31", "isya": "18:44", "dhuha": "05:53", "ashr": "14:55"}, {"imsyak": "04:02", "shubuh": "04:12", "dzuhur": "11:32", "tanggal": "2020-07-31", "terbit": "05:29", "magrib": "17:31", "isya": "18:44", "dhuha": "05:53", "ashr": "14:55"}]