[{"imsyak": "04:02", "shubuh": "04:12", "dzuhur": "11:32", "tanggal": "2020-08-01", "terbit": "05:29", "magrib": "17:31", "isya": "18:43", "dhuha": "05:53", "ashr": "14:55"}, {"imsyak": "04:02", "shubuh": "04:12", "dzuhur": "11:32", "tanggal": "2020-08-02", "terbit": "05:28", "magrib": "17:31", "isya": "18:43", "dhuha": "05:52", "ashr": "14:54"}, {"imsyak": "04:02", "shubuh": "04:12", "dzuhur": "11:32", "tanggal": "2020-08-03", "terbit": "05:28", "magrib": "17:31", "isya": "18:43", "dhuha": "05:52", "ashr": "14:54"}, {"imsyak": "04:02", "shubuh": "04:12", "dzuhur": "11:32", "tanggal": "2020-08-04", "terbit": "05:28", "magrib": "17:31", "isya": "18:43", "dhuha": "05:52", "ashr": "14:54"}, {"imsyak": "04:02", "shubuh": "04:12", "dzuhur": "11:32", "tanggal": "2020-08-05", "terbit": "05:28", "magrib": "17:31", "isya": "18:43", "dhuha": "05:52", "ashr": "14:54"}, {"imsyak": "04:02", "shubuh": "04:12", "dzuhur": "11:31", "tanggal": "2020-08-06", "terbit": "05:28", "magrib": "17:31", "isya": "18:43", "dhuha": "05:52", "ashr": "14:54"}, {"imsyak": "04:02", "shubuh": "04:12", "dzuhur": "11:31", "tanggal": "2020-08-07", "terbit": "05:28", "magrib": "17:31", "isya": "18:43", "dhuha": "05:52", "ashr": "14:53"}, {"imsyak": "04:02", "shubuh": "04:12", "dzuhur": "11:31", "tanggal": "2020-08-08", "terbit": "05:28", "magrib": "17:31", "isya": "18:42", "dhuha": "05:52", "ashr": "14:53"}, {"imsyak": "04:02", "shubuh": "04:12", "dzuhur": "11:31", "tanggal": "2020-08-09", "terbit": "05:27", "magrib": "17:31", "isya": "18:42", "dhuha": "05:51", "ashr": "14:53"}, {"imsyak": "04:01", "shubuh": "04:11", "dzuhur": "11:31", "tanggal": "2020-08-10", "terbit": "05:27", "magrib": "17:31", "isya": "18:42", "dhuha": "05:51", "ashr": "14:53"}, {"imsyak": "04:01", "shubuh": "04:11", "dzuhur": "11:31", "tanggal": "2020-08-11", "terbit": "05:27", "magrib": "17:31", "isya": "18:42", "dhuha": "05:51", "ashr": "14:52"}, {"imsyak": "04:01", "shubuh": "04:11", "dzuhur": "11:31", "tanggal": "2020-08-12", "terbit": "05:27", "magrib": "17:31", "isya": "18:42", "dhuha": "05:51", "ashr": "14:52"}, {"imsyak": "04:01", "shubuh": "04:11", "dzuhur": "11:30", "tanggal": "2020-08-13", "terbit": "05:26", "magrib": "17:31", "isya": "18:42", "dhuha": "05:50", "ashr": "14:52"}, {"imsyak": "04:01", "shubuh": "04:11", "dzuhur": "11:30", "tanggal": "2020-08-14", "terbit": "05:26", "magrib": "17:30", "isya": "18:41", "dhuha": "05:50", "ashr": "14:51"}, {"imsyak": "04:01", "shubuh": "04:11", "dzuhur": "11:30", "tanggal": "2020-08-15", "terbit": "05:26", "magrib": "17:30", "isya": "18:41", "dhuha": "05:50", "ashr": "14:51"}, {"imsyak": "04:01", "shubuh": "04:11", "dzuhur": "11:30", "tanggal": "2020-08-16", "terbit": "05:26", "magrib": "17:30", "isya": "18:41", "dhuha": "05:50", "ashr": "14:50"}, {"imsyak": "04:01", "shubuh": "04:11", "dzuhur": "11:30", "tanggal": "2020-08-17", "terbit": "05:25", "magrib": "17:30", "isya": "18:41", "dhuha": "05:49", "ashr": "14:50"}, {"imsyak": "04:00", "shubuh": "04:10", "dzuhur": "11:29", "tanggal": "2020-08-18", "terbit": "05:25", "magrib": "17:30", "isya": "18:40", "dhuha": "05:49", "ashr": "14:50"}, {"imsyak": "04:00", "shubuh": "04:10", "dzuhur": "11:29", "tanggal": "2020-08-19", "terbit": "05:25", "magrib": "17:30", "isya": "18:40", "dhuha": "05:49", "ashr": "14:49"}, {"imsyak": "04:00", "shubuh": "04:10", "dzuhur": "11:29", "tanggal": "2020-08-20", "terbit": "05:24", "magrib": "17:30", "isya": "18:40", "dhuha": "05:48", "ashr": "14:49"}, {"imsyak": "04:00", "shubuh": "04:10", "dzuhur": "11:29", "tanggal": "2020-08-21", "terbit": "05:24", "magrib": "17:29", "isya": "18:40", "dhuha": "05:48", "ashr": "14:48"}, {"imsyak": "04:00", "shubuh": "04:10", "dzuhur": "11:29", "tanggal": "2020-08-22", "terbit": "05:24", "magrib": "17:29", "isya": "18:39", "dhuha": "05:48", "ashr": "14:48"}, {"imsyak": "03:59", "shubuh": "04:09", "dzuhur": "11:28", "tanggal": "2020-08-23", "terbit": "05:24", "magrib": "17:29", "isya": "18:39", "dhuha": "05:48", "ashr": "14:47"}, {"imsyak": "03:59", "shubuh": "04:09", "dzuhur": "11:28", "tanggal": "2020-08-24", "terbit": "05:23", "magrib": "17:29", "isya": "18:39", "dhuha": "05:47", "ashr": "14:47"}, {"imsyak": "03:59", "shubuh": "04:09", "dzuhur": "11:28", "tanggal": "2020-08-25", "terbit": "05:23", "magrib": "17:29", "isya": "18:39", "dhuha": "05:47", "ashr": "14:46"}, {"imsyak": "03:59", "shubuh": "04:09", "dzuhur": "11:27", "tanggal": "2020-08-26", "terbit": "05:22", "magrib": "17:28", "isya": "18:38", "dhuha": "05:46", "ashr": "14:46"}, {"imsyak": "03:58", "shubuh": "04:08", "dzuhur": "11:27", "tanggal": "2020-08-27", "terbit": "05:22", "magrib": "17:28", "isya": "18:38", "dhuha": "05:46", "ashr": "14:45"}, {"imsyak": "03:58", "shubuh": "04:08", "dzuhur": "11:27", "tanggal": "2020-08-28", "terbit": "05:22", "magrib": "17:28", "isya": "18:38", "dhuha": "05:46", "ashr": "14:44"}, {"imsyak": "03:58", "shubuh": "04:08", "dzuhur": "11:27", "tanggal": "2020-08-29", "terbit": "05:21", "magrib": "17:28", "isya": "18:37", "dhuha": "05:45", "ashr": "14:44"}, {"imsyak": "03:57", "shubuh": "04:07", "dzuhur": "11:26", "tanggal": "2020-08-30", "terbit": "05:21", "magrib": "17:28", "isya": "18:37", "dhuha": "05:45", "ashr": "14:43"}, {"imsyak": "03:57", "shubuh": "04:07", "dzuhur": "11:26", "tanggal": "2020-08-31", "terbit": "05:21", "magrib": "17:27", "isya": "18:37", "dhuha": "05:45", "ashr": "14:43"}]