[{"tanggal": "2020-11-01", "imsyak": "03:33", "shubuh": "03:43", "terbit": "04:58", "dhuha": "05:22", "dzuhur": "11:09", "ashr": "14:28", "magrib": "17:16", "isya": "18:27"}, {"tanggal": "2020-11-02", "imsyak": "03:33", "shubuh": "03:43", "terbit": "04:58", "dhuha": "05:22", "dzuhur": "11:09", "ashr": "14:28", "magrib": "17:16", "isya": "18:27"}, {"tanggal": "2020-11-03", "imsyak": "03:32", "shubuh": "03:42", "terbit": "04:58", "dhuha": "05:22", "dzuhur": "11:09", "ashr": "14:28", "magrib": "17:16", "isya": "18:28"}, {"tanggal": "2020-11-04", "imsyak": "03:32", "shubuh": "03:42", "terbit": "04:58", "dhuha": "05:22", "dzuhur": "11:09", "ashr": "14:29", "magrib": "17:16", "isya": "18:28"}, {"tanggal": "2020-11-05", "imsyak": "03:32", "shubuh": "03:42", "terbit": "04:58", "dhuha": "05:22", "dzuhur": "11:09", "ashr": "14:29", "magrib": "17:16", "isya": "18:28"}, {"tanggal": "2020-11-06", "imsyak": "03:32", "shubuh": "03:42", "terbit": "04:58", "dhuha": "05:22", "dzuhur": "11:09", "ashr": "14:29", "magrib": "17:16", "isya": "18:28"}, {"tanggal": "2020-11-07", "imsyak": "03:32", "shubuh": "03:42", "terbit": "04:58", "dhuha": "05:22", "dzuhur": "11:09", "ashr": "14:30", "magrib": "17:16", "isya": "18:28"}, {"tanggal": "2020-11-08", "imsyak": "03:31", "shubuh": "03:41", "terbit": "04:58", "dhuha": "05:22", "dzuhur": "11:09", "ashr": "14:30", "magrib": "17:17", "isya": "18:29"}, {"tanggal": "2020-11-09", "imsyak": "03:31", "shubuh": "03:41", "terbit": "04:58", "dhuha": "05:22", "dzuhur": "11:09", "ashr": "14:30", "magrib": "17:17", "isya": "18:29"}, {"tanggal": "2020-11-10", "imsyak": "03:31", "shubuh": "03:41", "terbit": "04:58", "dhuha": "05:22", "dzuhur": "11:09", "ashr": "14:31", "magrib": "17:17", "isya": "18:29"}, {"tanggal": "2020-11-11", "imsyak": "03:31", "shubuh": "03:41", "terbit": "04:58", "dhuha": "05:22", "dzuhur": "11:10", "ashr": "14:31", "magrib": "17:17", "isya": "18:30"}, {"tanggal": "2020-11-12", "imsyak": "03:31", "shubuh": "03:41", "terbit": "04:58", "dhuha": "05:22", "dzuhur": "11:10", "ashr": "14:32", "magrib": "17:17", "isya": "18:30"}, {"tanggal": "2020-11-13", "imsyak": "03:31", "shubuh": "03:41", "terbit": "04:58", "dhuha": "05:22", "dzuhur": "11:10", "ashr": "14:32", "magrib": "17:18", "isya": "18:30"}, {"tanggal": "2020-11-14", "imsyak": "03:31", "shubuh": "03:41", "terbit": "04:58", "dhuha": "05:22", "dzuhur": "11:10", "ashr": "14:32", "magrib": "17:18", "isya": "18:31"}, {"tanggal": "2020-11-15", "imsyak": "03:31", "shubuh": "03:41", "terbit": "04:58", "dhuha": "05:22", "dzuhur": "11:10", "ashr": "14:33", "magrib": "17:18", "isya": "18:31"}, {"tanggal": "2020-11-16", "imsyak": "03:31", "shubuh": "03:41", "terbit": "04:58", "dhuha": "05:22", "dzuhur": "11:10", "ashr": "14:33", "magrib": "17:18", "isya": "18:31"}, {"tanggal": "2020-11-17", "imsyak": "03:31", "shubuh": "03:41", "terbit": "04:58", "dhuha": "05:22", "dzuhur": "11:10", "ashr": "14:34", "magrib": "17:18", "isya": "18:32"}, {"tanggal": "2020-11-18", "imsyak": "03:31", "shubuh": "03:41", "terbit": "04:59", "dhuha": "05:23", "dzuhur": "11:11", "ashr": "14:34", "magrib": "17:19", "isya": "18:32"}, {"tanggal": "2020-11-19", "imsyak": "03:31", "shubuh": "03:41", "terbit": "04:59", "dhuha": "05:23", "dzuhur": "11:11", "ashr": "14:35", "magrib": "17:19", "isya": "18:32"}, {"tanggal": "2020-11-20", "imsyak": "03:31", "shubuh": "03:41", "terbit": "04:59", "dhuha": "05:23", "dzuhur": "11:11", "ashr": "14:35", "magrib": "17:19", "isya": "18:33"}, {"tanggal": "2020-11-21", "imsyak": "03:31", "shubuh": "03:41", "terbit": "04:59", "dhuha": "05:23", "dzuhur": "11:11", "ashr": "14:35", "magrib": "17:20", "isya": "18:33"}, {"tanggal": "2020-11-22", "imsyak": "03:31", "shubuh": "03:41", "terbit": "04:59", "dhuha": "05:23", "dzuhur": "11:12", "ashr": "14:36", "magrib": "17:20", "isya": "18:34"}, {"tanggal": "2020-11-23", "imsyak": "03:31", "shubuh": "03:41", "terbit": "05:00", "dhuha": "05:24", "dzuhur": "11:12", "ashr": "14:36", "magrib": "17:20", "isya": "18:34"}, {"tanggal": "2020-11-24", "imsyak": "03:31", "shubuh": "03:41", "terbit": "05:00", "dhuha": "05:24", "dzuhur": "11:12", "ashr": "14:37", "magrib": "17:21", "isya": "18:35"}, {"tanggal": "2020-11-25", "imsyak": "03:31", "shubuh": "03:41", "terbit": "05:00", "dhuha": "05:24", "dzuhur": "11:12", "ashr": "14:37", "magrib": "17:21", "isya": "18:35"}, {"tanggal": "2020-11-26", "imsyak": "03:31", "shubuh": "03:41", "terbit": "05:00", "dhuha": "05:24", "dzuhur": "11:13", "ashr": "14:38", "magrib": "17:21", "isya": "18:36"}, {"tanggal": "2020-11-27", "imsyak": "03:32", "shubuh": "03:42", "terbit": "05:00", "dhuha": "05:24", "dzuhur": "11:13", "ashr": "14:38", "magrib": "17:22", "isya": "18:36"}, {"tanggal": "2020-11-28", "imsyak": "03:32", "shubuh": "03:42", "terbit": "05:01", "dhuha": "05:25", "dzuhur": "11:13", "ashr": "14:39", "magrib": "17:22", "isya": "18:36"}, {"tanggal": "2020-11-29", "imsyak": "03:32", "shubuh": "03:42", "terbit": "05:01", "dhuha": "05:25", "dzuhur": "11:14", "ashr": "14:39", "magrib": "17:22", "isya": "18:37"}, {"tanggal": "2020-11-30", "imsyak": "03:32", "shubuh": "03:42", "terbit": "05:01", "dhuha": "05:25", "dzuhur": "11:14", "ashr": "14:40", "magrib": "17:23", "isya": "18:37"}]