[{"tanggal": "2020-12-01", "imsyak": "03:32", "shubuh": "03:42", "terbit": "05:02", "dhuha": "05:26", "dzuhur": "11:14", "ashr": "14:40", "magrib": "17:23", "isya": "18:38"}, {"tanggal": "2020-12-02", "imsyak": "03:32", "shubuh": "03:42", "terbit": "05:02", "dhuha": "05:26", "dzuhur": "11:15", "ashr": "14:41", "magrib": "17:24", "isya": "18:38"}, {"tanggal": "2020-12-03", "imsyak": "03:33", "shubuh": "03:43", "terbit": "05:02", "dhuha": "05:26", "dzuhur": "11:15", "ashr": "14:41", "magrib": "17:24", "isya": "18:39"}, {"tanggal": "2020-12-04", "imsyak": "03:33", "shubuh": "03:43", "terbit": "05:03", "dhuha": "05:27", "dzuhur": "11:16", "ashr": "14:42", "magrib": "17:25", "isya": "18:40"}, {"tanggal": "2020-12-05", "imsyak": "03:33", "shubuh": "03:43", "terbit": "05:03", "dhuha": "05:27", "dzuhur": "11:16", "ashr": "14:42", "magrib": "17:25", "isya": "18:40"}, {"tanggal": "2020-12-06", "imsyak": "03:34", "shubuh": "03:44", "terbit": "05:03", "dhuha": "05:27", "dzuhur": "11:16", "ashr": "14:43", "magrib": "17:26", "isya": "18:41"}, {"tanggal": "2020-12-07", "imsyak": "03:34", "shubuh": "03:44", "terbit": "05:04", "dhuha": "05:28", "dzuhur": "11:17", "ashr": "14:43", "magrib": "17:26", "isya": "18:41"}, {"tanggal": "2020-12-08", "imsyak": "03:34", "shubuh": "03:44", "terbit": "05:04", "dhuha": "05:28", "dzuhur": "11:17", "ashr": "14:44", "magrib": "17:26", "isya": "18:42"}, {"tanggal": "2020-12-09", "imsyak": "03:35", "shubuh": "03:45", "terbit": "05:05", "dhuha": "05:29", "dzuhur": "11:18", "ashr": "14:44", "magrib": "17:27", "isya": "18:42"}, {"tanggal": "2020-12-10", "imsyak": "03:35", "shubuh": "03:45", "terbit": "05:05", "dhuha": "05:29", "dzuhur": "11:18", "ashr": "14:45", "magrib": "17:27", "isya": "18:43"}, {"tanggal": "2020-12-11", "imsyak": "03:35", "shubuh": "03:45", "terbit": "05:05", "dhuha": "05:29", "dzuhur": "11:19", "ashr": "14:45", "magrib": "17:28", "isya": "18:43"}, {"tanggal": "2020-12-12", "imsyak": "03:36", "shubuh": "03:46", "terbit": "05:06", "dhuha": "05:30", "dzuhur": "11:19", "ashr": "14:46", "magrib": "17:28", "isya": "18:44"}, {"tanggal": "2020-12-13", "imsyak": "03:36", "shubuh": "03:46", "terbit": "05:06", "dhuha": "05:30", "dzuhur": "11:20", "ashr": "14:46", "magrib": "17:29", "isya": "18:44"}, {"tanggal": "2020-12-14", "imsyak": "03:36", "shubuh": "03:46", "terbit": "05:07", "dhuha": "05:31", "dzuhur": "11:20", "ashr": "14:47", "magrib": "17:29", "isya": "18:45"}, {"tanggal": "2020-12-15", "imsyak": "03:37", "shubuh": "03:47", "terbit": "05:07", "dhuha": "05:31", "dzuhur": "11:21", "ashr": "14:47", "magrib": "17:30", "isya": "18:45"}, {"tanggal": "2020-12-16", "imsyak": "03:37", "shubuh": "03:47", "terbit": "05:08", "dhuha": "05:32", "dzuhur": "11:21", "ashr": "14:48", "magrib": "17:30", "isya": "18:46"}, {"tanggal": "2020-12-17", "imsyak": "03:38", "shubuh": "03:48", "terbit": "05:08", "dhuha": "05:32", "dzuhur": "11:22", "ashr": "14:48", "magrib": "17:31", "isya": "18:46"}, {"tanggal": "2020-12-18", "imsyak": "03:38", "shubuh": "03:48", "terbit": "05:09", "dhuha": "05:33", "dzuhur": "11:22", "ashr": "14:49", "magrib": "17:31", "isya": "18:47"}, {"tanggal": "2020-12-19", "imsyak": "03:39", "shubuh": "03:49", "terbit": "05:09", "dhuha": "05:33", "dzuhur": "11:23", "ashr": "14:49", "magrib": "17:32", "isya": "18:47"}, {"tanggal": "2020-12-20", "imsyak": "03:39", "shubuh": "03:49", "terbit": "05:10", "dhuha": "05:34", "dzuhur": "11:23", "ashr": "14:50", "magrib": "17:32", "isya": "18:48"}, {"tanggal": "2020-12-21", "imsyak": "03:40", "shubuh": "03:50", "terbit": "05:10", "dhuha": "05:34", "dzuhur": "11:24", "ashr": "14:50", "magrib": "17:33", "isya": "18:48"}, {"tanggal": "2020-12-22", "imsyak": "03:40", "shubuh": "03:50", "terbit": "05:11", "dhuha": "05:35", "dzuhur": "11:24", "ashr": "14:51", "magrib": "17:33", "isya": "18:49"}, {"tanggal": "2020-12-23", "imsyak": "03:41", "shubuh": "03:51", "terbit": "05:11", "dhuha": "05:35", "dzuhur": "11:25", "ashr": "14:51", "magrib": "17:34", "isya": "18:49"}, {"tanggal": "2020-12-24", "imsyak": "03:41", "shubuh": "03:51", "terbit": "05:12", "dhuha": "05:36", "dzuhur": "11:25", "ashr": "14:52", "magrib": "17:34", "isya": "18:50"}, {"tanggal": "2020-12-25", "imsyak": "03:42", "shubuh": "03:52", "terbit": "05:12", "dhuha": "05:36", "dzuhur": "11:25", "ashr": "14:52", "magrib": "17:35", "isya": "18:50"}, {"tanggal": "2020-12-26", "imsyak": "03:42", "shubuh": "03:52", "terbit": "05:13", "dhuha": "05:37", "dzuhur": "11:26", "ashr": "14:53", "magrib": "17:35", "isya": "18:51"}, {"tanggal": "2020-12-27", "imsyak": "03:43", "shubuh": "03:53", "terbit": "05:13", "dhuha": "05:37", "dzuhur": "11:26", "ashr": "14:53", "magrib": "17:36", "isya": "18:51"}, {"tanggal": "2020-12-28", "imsyak": "03:43", "shubuh": "03:53", "terbit": "05:14", "dhuha": "05:38", "dzuhur": "11:27", "ashr": "14:54", "magrib": "17:36", "isya": "18:52"}, {"tanggal": "2020-12-29", "imsyak": "03:44", "shubuh": "03:54", "terbit": "05:14", "dhuha": "05:38", "dzuhur": "11:27", "ashr": "14:54", "magrib": "17:37", "isya": "18:52"}, {"tanggal": "2020-12-30", "imsyak": "03:44", "shubuh": "03:54", "terbit": "05:15", "dhuha": "05:39", "dzuhur": "11:28", "ashr": "14:55", "magrib": "17:37", "isya": "18:53"}, {"tanggal": "2020-12-31", "imsyak": "03:45", "shubuh": "03:55", "terbit": "05:15", "dhuha": "05:39", "dzuhur": "11:28", "ashr": "14:55", "magrib": "17:38", "isya": "18:53"}]