[{"tanggal": "2021-03-01", "imsyak": "04:48", "shubuh": "04:58", "terbit": "06:12", "dhuha": "06:36", "dzuhur": "12:21", "ashr": "15:31", "magrib": "18:25", "isya": "19:35"}, {"tanggal": "2021-03-02", "imsyak": "04:48", "shubuh": "04:58", "terbit": "06:12", "dhuha": "06:36", "dzuhur": "12:20", "ashr": "15:30", "magrib": "18:25", "isya": "19:34"}, {"tanggal": "2021-03-03", "imsyak": "04:48", "shubuh": "04:58", "terbit": "06:12", "dhuha": "06:36", "dzuhur": "12:20", "ashr": "15:29", "magrib": "18:25", "isya": "19:34"}, {"tanggal": "2021-03-04", "imsyak": "04:48", "shubuh": "04:58", "terbit": "06:11", "dhuha": "06:35", "dzuhur": "12:20", "ashr": "15:28", "magrib": "18:24", "isya": "19:34"}, {"tanggal": "2021-03-05", "imsyak": "04:48", "shubuh": "04:58", "terbit": "06:11", "dhuha": "06:35", "dzuhur": "12:20", "ashr": "15:27", "magrib": "18:24", "isya": "19:33"}, {"tanggal": "2021-03-06", "imsyak": "04:48", "shubuh": "04:58", "terbit": "06:11", "dhuha": "06:35", "dzuhur": "12:20", "ashr": "15:26", "magrib": "18:24", "isya": "19:33"}, {"tanggal": "2021-03-07", "imsyak": "04:48", "shubuh": "04:58", "terbit": "06:11", "dhuha": "06:35", "dzuhur": "12:19", "ashr": "15:26", "magrib": "18:24", "isya": "19:33"}, {"tanggal": "2021-03-08", "imsyak": "04:48", "shubuh": "04:58", "terbit": "06:11", "dhuha": "06:35", "dzuhur": "12:19", "ashr": "15:25", "magrib": "18:23", "isya": "19:32"}, {"tanggal": "2021-03-09", "imsyak": "04:48", "shubuh": "04:58", "terbit": "06:11", "dhuha": "06:35", "dzuhur": "12:19", "ashr": "15:24", "magrib": "18:23", "isya": "19:32"}, {"tanggal": "2021-03-10", "imsyak": "04:47", "shubuh": "04:57", "terbit": "06:11", "dhuha": "06:35", "dzuhur": "12:19", "ashr": "15:23", "magrib": "18:23", "isya": "19:32"}, {"tanggal": "2021-03-11", "imsyak": "04:47", "shubuh": "04:57", "terbit": "06:10", "dhuha": "06:34", "dzuhur": "12:18", "ashr": "15:22", "magrib": "18:22", "isya": "19:31"}, {"tanggal": "2021-03-12", "imsyak": "04:47", "shubuh": "04:57", "terbit": "06:10", "dhuha": "06:34", "dzuhur": "12:18", "ashr": "15:21", "magrib": "18:22", "isya": "19:31"}, {"tanggal": "2021-03-13", "imsyak": "04:47", "shubuh": "04:57", "terbit": "06:10", "dhuha": "06:34", "dzuhur": "12:18", "ashr": "15:20", "magrib": "18:22", "isya": "19:31"}, {"tanggal": "2021-03-14", "imsyak": "04:47", "shubuh": "04:57", "terbit": "06:10", "dhuha": "06:34", "dzuhur": "12:18", "ashr": "15:19", "magrib": "18:21", "isya": "19:30"}, {"tanggal": "2021-03-15", "imsyak": "04:47", "shubuh": "04:57", "terbit": "06:10", "dhuha": "06:34", "dzuhur": "12:17", "ashr": "15:18", "magrib": "18:21", "isya": "19:30"}, {"tanggal": "2021-03-16", "imsyak": "04:47", "shubuh": "04:57", "terbit": "06:09", "dhuha": "06:33", "dzuhur": "12:17", "ashr": "15:18", "magrib": "18:21", "isya": "19:29"}, {"tanggal": "2021-03-17", "imsyak": "04:46", "shubuh": "04:56", "terbit": "06:09", "dhuha": "06:33", "dzuhur": "12:17", "ashr": "15:18", "magrib": "18:20", "isya": "19:29"}, {"tanggal": "2021-03-18", "imsyak": "04:46", "shubuh": "04:56", "terbit": "06:09", "dhuha": "06:33", "dzuhur": "12:16", "ashr": "15:19", "magrib": "18:20", "isya": "19:29"}, {"tanggal": "2021-03-19", "imsyak": "04:46", "shubuh": "04:56", "terbit": "06:09", "dhuha": "06:33", "dzuhur": "12:16", "ashr": "15:19", "magrib": "18:20", "isya": "19:28"}, {"tanggal": "2021-03-20", "imsyak": "04:46", "shubuh": "04:56", "terbit": "06:08", "dhuha": "06:32", "dzuhur": "12:16", "ashr": "15:20", "magrib": "18:19", "isya": "19:28"}, {"tanggal": "2021-03-21", "imsyak": "04:46", "shubuh": "04:56", "terbit": "06:08", "dhuha": "06:32", "dzuhur": "12:16", "ashr": "15:20", "magrib": "18:19", "isya": "19:28"}, {"tanggal": "2021-03-22", "imsyak": "04:45", "shubuh": "04:55", "terbit": "06:08", "dhuha": "06:32", "dzuhur": "12:15", "ashr": "15:20", "magrib": "18:18", "isya": "19:27"}, {"tanggal": "2021-03-23", "imsyak": "04:45", "shubuh": "04:55", "terbit": "06:08", "dhuha": "06:32", "dzuhur": "12:15", "ashr": "15:21", "magrib": "18:18", "isya": "19:27"}, {"tanggal": "2021-03-24", "imsyak": "04:45", "shubuh": "04:55", "terbit": "06:08", "dhuha": "06:32", "dzuhur": "12:15", "ashr": "15:21", "magrib": "18:18", "isya": "19:26"}, {"tanggal": "2021-03-25", "imsyak": "04:45", "shubuh": "04:55", "terbit": "06:07", "dhuha": "06:31", "dzuhur": "12:14", "ashr": "15:21", "magrib": "18:17", "isya": "19:26"}, {"tanggal": "2021-03-26", "imsyak": "04:44", "shubuh": "04:54", "terbit": "06:07", "dhuha": "06:31", "dzuhur": "12:14", "ashr": "15:22", "magrib": "18:17", "isya": "19:26"}, {"tanggal": "2021-03-27", "imsyak": "04:44", "shubuh": "04:54", "terbit": "06:07", "dhuha": "06:31", "dzuhur": "12:14", "ashr": "15:22", "magrib": "18:17", "isya": "19:25"}, {"tanggal": "2021-03-28", "imsyak": "04:44", "shubuh": "04:54", "terbit": "06:07", "dhuha": "06:31", "dzuhur": "12:13", "ashr": "15:22", "magrib": "18:16", "isya": "19:25"}, {"tanggal": "2021-03-29", "imsyak": "04:44", "shubuh": "04:54", "terbit": "06:06", "dhuha": "06:30", "dzuhur": "12:13", "ashr": "15:22", "magrib": "18:16", "isya": "19:25"}, {"tanggal": "2021-03-30", "imsyak": "04:43", "shubuh": "04:53", "terbit": "06:06", "dhuha": "06:30", "dzuhur": "12:13", "ashr": "15:23", "magrib": "18:16", "isya": "19:24"}, {"tanggal": "2021-03-31", "imsyak": "04:43", "shubuh": "04:53", "terbit": "06:06", "dhuha": "06:30", "dzuhur": "12:13", "ashr": "15:23", "magrib": "18:15", "isya": "19:24"}]