[{"tanggal": "2021-05-01", "imsyak": "04:35", "shubuh": "04:45", "terbit": "06:00", "dhuha": "06:24", "dzuhur": "12:05", "ashr": "15:26", "magrib": "18:06", "isya": "19:17"}, {"tanggal": "2021-05-02", "imsyak": "04:35", "shubuh": "04:45", "terbit": "06:00", "dhuha": "06:24", "dzuhur": "12:05", "ashr": "15:26", "magrib": "18:06", "isya": "19:17"}, {"tanggal": "2021-05-03", "imsyak": "04:35", "shubuh": "04:45", "terbit": "06:00", "dhuha": "06:24", "dzuhur": "12:05", "ashr": "15:26", "magrib": "18:06", "isya": "19:17"}, {"tanggal": "2021-05-04", "imsyak": "04:35", "shubuh": "04:45", "terbit": "06:00", "dhuha": "06:24", "dzuhur": "12:05", "ashr": "15:26", "magrib": "18:06", "isya": "19:17"}, {"tanggal": "2021-05-05", "imsyak": "04:35", "shubuh": "04:45", "terbit": "06:00", "dhuha": "06:24", "dzuhur": "12:05", "ashr": "15:27", "magrib": "18:05", "isya": "19:17"}, {"tanggal": "2021-05-06", "imsyak": "04:34", "shubuh": "04:44", "terbit": "06:00", "dhuha": "06:24", "dzuhur": "12:05", "ashr": "15:27", "magrib": "18:05", "isya": "19:17"}, {"tanggal": "2021-05-07", "imsyak": "04:34", "shubuh": "04:44", "terbit": "06:00", "dhuha": "06:24", "dzuhur": "12:05", "ashr": "15:27", "magrib": "18:05", "isya": "19:17"}, {"tanggal": "2021-05-08", "imsyak": "04:34", "shubuh": "04:44", "terbit": "06:00", "dhuha": "06:24", "dzuhur": "12:05", "ashr": "15:27", "magrib": "18:05", "isya": "19:17"}, {"tanggal": "2021-05-09", "imsyak": "04:34", "shubuh": "04:44", "terbit": "06:00", "dhuha": "06:24", "dzuhur": "12:05", "ashr": "15:27", "magrib": "18:05", "isya": "19:17"}, {"tanggal": "2021-05-10", "imsyak": "04:34", "shubuh": "04:44", "terbit": "06:00", "dhuha": "06:24", "dzuhur": "12:04", "ashr": "15:27", "magrib": "18:05", "isya": "19:17"}, {"tanggal": "2021-05-11", "imsyak": "04:34", "shubuh": "04:44", "terbit": "06:00", "dhuha": "06:24", "dzuhur": "12:04", "ashr": "15:27", "magrib": "18:05", "isya": "19:17"}, {"tanggal": "2021-05-12", "imsyak": "04:34", "shubuh": "04:44", "terbit": "06:00", "dhuha": "06:24", "dzuhur": "12:04", "ashr": "15:27", "magrib": "18:05", "isya": "19:17"}, {"tanggal": "2021-05-13", "imsyak": "04:33", "shubuh": "04:43", "terbit": "06:00", "dhuha": "06:24", "dzuhur": "12:04", "ashr": "15:27", "magrib": "18:05", "isya": "19:17"}, {"tanggal": "2021-05-14", "imsyak": "04:33", "shubuh": "04:43", "terbit": "06:00", "dhuha": "06:24", "dzuhur": "12:04", "ashr": "15:27", "magrib": "18:05", "isya": "19:17"}, {"tanggal": "2021-05-15", "imsyak": "04:33", "shubuh": "04:43", "terbit": "06:00", "dhuha": "06:24", "dzuhur": "12:04", "ashr": "15:27", "magrib": "18:05", "isya": "19:17"}, {"tanggal": "2021-05-16", "imsyak": "04:33", "shubuh": "04:43", "terbit": "06:00", "dhuha": "06:24", "dzuhur": "12:04", "ashr": "15:27", "magrib": "18:04", "isya": "19:17"}, {"tanggal": "2021-05-17", "imsyak": "04:33", "shubuh": "04:43", "terbit": "06:00", "dhuha": "06:24", "dzuhur": "12:04", "ashr": "15:28", "magrib": "18:04", "isya": "19:17"}, {"tanggal": "2021-05-18", "imsyak": "04:33", "shubuh": "04:43", "terbit": "06:00", "dhuha": "06:24", "dzuhur": "12:04", "ashr": "15:28", "magrib": "18:04", "isya": "19:17"}, {"tanggal": "2021-05-19", "imsyak": "04:33", "shubuh": "04:43", "terbit": "06:00", "dhuha": "06:24", "dzuhur": "12:04", "ashr": "15:28", "magrib": "18:04", "isya": "19:17"}, {"tanggal": "2021-05-20", "imsyak": "04:33", "shubuh": "04:43", "terbit": "06:01", "dhuha": "06:25", "dzuhur": "12:04", "ashr": "15:28", "magrib": "18:04", "isya": "19:17"}, {"tanggal": "2021-05-21", "imsyak": "04:33", "shubuh": "04:43", "terbit": "06:01", "dhuha": "06:25", "dzuhur": "12:05", "ashr": "15:28", "magrib": "18:04", "isya": "19:18"}, {"tanggal": "2021-05-22", "imsyak": "04:33", "shubuh": "04:43", "terbit": "06:01", "dhuha": "06:25", "dzuhur": "12:05", "ashr": "15:28", "magrib": "18:04", "isya": "19:18"}, {"tanggal": "2021-05-23", "imsyak": "04:33", "shubuh": "04:43", "terbit": "06:01", "dhuha": "06:25", "dzuhur": "12:05", "ashr": "15:28", "magrib": "18:05", "isya": "19:18"}, {"tanggal": "2021-05-24", "imsyak": "04:33", "shubuh": "04:43", "terbit": "06:01", "dhuha": "06:25", "dzuhur": "12:05", "ashr": "15:28", "magrib": "18:05", "isya": "19:18"}, {"tanggal": "2021-05-25", "imsyak": "04:33", "shubuh": "04:43", "terbit": "06:01", "dhuha": "06:25", "dzuhur": "12:05", "ashr": "15:29", "magrib": "18:05", "isya": "19:18"}, {"tanggal": "2021-05-26", "imsyak": "04:33", "shubuh": "04:43", "terbit": "06:01", "dhuha": "06:25", "dzuhur": "12:05", "ashr": "15:29", "magrib": "18:05", "isya": "19:18"}, {"tanggal": "2021-05-27", "imsyak": "04:33", "shubuh": "04:43", "terbit": "06:01", "dhuha": "06:25", "dzuhur": "12:05", "ashr": "15:29", "magrib": "18:05", "isya": "19:18"}, {"tanggal": "2021-05-28", "imsyak": "04:33", "shubuh": "04:43", "terbit": "06:01", "dhuha": "06:25", "dzuhur": "12:05", "ashr": "15:29", "magrib": "18:05", "isya": "19:19"}, {"tanggal": "2021-05-29", "imsyak": "04:33", "shubuh": "04:43", "terbit": "06:02", "dhuha": "06:26", "dzuhur": "12:05", "ashr": "15:29", "magrib": "18:05", "isya": "19:19"}, {"tanggal": "2021-05-30", "imsyak": "04:33", "shubuh": "04:43", "terbit": "06:02", "dhuha": "06:26", "dzuhur": "12:05", "ashr": "15:29", "magrib": "18:05", "isya": "19:19"}, {"tanggal": "2021-05-31", "imsyak": "04:33", "shubuh": "04:43", "terbit": "06:02", "dhuha": "06:26", "dzuhur": "12:06", "ashr": "15:30", "magrib": "18:05", "isya": "19:19"}]