[{"tanggal": "2021-06-01", "imsyak": "04:33", "shubuh": "04:43", "terbit": "06:02", "dhuha": "06:26", "dzuhur": "12:06", "ashr": "15:30", "magrib": "18:05", "isya": "19:19"}, {"tanggal": "2021-06-02", "imsyak": "04:33", "shubuh": "04:43", "terbit": "06:02", "dhuha": "06:26", "dzuhur": "12:06", "ashr": "15:30", "magrib": "18:05", "isya": "19:20"}, {"tanggal": "2021-06-03", "imsyak": "04:34", "shubuh": "04:44", "terbit": "06:02", "dhuha": "06:26", "dzuhur": "12:06", "ashr": "15:30", "magrib": "18:06", "isya": "19:20"}, {"tanggal": "2021-06-04", "imsyak": "04:34", "shubuh": "04:44", "terbit": "06:03", "dhuha": "06:27", "dzuhur": "12:06", "ashr": "15:30", "magrib": "18:06", "isya": "19:20"}, {"tanggal": "2021-06-05", "imsyak": "04:34", "shubuh": "04:44", "terbit": "06:03", "dhuha": "06:27", "dzuhur": "12:06", "ashr": "15:31", "magrib": "18:06", "isya": "19:20"}, {"tanggal": "2021-06-06", "imsyak": "04:34", "shubuh": "04:44", "terbit": "06:03", "dhuha": "06:27", "dzuhur": "12:06", "ashr": "15:31", "magrib": "18:06", "isya": "19:20"}, {"tanggal": "2021-06-07", "imsyak": "04:34", "shubuh": "04:44", "terbit": "06:03", "dhuha": "06:27", "dzuhur": "12:07", "ashr": "15:31", "magrib": "18:06", "isya": "19:21"}, {"tanggal": "2021-06-08", "imsyak": "04:34", "shubuh": "04:44", "terbit": "06:03", "dhuha": "06:27", "dzuhur": "12:07", "ashr": "15:31", "magrib": "18:06", "isya": "19:21"}, {"tanggal": "2021-06-09", "imsyak": "04:34", "shubuh": "04:44", "terbit": "06:04", "dhuha": "06:28", "dzuhur": "12:07", "ashr": "15:31", "magrib": "18:06", "isya": "19:21"}, {"tanggal": "2021-06-10", "imsyak": "04:34", "shubuh": "04:44", "terbit": "06:04", "dhuha": "06:28", "dzuhur": "12:07", "ashr": "15:32", "magrib": "18:07", "isya": "19:21"}, {"tanggal": "2021-06-11", "imsyak": "04:35", "shubuh": "04:45", "terbit": "06:04", "dhuha": "06:28", "dzuhur": "12:07", "ashr": "15:32", "magrib": "18:07", "isya": "19:22"}, {"tanggal": "2021-06-12", "imsyak": "04:35", "shubuh": "04:45", "terbit": "06:04", "dhuha": "06:28", "dzuhur": "12:08", "ashr": "15:32", "magrib": "18:07", "isya": "19:22"}, {"tanggal": "2021-06-13", "imsyak": "04:35", "shubuh": "04:45", "terbit": "06:04", "dhuha": "06:28", "dzuhur": "12:08", "ashr": "15:32", "magrib": "18:07", "isya": "19:22"}, {"tanggal": "2021-06-14", "imsyak": "04:35", "shubuh": "04:45", "terbit": "06:05", "dhuha": "06:29", "dzuhur": "12:08", "ashr": "15:32", "magrib": "18:07", "isya": "19:22"}, {"tanggal": "2021-06-15", "imsyak": "04:35", "shubuh": "04:45", "terbit": "06:05", "dhuha": "06:29", "dzuhur": "12:08", "ashr": "15:33", "magrib": "18:08", "isya": "19:22"}, {"tanggal": "2021-06-16", "imsyak": "04:35", "shubuh": "04:45", "terbit": "06:05", "dhuha": "06:29", "dzuhur": "12:08", "ashr": "15:33", "magrib": "18:08", "isya": "19:23"}, {"tanggal": "2021-06-17", "imsyak": "04:36", "shubuh": "04:46", "terbit": "06:05", "dhuha": "06:29", "dzuhur": "12:09", "ashr": "15:33", "magrib": "18:08", "isya": "19:23"}, {"tanggal": "2021-06-18", "imsyak": "04:36", "shubuh": "04:46", "terbit": "06:06", "dhuha": "06:30", "dzuhur": "12:09", "ashr": "15:33", "magrib": "18:08", "isya": "19:23"}, {"tanggal": "2021-06-19", "imsyak": "04:36", "shubuh": "04:46", "terbit": "06:06", "dhuha": "06:30", "dzuhur": "12:09", "ashr": "15:34", "magrib": "18:08", "isya": "19:23"}, {"tanggal": "2021-06-20", "imsyak": "04:36", "shubuh": "04:46", "terbit": "06:06", "dhuha": "06:30", "dzuhur": "12:09", "ashr": "15:34", "magrib": "18:09", "isya": "19:24"}, {"tanggal": "2021-06-21", "imsyak": "04:37", "shubuh": "04:47", "terbit": "06:06", "dhuha": "06:30", "dzuhur": "12:10", "ashr": "15:34", "magrib": "18:09", "isya": "19:24"}, {"tanggal": "2021-06-22", "imsyak": "04:37", "shubuh": "04:47", "terbit": "06:06", "dhuha": "06:30", "dzuhur": "12:10", "ashr": "15:34", "magrib": "18:09", "isya": "19:24"}, {"tanggal": "2021-06-23", "imsyak": "04:37", "shubuh": "04:47", "terbit": "06:07", "dhuha": "06:31", "dzuhur": "12:10", "ashr": "15:34", "magrib": "18:09", "isya": "19:24"}, {"tanggal": "2021-06-24", "imsyak": "04:37", "shubuh": "04:47", "terbit": "06:07", "dhuha": "06:31", "dzuhur": "12:10", "ashr": "15:35", "magrib": "18:10", "isya": "19:24"}, {"tanggal": "2021-06-25", "imsyak": "04:37", "shubuh": "04:47", "terbit": "06:07", "dhuha": "06:31", "dzuhur": "12:10", "ashr": "15:35", "magrib": "18:10", "isya": "19:25"}, {"tanggal": "2021-06-26", "imsyak": "04:38", "shubuh": "04:48", "terbit": "06:07", "dhuha": "06:31", "dzuhur": "12:11", "ashr": "15:35", "magrib": "18:10", "isya": "19:25"}, {"tanggal": "2021-06-27", "imsyak": "04:38", "shubuh": "04:48", "terbit": "06:07", "dhuha": "06:31", "dzuhur": "12:11", "ashr": "15:35", "magrib": "18:10", "isya": "19:25"}, {"tanggal": "2021-06-28", "imsyak": "04:38", "shubuh": "04:48", "terbit": "06:08", "dhuha": "06:32", "dzuhur": "12:11", "ashr": "15:35", "magrib": "18:10", "isya": "19:25"}, {"tanggal": "2021-06-29", "imsyak": "04:38", "shubuh": "04:48", "terbit": "06:08", "dhuha": "06:32", "dzuhur": "12:11", "ashr": "15:36", "magrib": "18:11", "isya": "19:25"}, {"tanggal": "2021-06-30", "imsyak": "04:39", "shubuh": "04:49", "terbit": "06:08", "dhuha": "06:32", "dzuhur": "12:11", "ashr": "15:36", "magrib": "18:11", "isya": "19:26"}]