[{"tanggal": "2021-09-01", "imsyak": "04:39", "shubuh": "04:49", "terbit": "06:03", "dhuha": "06:27", "dzuhur": "12:08", "ashr": "15:25", "magrib": "18:10", "isya": "19:20"}, {"tanggal": "2021-09-02", "imsyak": "04:39", "shubuh": "04:49", "terbit": "06:02", "dhuha": "06:26", "dzuhur": "12:08", "ashr": "15:24", "magrib": "18:10", "isya": "19:19"}, {"tanggal": "2021-09-03", "imsyak": "04:38", "shubuh": "04:48", "terbit": "06:02", "dhuha": "06:26", "dzuhur": "12:08", "ashr": "15:23", "magrib": "18:10", "isya": "19:19"}, {"tanggal": "2021-09-04", "imsyak": "04:38", "shubuh": "04:48", "terbit": "06:02", "dhuha": "06:26", "dzuhur": "12:07", "ashr": "15:22", "magrib": "18:09", "isya": "19:19"}, {"tanggal": "2021-09-05", "imsyak": "04:38", "shubuh": "04:48", "terbit": "06:01", "dhuha": "06:25", "dzuhur": "12:07", "ashr": "15:22", "magrib": "18:09", "isya": "19:18"}, {"tanggal": "2021-09-06", "imsyak": "04:38", "shubuh": "04:48", "terbit": "06:01", "dhuha": "06:25", "dzuhur": "12:07", "ashr": "15:21", "magrib": "18:09", "isya": "19:18"}, {"tanggal": "2021-09-07", "imsyak": "04:37", "shubuh": "04:47", "terbit": "06:00", "dhuha": "06:24", "dzuhur": "12:06", "ashr": "15:20", "magrib": "18:09", "isya": "19:18"}, {"tanggal": "2021-09-08", "imsyak": "04:37", "shubuh": "04:47", "terbit": "06:00", "dhuha": "06:24", "dzuhur": "12:06", "ashr": "15:19", "magrib": "18:08", "isya": "19:17"}, {"tanggal": "2021-09-09", "imsyak": "04:36", "shubuh": "04:46", "terbit": "06:00", "dhuha": "06:24", "dzuhur": "12:06", "ashr": "15:19", "magrib": "18:08", "isya": "19:17"}, {"tanggal": "2021-09-10", "imsyak": "04:36", "shubuh": "04:46", "terbit": "05:59", "dhuha": "06:23", "dzuhur": "12:05", "ashr": "15:18", "magrib": "18:08", "isya": "19:17"}, {"tanggal": "2021-09-11", "imsyak": "04:36", "shubuh": "04:46", "terbit": "05:59", "dhuha": "06:23", "dzuhur": "12:05", "ashr": "15:17", "magrib": "18:08", "isya": "19:16"}, {"tanggal": "2021-09-12", "imsyak": "04:35", "shubuh": "04:45", "terbit": "05:58", "dhuha": "06:22", "dzuhur": "12:05", "ashr": "15:16", "magrib": "18:07", "isya": "19:16"}, {"tanggal": "2021-09-13", "imsyak": "04:35", "shubuh": "04:45", "terbit": "05:58", "dhuha": "06:22", "dzuhur": "12:04", "ashr": "15:15", "magrib": "18:07", "isya": "19:16"}, {"tanggal": "2021-09-14", "imsyak": "04:35", "shubuh": "04:45", "terbit": "05:57", "dhuha": "06:21", "dzuhur": "12:04", "ashr": "15:14", "magrib": "18:07", "isya": "19:15"}, {"tanggal": "2021-09-15", "imsyak": "04:34", "shubuh": "04:44", "terbit": "05:57", "dhuha": "06:21", "dzuhur": "12:04", "ashr": "15:14", "magrib": "18:06", "isya": "19:15"}, {"tanggal": "2021-09-16", "imsyak": "04:34", "shubuh": "04:44", "terbit": "05:57", "dhuha": "06:21", "dzuhur": "12:03", "ashr": "15:13", "magrib": "18:06", "isya": "19:15"}, {"tanggal": "2021-09-17", "imsyak": "04:33", "shubuh": "04:43", "terbit": "05:56", "dhuha": "06:20", "dzuhur": "12:03", "ashr": "15:12", "magrib": "18:06", "isya": "19:15"}, {"tanggal": "2021-09-18", "imsyak": "04:33", "shubuh": "04:43", "terbit": "05:56", "dhuha": "06:20", "dzuhur": "12:03", "ashr": "15:11", "magrib": "18:05", "isya": "19:14"}, {"tanggal": "2021-09-19", "imsyak": "04:33", "shubuh": "04:43", "terbit": "05:55", "dhuha": "06:19", "dzuhur": "12:02", "ashr": "15:10", "magrib": "18:05", "isya": "19:14"}, {"tanggal": "2021-09-20", "imsyak": "04:32", "shubuh": "04:42", "terbit": "05:55", "dhuha": "06:19", "dzuhur": "12:02", "ashr": "15:09", "magrib": "18:05", "isya": "19:14"}, {"tanggal": "2021-09-21", "imsyak": "04:32", "shubuh": "04:42", "terbit": "05:55", "dhuha": "06:19", "dzuhur": "12:02", "ashr": "15:08", "magrib": "18:05", "isya": "19:13"}, {"tanggal": "2021-09-22", "imsyak": "04:31", "shubuh": "04:41", "terbit": "05:54", "dhuha": "06:18", "dzuhur": "12:01", "ashr": "15:07", "magrib": "18:04", "isya": "19:13"}, {"tanggal": "2021-09-23", "imsyak": "04:31", "shubuh": "04:41", "terbit": "05:54", "dhuha": "06:18", "dzuhur": "12:01", "ashr": "15:06", "magrib": "18:04", "isya": "19:13"}, {"tanggal": "2021-09-24", "imsyak": "04:31", "shubuh": "04:41", "terbit": "05:53", "dhuha": "06:17", "dzuhur": "12:00", "ashr": "15:05", "magrib": "18:04", "isya": "19:12"}, {"tanggal": "2021-09-25", "imsyak": "04:30", "shubuh": "04:40", "terbit": "05:53", "dhuha": "06:17", "dzuhur": "12:00", "ashr": "15:04", "magrib": "18:03", "isya": "19:12"}, {"tanggal": "2021-09-26", "imsyak": "04:30", "shubuh": "04:40", "terbit": "05:52", "dhuha": "06:16", "dzuhur": "12:00", "ashr": "15:03", "magrib": "18:03", "isya": "19:12"}, {"tanggal": "2021-09-27", "imsyak": "04:29", "shubuh": "04:39", "terbit": "05:52", "dhuha": "06:16", "dzuhur": "11:59", "ashr": "15:02", "magrib": "18:03", "isya": "19:12"}, {"tanggal": "2021-09-28", "imsyak": "04:29", "shubuh": "04:39", "terbit": "05:52", "dhuha": "06:16", "dzuhur": "11:59", "ashr": "15:01", "magrib": "18:03", "isya": "19:11"}, {"tanggal": "2021-09-29", "imsyak": "04:28", "shubuh": "04:38", "terbit": "05:51", "dhuha": "06:15", "dzuhur": "11:59", "ashr": "15:00", "magrib": "18:02", "isya": "19:11"}, {"tanggal": "2021-09-30", "imsyak": "04:28", "shubuh": "04:38", "terbit": "05:51", "dhuha": "06:15", "dzuhur": "11:58", "ashr": "14:59", "magrib": "18:02", "isya": "19:11"}]