[{"tanggal": "2021-11-01", "imsyak": "04:16", "shubuh": "04:26", "terbit": "05:42", "dhuha": "06:06", "dzuhur": "11:52", "ashr": "15:10", "magrib": "17:58", "isya": "19:09"}, {"tanggal": "2021-11-02", "imsyak": "04:16", "shubuh": "04:26", "terbit": "05:42", "dhuha": "06:06", "dzuhur": "11:52", "ashr": "15:10", "magrib": "17:58", "isya": "19:09"}, {"tanggal": "2021-11-03", "imsyak": "04:16", "shubuh": "04:26", "terbit": "05:42", "dhuha": "06:06", "dzuhur": "11:52", "ashr": "15:11", "magrib": "17:58", "isya": "19:09"}, {"tanggal": "2021-11-04", "imsyak": "04:16", "shubuh": "04:26", "terbit": "05:41", "dhuha": "06:05", "dzuhur": "11:52", "ashr": "15:11", "magrib": "17:58", "isya": "19:09"}, {"tanggal": "2021-11-05", "imsyak": "04:16", "shubuh": "04:26", "terbit": "05:41", "dhuha": "06:05", "dzuhur": "11:52", "ashr": "15:11", "magrib": "17:58", "isya": "19:09"}, {"tanggal": "2021-11-06", "imsyak": "04:15", "shubuh": "04:25", "terbit": "05:41", "dhuha": "06:05", "dzuhur": "11:52", "ashr": "15:12", "magrib": "17:58", "isya": "19:10"}, {"tanggal": "2021-11-07", "imsyak": "04:15", "shubuh": "04:25", "terbit": "05:41", "dhuha": "06:05", "dzuhur": "11:52", "ashr": "15:12", "magrib": "17:58", "isya": "19:10"}, {"tanggal": "2021-11-08", "imsyak": "04:15", "shubuh": "04:25", "terbit": "05:41", "dhuha": "06:05", "dzuhur": "11:52", "ashr": "15:12", "magrib": "17:58", "isya": "19:10"}, {"tanggal": "2021-11-09", "imsyak": "04:15", "shubuh": "04:25", "terbit": "05:41", "dhuha": "06:05", "dzuhur": "11:52", "ashr": "15:13", "magrib": "17:58", "isya": "19:10"}, {"tanggal": "2021-11-10", "imsyak": "04:15", "shubuh": "04:25", "terbit": "05:41", "dhuha": "06:05", "dzuhur": "11:52", "ashr": "15:13", "magrib": "17:58", "isya": "19:11"}, {"tanggal": "2021-11-11", "imsyak": "04:15", "shubuh": "04:25", "terbit": "05:41", "dhuha": "06:05", "dzuhur": "11:52", "ashr": "15:14", "magrib": "17:59", "isya": "19:11"}, {"tanggal": "2021-11-12", "imsyak": "04:15", "shubuh": "04:25", "terbit": "05:41", "dhuha": "06:05", "dzuhur": "11:52", "ashr": "15:14", "magrib": "17:59", "isya": "19:11"}, {"tanggal": "2021-11-13", "imsyak": "04:14", "shubuh": "04:24", "terbit": "05:41", "dhuha": "06:05", "dzuhur": "11:52", "ashr": "15:14", "magrib": "17:59", "isya": "19:11"}, {"tanggal": "2021-11-14", "imsyak": "04:14", "shubuh": "04:24", "terbit": "05:41", "dhuha": "06:05", "dzuhur": "11:52", "ashr": "15:15", "magrib": "17:59", "isya": "19:12"}, {"tanggal": "2021-11-15", "imsyak": "04:14", "shubuh": "04:24", "terbit": "05:42", "dhuha": "06:06", "dzuhur": "11:52", "ashr": "15:15", "magrib": "17:59", "isya": "19:12"}, {"tanggal": "2021-11-16", "imsyak": "04:14", "shubuh": "04:24", "terbit": "05:42", "dhuha": "06:06", "dzuhur": "11:53", "ashr": "15:15", "magrib": "17:59", "isya": "19:12"}, {"tanggal": "2021-11-17", "imsyak": "04:14", "shubuh": "04:24", "terbit": "05:42", "dhuha": "06:06", "dzuhur": "11:53", "ashr": "15:16", "magrib": "18:00", "isya": "19:13"}, {"tanggal": "2021-11-18", "imsyak": "04:14", "shubuh": "04:24", "terbit": "05:42", "dhuha": "06:06", "dzuhur": "11:53", "ashr": "15:16", "magrib": "18:00", "isya": "19:13"}, {"tanggal": "2021-11-19", "imsyak": "04:14", "shubuh": "04:24", "terbit": "05:42", "dhuha": "06:06", "dzuhur": "11:53", "ashr": "15:17", "magrib": "18:00", "isya": "19:13"}, {"tanggal": "2021-11-20", "imsyak": "04:14", "shubuh": "04:24", "terbit": "05:42", "dhuha": "06:06", "dzuhur": "11:53", "ashr": "15:17", "magrib": "18:00", "isya": "19:14"}, {"tanggal": "2021-11-21", "imsyak": "04:14", "shubuh": "04:24", "terbit": "05:42", "dhuha": "06:06", "dzuhur": "11:54", "ashr": "15:17", "magrib": "18:01", "isya": "19:14"}, {"tanggal": "2021-11-22", "imsyak": "04:14", "shubuh": "04:24", "terbit": "05:43", "dhuha": "06:07", "dzuhur": "11:54", "ashr": "15:18", "magrib": "18:01", "isya": "19:15"}, {"tanggal": "2021-11-23", "imsyak": "04:15", "shubuh": "04:25", "terbit": "05:43", "dhuha": "06:07", "dzuhur": "11:54", "ashr": "15:18", "magrib": "18:01", "isya": "19:15"}, {"tanggal": "2021-11-24", "imsyak": "04:15", "shubuh": "04:25", "terbit": "05:43", "dhuha": "06:07", "dzuhur": "11:54", "ashr": "15:19", "magrib": "18:02", "isya": "19:15"}, {"tanggal": "2021-11-25", "imsyak": "04:15", "shubuh": "04:25", "terbit": "05:43", "dhuha": "06:07", "dzuhur": "11:55", "ashr": "15:19", "magrib": "18:02", "isya": "19:16"}, {"tanggal": "2021-11-26", "imsyak": "04:15", "shubuh": "04:25", "terbit": "05:43", "dhuha": "06:07", "dzuhur": "11:55", "ashr": "15:20", "magrib": "18:02", "isya": "19:16"}, {"tanggal": "2021-11-27", "imsyak": "04:15", "shubuh": "04:25", "terbit": "05:44", "dhuha": "06:08", "dzuhur": "11:55", "ashr": "15:20", "magrib": "18:03", "isya": "19:17"}, {"tanggal": "2021-11-28", "imsyak": "04:15", "shubuh": "04:25", "terbit": "05:44", "dhuha": "06:08", "dzuhur": "11:56", "ashr": "15:21", "magrib": "18:03", "isya": "19:17"}, {"tanggal": "2021-11-29", "imsyak": "04:15", "shubuh": "04:25", "terbit": "05:44", "dhuha": "06:08", "dzuhur": "11:56", "ashr": "15:21", "magrib": "18:03", "isya": "19:18"}, {"tanggal": "2021-11-30", "imsyak": "04:16", "shubuh": "04:26", "terbit": "05:45", "dhuha": "06:09", "dzuhur": "11:56", "ashr": "15:22", "magrib": "18:04", "isya": "19:18"}]