[{"tanggal": "2023-05-01", "imsyak": "03:53", "shubuh": "04:03", "terbit": "05:19", "dhuha": "05:43", "dzuhur": "11:23", "ashr": "14:44", "magrib": "17:23", "isya": "18:34"}, {"tanggal": "2023-05-02", "imsyak": "03:53", "shubuh": "04:03", "terbit": "05:19", "dhuha": "05:43", "dzuhur": "11:23", "ashr": "14:44", "magrib": "17:23", "isya": "18:34"}, {"tanggal": "2023-05-03", "imsyak": "03:53", "shubuh": "04:03", "terbit": "05:19", "dhuha": "05:43", "dzuhur": "11:23", "ashr": "14:44", "magrib": "17:22", "isya": "18:34"}, {"tanggal": "2023-05-04", "imsyak": "03:53", "shubuh": "04:03", "terbit": "05:19", "dhuha": "05:43", "dzuhur": "11:22", "ashr": "14:44", "magrib": "17:22", "isya": "18:34"}, {"tanggal": "2023-05-05", "imsyak": "03:53", "shubuh": "04:03", "terbit": "05:19", "dhuha": "05:43", "dzuhur": "11:22", "ashr": "14:44", "magrib": "17:22", "isya": "18:34"}, {"tanggal": "2023-05-06", "imsyak": "03:53", "shubuh": "04:03", "terbit": "05:19", "dhuha": "05:43", "dzuhur": "11:22", "ashr": "14:44", "magrib": "17:22", "isya": "18:34"}, {"tanggal": "2023-05-07", "imsyak": "03:53", "shubuh": "04:03", "terbit": "05:19", "dhuha": "05:43", "dzuhur": "11:22", "ashr": "14:44", "magrib": "17:22", "isya": "18:34"}, {"tanggal": "2023-05-08", "imsyak": "03:52", "shubuh": "04:02", "terbit": "05:19", "dhuha": "05:43", "dzuhur": "11:22", "ashr": "14:44", "magrib": "17:22", "isya": "18:34"}, {"tanggal": "2023-05-09", "imsyak": "03:52", "shubuh": "04:02", "terbit": "05:19", "dhuha": "05:43", "dzuhur": "11:22", "ashr": "14:44", "magrib": "17:22", "isya": "18:33"}, {"tanggal": "2023-05-10", "imsyak": "03:52", "shubuh": "04:02", "terbit": "05:19", "dhuha": "05:43", "dzuhur": "11:22", "ashr": "14:44", "magrib": "17:21", "isya": "18:33"}, {"tanggal": "2023-05-11", "imsyak": "03:52", "shubuh": "04:02", "terbit": "05:19", "dhuha": "05:43", "dzuhur": "11:22", "ashr": "14:44", "magrib": "17:21", "isya": "18:33"}, {"tanggal": "2023-05-12", "imsyak": "03:52", "shubuh": "04:02", "terbit": "05:19", "dhuha": "05:43", "dzuhur": "11:22", "ashr": "14:45", "magrib": "17:21", "isya": "18:34"}, {"tanggal": "2023-05-13", "imsyak": "03:52", "shubuh": "04:02", "terbit": "05:19", "dhuha": "05:43", "dzuhur": "11:22", "ashr": "14:45", "magrib": "17:21", "isya": "18:34"}, {"tanggal": "2023-05-14", "imsyak": "03:52", "shubuh": "04:02", "terbit": "05:19", "dhuha": "05:43", "dzuhur": "11:22", "ashr": "14:45", "magrib": "17:21", "isya": "18:34"}, {"tanggal": "2023-05-15", "imsyak": "03:52", "shubuh": "04:02", "terbit": "05:19", "dhuha": "05:43", "dzuhur": "11:22", "ashr": "14:45", "magrib": "17:21", "isya": "18:34"}, {"tanggal": "2023-05-16", "imsyak": "03:52", "shubuh": "04:02", "terbit": "05:19", "dhuha": "05:43", "dzuhur": "11:22", "ashr": "14:45", "magrib": "17:21", "isya": "18:34"}, {"tanggal": "2023-05-17", "imsyak": "03:52", "shubuh": "04:02", "terbit": "05:19", "dhuha": "05:43", "dzuhur": "11:22", "ashr": "14:45", "magrib": "17:21", "isya": "18:34"}, {"tanggal": "2023-05-18", "imsyak": "03:52", "shubuh": "04:02", "terbit": "05:19", "dhuha": "05:43", "dzuhur": "11:22", "ashr": "14:45", "magrib": "17:21", "isya": "18:34"}, {"tanggal": "2023-05-19", "imsyak": "03:52", "shubuh": "04:02", "terbit": "05:19", "dhuha": "05:43", "dzuhur": "11:22", "ashr": "14:45", "magrib": "17:21", "isya": "18:34"}, {"tanggal": "2023-05-20", "imsyak": "03:52", "shubuh": "04:02", "terbit": "05:19", "dhuha": "05:43", "dzuhur": "11:22", "ashr": "14:45", "magrib": "17:21", "isya": "18:34"}, {"tanggal": "2023-05-21", "imsyak": "03:52", "shubuh": "04:02", "terbit": "05:19", "dhuha": "05:43", "dzuhur": "11:22", "ashr": "14:45", "magrib": "17:21", "isya": "18:34"}, {"tanggal": "2023-05-22", "imsyak": "03:52", "shubuh": "04:02", "terbit": "05:19", "dhuha": "05:43", "dzuhur": "11:22", "ashr": "14:46", "magrib": "17:21", "isya": "18:34"}, {"tanggal": "2023-05-23", "imsyak": "03:52", "shubuh": "04:02", "terbit": "05:19", "dhuha": "05:43", "dzuhur": "11:22", "ashr": "14:46", "magrib": "17:21", "isya": "18:34"}, {"tanggal": "2023-05-24", "imsyak": "03:52", "shubuh": "04:02", "terbit": "05:20", "dhuha": "05:44", "dzuhur": "11:22", "ashr": "14:46", "magrib": "17:21", "isya": "18:34"}, {"tanggal": "2023-05-25", "imsyak": "03:52", "shubuh": "04:02", "terbit": "05:20", "dhuha": "05:44", "dzuhur": "11:22", "ashr": "14:46", "magrib": "17:21", "isya": "18:35"}, {"tanggal": "2023-05-26", "imsyak": "03:52", "shubuh": "04:02", "terbit": "05:20", "dhuha": "05:44", "dzuhur": "11:22", "ashr": "14:46", "magrib": "17:21", "isya": "18:35"}, {"tanggal": "2023-05-27", "imsyak": "03:52", "shubuh": "04:02", "terbit": "05:20", "dhuha": "05:44", "dzuhur": "11:23", "ashr": "14:46", "magrib": "17:21", "isya": "18:35"}, {"tanggal": "2023-05-28", "imsyak": "03:52", "shubuh": "04:02", "terbit": "05:20", "dhuha": "05:44", "dzuhur": "11:23", "ashr": "14:46", "magrib": "17:21", "isya": "18:35"}, {"tanggal": "2023-05-29", "imsyak": "03:52", "shubuh": "04:02", "terbit": "05:20", "dhuha": "05:44", "dzuhur": "11:23", "ashr": "14:46", "magrib": "17:21", "isya": "18:35"}, {"tanggal": "2023-05-30", "imsyak": "03:52", "shubuh": "04:02", "terbit": "05:20", "dhuha": "05:44", "dzuhur": "11:23", "ashr": "14:47", "magrib": "17:21", "isya": "18:35"}, {"tanggal": "2023-05-31", "imsyak": "03:52", "shubuh": "04:02", "terbit": "05:21", "dhuha": "05:45", "dzuhur": "11:23", "ashr": "14:47", "magrib": "17:22", "isya": "18:36"}]