[{"tanggal": "2022-01-01", "imsyak": "03:45", "shubuh": "03:55", "terbit": "05:15", "dhuha": "05:39", "dzuhur": "11:29", "ashr": "14:55", "magrib": "17:38", "isya": "18:53"}, {"tanggal": "2022-01-02", "imsyak": "03:46", "shubuh": "03:56", "terbit": "05:16", "dhuha": "05:40", "dzuhur": "11:29", "ashr": "14:56", "magrib": "17:38", "isya": "18:54"}, {"tanggal": "2022-01-03", "imsyak": "03:46", "shubuh": "03:56", "terbit": "05:16", "dhuha": "05:40", "dzuhur": "11:29", "ashr": "14:56", "magrib": "17:39", "isya": "18:54"}, {"tanggal": "2022-01-04", "imsyak": "03:47", "shubuh": "03:57", "terbit": "05:17", "dhuha": "05:41", "dzuhur": "11:30", "ashr": "14:56", "magrib": "17:39", "isya": "18:54"}, {"tanggal": "2022-01-05", "imsyak": "03:47", "shubuh": "03:57", "terbit": "05:17", "dhuha": "05:41", "dzuhur": "11:30", "ashr": "14:57", "magrib": "17:39", "isya": "18:55"}, {"tanggal": "2022-01-06", "imsyak": "03:48", "shubuh": "03:58", "terbit": "05:18", "dhuha": "05:42", "dzuhur": "11:31", "ashr": "14:57", "magrib": "17:40", "isya": "18:55"}, {"tanggal": "2022-01-07", "imsyak": "03:48", "shubuh": "03:58", "terbit": "05:18", "dhuha": "05:42", "dzuhur": "11:31", "ashr": "14:57", "magrib": "17:40", "isya": "18:55"}, {"tanggal": "2022-01-08", "imsyak": "03:49", "shubuh": "03:59", "terbit": "05:19", "dhuha": "05:43", "dzuhur": "11:32", "ashr": "14:58", "magrib": "17:41", "isya": "18:56"}, {"tanggal": "2022-01-09", "imsyak": "03:49", "shubuh": "03:59", "terbit": "05:19", "dhuha": "05:43", "dzuhur": "11:32", "ashr": "14:58", "magrib": "17:41", "isya": "18:56"}, {"tanggal": "2022-01-10", "imsyak": "03:50", "shubuh": "04:00", "terbit": "05:20", "dhuha": "05:44", "dzuhur": "11:33", "ashr": "14:58", "magrib": "17:41", "isya": "18:56"}, {"tanggal": "2022-01-11", "imsyak": "03:51", "shubuh": "04:01", "terbit": "05:20", "dhuha": "05:44", "dzuhur": "11:33", "ashr": "14:59", "magrib": "17:42", "isya": "18:57"}, {"tanggal": "2022-01-12", "imsyak": "03:51", "shubuh": "04:01", "terbit": "05:21", "dhuha": "05:45", "dzuhur": "11:33", "ashr": "14:59", "magrib": "17:42", "isya": "18:57"}, {"tanggal": "2022-01-13", "imsyak": "03:52", "shubuh": "04:02", "terbit": "05:21", "dhuha": "05:45", "dzuhur": "11:34", "ashr": "14:59", "magrib": "17:43", "isya": "18:57"}, {"tanggal": "2022-01-14", "imsyak": "03:52", "shubuh": "04:02", "terbit": "05:21", "dhuha": "05:45", "dzuhur": "11:34", "ashr": "15:00", "magrib": "17:43", "isya": "18:57"}, {"tanggal": "2022-01-15", "imsyak": "03:53", "shubuh": "04:03", "terbit": "05:22", "dhuha": "05:46", "dzuhur": "11:35", "ashr": "15:00", "magrib": "17:43", "isya": "18:58"}, {"tanggal": "2022-01-16", "imsyak": "03:53", "shubuh": "04:03", "terbit": "05:22", "dhuha": "05:46", "dzuhur": "11:35", "ashr": "15:00", "magrib": "17:43", "isya": "18:58"}, {"tanggal": "2022-01-17", "imsyak": "03:54", "shubuh": "04:04", "terbit": "05:23", "dhuha": "05:47", "dzuhur": "11:35", "ashr": "15:00", "magrib": "17:44", "isya": "18:58"}, {"tanggal": "2022-01-18", "imsyak": "03:54", "shubuh": "04:04", "terbit": "05:23", "dhuha": "05:47", "dzuhur": "11:36", "ashr": "15:00", "magrib": "17:44", "isya": "18:58"}, {"tanggal": "2022-01-19", "imsyak": "03:55", "shubuh": "04:05", "terbit": "05:23", "dhuha": "05:47", "dzuhur": "11:36", "ashr": "15:01", "magrib": "17:44", "isya": "18:58"}, {"tanggal": "2022-01-20", "imsyak": "03:55", "shubuh": "04:05", "terbit": "05:24", "dhuha": "05:48", "dzuhur": "11:36", "ashr": "15:01", "magrib": "17:45", "isya": "18:58"}, {"tanggal": "2022-01-21", "imsyak": "03:56", "shubuh": "04:06", "terbit": "05:24", "dhuha": "05:48", "dzuhur": "11:37", "ashr": "15:01", "magrib": "17:45", "isya": "18:59"}, {"tanggal": "2022-01-22", "imsyak": "03:56", "shubuh": "04:06", "terbit": "05:25", "dhuha": "05:49", "dzuhur": "11:37", "ashr": "15:01", "magrib": "17:45", "isya": "18:59"}, {"tanggal": "2022-01-23", "imsyak": "03:57", "shubuh": "04:07", "terbit": "05:25", "dhuha": "05:49", "dzuhur": "11:37", "ashr": "15:01", "magrib": "17:45", "isya": "18:59"}, {"tanggal": "2022-01-24", "imsyak": "03:57", "shubuh": "04:07", "terbit": "05:25", "dhuha": "05:49", "dzuhur": "11:37", "ashr": "15:01", "magrib": "17:45", "isya": "18:59"}, {"tanggal": "2022-01-25", "imsyak": "03:58", "shubuh": "04:08", "terbit": "05:25", "dhuha": "05:49", "dzuhur": "11:38", "ashr": "15:01", "magrib": "17:46", "isya": "18:59"}, {"tanggal": "2022-01-26", "imsyak": "03:58", "shubuh": "04:08", "terbit": "05:26", "dhuha": "05:50", "dzuhur": "11:38", "ashr": "15:01", "magrib": "17:46", "isya": "18:59"}, {"tanggal": "2022-01-27", "imsyak": "03:58", "shubuh": "04:08", "terbit": "05:26", "dhuha": "05:50", "dzuhur": "11:38", "ashr": "15:01", "magrib": "17:46", "isya": "18:59"}, {"tanggal": "2022-01-28", "imsyak": "03:59", "shubuh": "04:09", "terbit": "05:26", "dhuha": "05:50", "dzuhur": "11:38", "ashr": "15:01", "magrib": "17:46", "isya": "18:59"}, {"tanggal": "2022-01-29", "imsyak": "03:59", "shubuh": "04:09", "terbit": "05:27", "dhuha": "05:51", "dzuhur": "11:38", "ashr": "15:01", "magrib": "17:46", "isya": "18:59"}, {"tanggal": "2022-01-30", "imsyak": "04:00", "shubuh": "04:10", "terbit": "05:27", "dhuha": "05:51", "dzuhur": "11:39", "ashr": "15:01", "magrib": "17:46", "isya": "18:59"}, {"tanggal": "2022-01-31", "imsyak": "04:00", "shubuh": "04:10", "terbit": "05:27", "dhuha": "05:51", "dzuhur": "11:39", "ashr": "15:01", "magrib": "17:46", "isya": "18:59"}]