[{"tanggal": "2022-03-01", "imsyak": "04:05", "shubuh": "04:15", "terbit": "05:29", "dhuha": "05:53", "dzuhur": "11:38", "ashr": "14:47", "magrib": "17:43", "isya": "18:53"}, {"tanggal": "2022-03-02", "imsyak": "04:05", "shubuh": "04:15", "terbit": "05:29", "dhuha": "05:53", "dzuhur": "11:38", "ashr": "14:46", "magrib": "17:43", "isya": "18:52"}, {"tanggal": "2022-03-03", "imsyak": "04:05", "shubuh": "04:15", "terbit": "05:29", "dhuha": "05:53", "dzuhur": "11:38", "ashr": "14:46", "magrib": "17:43", "isya": "18:52"}, {"tanggal": "2022-03-04", "imsyak": "04:05", "shubuh": "04:15", "terbit": "05:29", "dhuha": "05:53", "dzuhur": "11:38", "ashr": "14:45", "magrib": "17:42", "isya": "18:52"}, {"tanggal": "2022-03-05", "imsyak": "04:05", "shubuh": "04:15", "terbit": "05:29", "dhuha": "05:53", "dzuhur": "11:37", "ashr": "14:44", "magrib": "17:42", "isya": "18:51"}, {"tanggal": "2022-03-06", "imsyak": "04:05", "shubuh": "04:15", "terbit": "05:28", "dhuha": "05:52", "dzuhur": "11:37", "ashr": "14:43", "magrib": "17:42", "isya": "18:51"}, {"tanggal": "2022-03-07", "imsyak": "04:05", "shubuh": "04:15", "terbit": "05:28", "dhuha": "05:52", "dzuhur": "11:37", "ashr": "14:42", "magrib": "17:41", "isya": "18:51"}, {"tanggal": "2022-03-08", "imsyak": "04:05", "shubuh": "04:15", "terbit": "05:28", "dhuha": "05:52", "dzuhur": "11:37", "ashr": "14:41", "magrib": "17:41", "isya": "18:50"}, {"tanggal": "2022-03-09", "imsyak": "04:05", "shubuh": "04:15", "terbit": "05:28", "dhuha": "05:52", "dzuhur": "11:36", "ashr": "14:40", "magrib": "17:41", "isya": "18:50"}, {"tanggal": "2022-03-10", "imsyak": "04:05", "shubuh": "04:15", "terbit": "05:28", "dhuha": "05:52", "dzuhur": "11:36", "ashr": "14:39", "magrib": "17:40", "isya": "18:49"}, {"tanggal": "2022-03-11", "imsyak": "04:05", "shubuh": "04:15", "terbit": "05:28", "dhuha": "05:52", "dzuhur": "11:36", "ashr": "14:38", "magrib": "17:40", "isya": "18:49"}, {"tanggal": "2022-03-12", "imsyak": "04:04", "shubuh": "04:14", "terbit": "05:27", "dhuha": "05:51", "dzuhur": "11:36", "ashr": "14:37", "magrib": "17:40", "isya": "18:49"}, {"tanggal": "2022-03-13", "imsyak": "04:04", "shubuh": "04:14", "terbit": "05:27", "dhuha": "05:51", "dzuhur": "11:35", "ashr": "14:36", "magrib": "17:39", "isya": "18:48"}, {"tanggal": "2022-03-14", "imsyak": "04:04", "shubuh": "04:14", "terbit": "05:27", "dhuha": "05:51", "dzuhur": "11:35", "ashr": "14:36", "magrib": "17:39", "isya": "18:48"}, {"tanggal": "2022-03-15", "imsyak": "04:04", "shubuh": "04:14", "terbit": "05:27", "dhuha": "05:51", "dzuhur": "11:35", "ashr": "14:36", "magrib": "17:39", "isya": "18:47"}, {"tanggal": "2022-03-16", "imsyak": "04:04", "shubuh": "04:14", "terbit": "05:27", "dhuha": "05:51", "dzuhur": "11:35", "ashr": "14:37", "magrib": "17:38", "isya": "18:47"}, {"tanggal": "2022-03-17", "imsyak": "04:04", "shubuh": "04:14", "terbit": "05:27", "dhuha": "05:51", "dzuhur": "11:34", "ashr": "14:37", "magrib": "17:38", "isya": "18:47"}, {"tanggal": "2022-03-18", "imsyak": "04:04", "shubuh": "04:14", "terbit": "05:26", "dhuha": "05:50", "dzuhur": "11:34", "ashr": "14:38", "magrib": "17:38", "isya": "18:46"}, {"tanggal": "2022-03-19", "imsyak": "04:03", "shubuh": "04:13", "terbit": "05:26", "dhuha": "05:50", "dzuhur": "11:34", "ashr": "14:38", "magrib": "17:37", "isya": "18:46"}, {"tanggal": "2022-03-20", "imsyak": "04:03", "shubuh": "04:13", "terbit": "05:26", "dhuha": "05:50", "dzuhur": "11:33", "ashr": "14:38", "magrib": "17:37", "isya": "18:46"}, {"tanggal": "2022-03-21", "imsyak": "04:03", "shubuh": "04:13", "terbit": "05:26", "dhuha": "05:50", "dzuhur": "11:33", "ashr": "14:39", "magrib": "17:36", "isya": "18:45"}, {"tanggal": "2022-03-22", "imsyak": "04:03", "shubuh": "04:13", "terbit": "05:26", "dhuha": "05:50", "dzuhur": "11:33", "ashr": "14:39", "magrib": "17:36", "isya": "18:45"}, {"tanggal": "2022-03-23", "imsyak": "04:03", "shubuh": "04:13", "terbit": "05:25", "dhuha": "05:49", "dzuhur": "11:32", "ashr": "14:39", "magrib": "17:36", "isya": "18:44"}, {"tanggal": "2022-03-24", "imsyak": "04:02", "shubuh": "04:12", "terbit": "05:25", "dhuha": "05:49", "dzuhur": "11:32", "ashr": "14:40", "magrib": "17:35", "isya": "18:44"}, {"tanggal": "2022-03-25", "imsyak": "04:02", "shubuh": "04:12", "terbit": "05:25", "dhuha": "05:49", "dzuhur": "11:32", "ashr": "14:40", "magrib": "17:35", "isya": "18:44"}, {"tanggal": "2022-03-26", "imsyak": "04:02", "shubuh": "04:12", "terbit": "05:25", "dhuha": "05:49", "dzuhur": "11:32", "ashr": "14:40", "magrib": "17:34", "isya": "18:43"}, {"tanggal": "2022-03-27", "imsyak": "04:02", "shubuh": "04:12", "terbit": "05:25", "dhuha": "05:49", "dzuhur": "11:31", "ashr": "14:40", "magrib": "17:34", "isya": "18:43"}, {"tanggal": "2022-03-28", "imsyak": "04:01", "shubuh": "04:11", "terbit": "05:24", "dhuha": "05:48", "dzuhur": "11:31", "ashr": "14:41", "magrib": "17:34", "isya": "18:42"}, {"tanggal": "2022-03-29", "imsyak": "04:01", "shubuh": "04:11", "terbit": "05:24", "dhuha": "05:48", "dzuhur": "11:31", "ashr": "14:41", "magrib": "17:33", "isya": "18:42"}, {"tanggal": "2022-03-30", "imsyak": "04:01", "shubuh": "04:11", "terbit": "05:24", "dhuha": "05:48", "dzuhur": "11:30", "ashr": "14:41", "magrib": "17:33", "isya": "18:42"}, {"tanggal": "2022-03-31", "imsyak": "04:01", "shubuh": "04:11", "terbit": "05:24", "dhuha": "05:48", "dzuhur": "11:30", "ashr": "14:41", "magrib": "17:32", "isya": "18:41"}]