[{"tanggal": "2022-08-01", "imsyak": "04:02", "shubuh": "04:12", "terbit": "05:29", "dhuha": "05:53", "dzuhur": "11:32", "ashr": "14:55", "magrib": "17:31", "isya": "18:44"}, {"tanggal": "2022-08-02", "imsyak": "04:02", "shubuh": "04:12", "terbit": "05:29", "dhuha": "05:53", "dzuhur": "11:32", "ashr": "14:55", "magrib": "17:31", "isya": "18:43"}, {"tanggal": "2022-08-03", "imsyak": "04:02", "shubuh": "04:12", "terbit": "05:28", "dhuha": "05:52", "dzuhur": "11:32", "ashr": "14:54", "magrib": "17:31", "isya": "18:43"}, {"tanggal": "2022-08-04", "imsyak": "04:02", "shubuh": "04:12", "terbit": "05:28", "dhuha": "05:52", "dzuhur": "11:32", "ashr": "14:54", "magrib": "17:31", "isya": "18:43"}, {"tanggal": "2022-08-05", "imsyak": "04:02", "shubuh": "04:12", "terbit": "05:28", "dhuha": "05:52", "dzuhur": "11:32", "ashr": "14:54", "magrib": "17:31", "isya": "18:43"}, {"tanggal": "2022-08-06", "imsyak": "04:02", "shubuh": "04:12", "terbit": "05:28", "dhuha": "05:52", "dzuhur": "11:32", "ashr": "14:54", "magrib": "17:31", "isya": "18:43"}, {"tanggal": "2022-08-07", "imsyak": "04:02", "shubuh": "04:12", "terbit": "05:28", "dhuha": "05:52", "dzuhur": "11:31", "ashr": "14:54", "magrib": "17:31", "isya": "18:43"}, {"tanggal": "2022-08-08", "imsyak": "04:02", "shubuh": "04:12", "terbit": "05:28", "dhuha": "05:52", "dzuhur": "11:31", "ashr": "14:53", "magrib": "17:31", "isya": "18:43"}, {"tanggal": "2022-08-09", "imsyak": "04:02", "shubuh": "04:12", "terbit": "05:28", "dhuha": "05:52", "dzuhur": "11:31", "ashr": "14:53", "magrib": "17:31", "isya": "18:42"}, {"tanggal": "2022-08-10", "imsyak": "04:02", "shubuh": "04:12", "terbit": "05:27", "dhuha": "05:51", "dzuhur": "11:31", "ashr": "14:53", "magrib": "17:31", "isya": "18:42"}, {"tanggal": "2022-08-11", "imsyak": "04:01", "shubuh": "04:11", "terbit": "05:27", "dhuha": "05:51", "dzuhur": "11:31", "ashr": "14:53", "magrib": "17:31", "isya": "18:42"}, {"tanggal": "2022-08-12", "imsyak": "04:01", "shubuh": "04:11", "terbit": "05:27", "dhuha": "05:51", "dzuhur": "11:31", "ashr": "14:52", "magrib": "17:31", "isya": "18:42"}, {"tanggal": "2022-08-13", "imsyak": "04:01", "shubuh": "04:11", "terbit": "05:27", "dhuha": "05:51", "dzuhur": "11:31", "ashr": "14:52", "magrib": "17:31", "isya": "18:42"}, {"tanggal": "2022-08-14", "imsyak": "04:01", "shubuh": "04:11", "terbit": "05:26", "dhuha": "05:50", "dzuhur": "11:30", "ashr": "14:52", "magrib": "17:31", "isya": "18:42"}, {"tanggal": "2022-08-15", "imsyak": "04:01", "shubuh": "04:11", "terbit": "05:26", "dhuha": "05:50", "dzuhur": "11:30", "ashr": "14:51", "magrib": "17:30", "isya": "18:41"}, {"tanggal": "2022-08-16", "imsyak": "04:01", "shubuh": "04:11", "terbit": "05:26", "dhuha": "05:50", "dzuhur": "11:30", "ashr": "14:51", "magrib": "17:30", "isya": "18:41"}, {"tanggal": "2022-08-17", "imsyak": "04:01", "shubuh": "04:11", "terbit": "05:26", "dhuha": "05:50", "dzuhur": "11:30", "ashr": "14:50", "magrib": "17:30", "isya": "18:41"}, {"tanggal": "2022-08-18", "imsyak": "04:01", "shubuh": "04:11", "terbit": "05:25", "dhuha": "05:49", "dzuhur": "11:30", "ashr": "14:50", "magrib": "17:30", "isya": "18:41"}, {"tanggal": "2022-08-19", "imsyak": "04:00", "shubuh": "04:10", "terbit": "05:25", "dhuha": "05:49", "dzuhur": "11:29", "ashr": "14:50", "magrib": "17:30", "isya": "18:40"}, {"tanggal": "2022-08-20", "imsyak": "04:00", "shubuh": "04:10", "terbit": "05:25", "dhuha": "05:49", "dzuhur": "11:29", "ashr": "14:49", "magrib": "17:30", "isya": "18:40"}, {"tanggal": "2022-08-21", "imsyak": "04:00", "shubuh": "04:10", "terbit": "05:24", "dhuha": "05:48", "dzuhur": "11:29", "ashr": "14:49", "magrib": "17:30", "isya": "18:40"}, {"tanggal": "2022-08-22", "imsyak": "04:00", "shubuh": "04:10", "terbit": "05:24", "dhuha": "05:48", "dzuhur": "11:29", "ashr": "14:48", "magrib": "17:29", "isya": "18:40"}, {"tanggal": "2022-08-23", "imsyak": "04:00", "shubuh": "04:10", "terbit": "05:24", "dhuha": "05:48", "dzuhur": "11:29", "ashr": "14:48", "magrib": "17:29", "isya": "18:39"}, {"tanggal": "2022-08-24", "imsyak": "03:59", "shubuh": "04:09", "terbit": "05:24", "dhuha": "05:48", "dzuhur": "11:28", "ashr": "14:47", "magrib": "17:29", "isya": "18:39"}, {"tanggal": "2022-08-25", "imsyak": "03:59", "shubuh": "04:09", "terbit": "05:23", "dhuha": "05:47", "dzuhur": "11:28", "ashr": "14:47", "magrib": "17:29", "isya": "18:39"}, {"tanggal": "2022-08-26", "imsyak": "03:59", "shubuh": "04:09", "terbit": "05:23", "dhuha": "05:47", "dzuhur": "11:28", "ashr": "14:46", "magrib": "17:29", "isya": "18:39"}, {"tanggal": "2022-08-27", "imsyak": "03:59", "shubuh": "04:09", "terbit": "05:22", "dhuha": "05:46", "dzuhur": "11:27", "ashr": "14:46", "magrib": "17:28", "isya": "18:38"}, {"tanggal": "2022-08-28", "imsyak": "03:58", "shubuh": "04:08", "terbit": "05:22", "dhuha": "05:46", "dzuhur": "11:27", "ashr": "14:45", "magrib": "17:28", "isya": "18:38"}, {"tanggal": "2022-08-29", "imsyak": "03:58", "shubuh": "04:08", "terbit": "05:22", "dhuha": "05:46", "dzuhur": "11:27", "ashr": "14:44", "magrib": "17:28", "isya": "18:38"}, {"tanggal": "2022-08-30", "imsyak": "03:58", "shubuh": "04:08", "terbit": "05:21", "dhuha": "05:45", "dzuhur": "11:27", "ashr": "14:44", "magrib": "17:28", "isya": "18:37"}, {"tanggal": "2022-08-31", "imsyak": "03:57", "shubuh": "04:07", "terbit": "05:21", "dhuha": "05:45", "dzuhur": "11:26", "ashr": "14:43", "magrib": "17:28", "isya": "18:37"}]