[{"tanggal": "2022-09-01", "imsyak": "03:57", "shubuh": "04:07", "terbit": "05:21", "dhuha": "05:45", "dzuhur": "11:26", "ashr": "14:43", "magrib": "17:27", "isya": "18:37"}, {"tanggal": "2022-09-02", "imsyak": "03:57", "shubuh": "04:07", "terbit": "05:20", "dhuha": "05:44", "dzuhur": "11:26", "ashr": "14:42", "magrib": "17:27", "isya": "18:36"}, {"tanggal": "2022-09-03", "imsyak": "03:56", "shubuh": "04:06", "terbit": "05:20", "dhuha": "05:44", "dzuhur": "11:25", "ashr": "14:41", "magrib": "17:27", "isya": "18:36"}, {"tanggal": "2022-09-04", "imsyak": "03:56", "shubuh": "04:06", "terbit": "05:19", "dhuha": "05:43", "dzuhur": "11:25", "ashr": "14:41", "magrib": "17:27", "isya": "18:36"}, {"tanggal": "2022-09-05", "imsyak": "03:56", "shubuh": "04:06", "terbit": "05:19", "dhuha": "05:43", "dzuhur": "11:25", "ashr": "14:40", "magrib": "17:26", "isya": "18:36"}, {"tanggal": "2022-09-06", "imsyak": "03:55", "shubuh": "04:05", "terbit": "05:19", "dhuha": "05:43", "dzuhur": "11:24", "ashr": "14:39", "magrib": "17:26", "isya": "18:35"}, {"tanggal": "2022-09-07", "imsyak": "03:55", "shubuh": "04:05", "terbit": "05:18", "dhuha": "05:42", "dzuhur": "11:24", "ashr": "14:38", "magrib": "17:26", "isya": "18:35"}, {"tanggal": "2022-09-08", "imsyak": "03:55", "shubuh": "04:05", "terbit": "05:18", "dhuha": "05:42", "dzuhur": "11:24", "ashr": "14:38", "magrib": "17:26", "isya": "18:35"}, {"tanggal": "2022-09-09", "imsyak": "03:54", "shubuh": "04:04", "terbit": "05:17", "dhuha": "05:41", "dzuhur": "11:23", "ashr": "14:37", "magrib": "17:25", "isya": "18:34"}, {"tanggal": "2022-09-10", "imsyak": "03:54", "shubuh": "04:04", "terbit": "05:17", "dhuha": "05:41", "dzuhur": "11:23", "ashr": "14:36", "magrib": "17:25", "isya": "18:34"}, {"tanggal": "2022-09-11", "imsyak": "03:53", "shubuh": "04:03", "terbit": "05:16", "dhuha": "05:40", "dzuhur": "11:23", "ashr": "14:35", "magrib": "17:25", "isya": "18:34"}, {"tanggal": "2022-09-12", "imsyak": "03:53", "shubuh": "04:03", "terbit": "05:16", "dhuha": "05:40", "dzuhur": "11:22", "ashr": "14:34", "magrib": "17:25", "isya": "18:33"}, {"tanggal": "2022-09-13", "imsyak": "03:53", "shubuh": "04:03", "terbit": "05:16", "dhuha": "05:40", "dzuhur": "11:22", "ashr": "14:34", "magrib": "17:24", "isya": "18:33"}, {"tanggal": "2022-09-14", "imsyak": "03:52", "shubuh": "04:02", "terbit": "05:15", "dhuha": "05:39", "dzuhur": "11:22", "ashr": "14:33", "magrib": "17:24", "isya": "18:33"}, {"tanggal": "2022-09-15", "imsyak": "03:52", "shubuh": "04:02", "terbit": "05:15", "dhuha": "05:39", "dzuhur": "11:21", "ashr": "14:32", "magrib": "17:24", "isya": "18:33"}, {"tanggal": "2022-09-16", "imsyak": "03:51", "shubuh": "04:01", "terbit": "05:14", "dhuha": "05:38", "dzuhur": "11:21", "ashr": "14:31", "magrib": "17:23", "isya": "18:32"}, {"tanggal": "2022-09-17", "imsyak": "03:51", "shubuh": "04:01", "terbit": "05:14", "dhuha": "05:38", "dzuhur": "11:20", "ashr": "14:30", "magrib": "17:23", "isya": "18:32"}, {"tanggal": "2022-09-18", "imsyak": "03:51", "shubuh": "04:01", "terbit": "05:13", "dhuha": "05:37", "dzuhur": "11:20", "ashr": "14:29", "magrib": "17:23", "isya": "18:32"}, {"tanggal": "2022-09-19", "imsyak": "03:50", "shubuh": "04:00", "terbit": "05:13", "dhuha": "05:37", "dzuhur": "11:20", "ashr": "14:28", "magrib": "17:23", "isya": "18:31"}, {"tanggal": "2022-09-20", "imsyak": "03:50", "shubuh": "04:00", "terbit": "05:13", "dhuha": "05:37", "dzuhur": "11:19", "ashr": "14:28", "magrib": "17:22", "isya": "18:31"}, {"tanggal": "2022-09-21", "imsyak": "03:49", "shubuh": "03:59", "terbit": "05:12", "dhuha": "05:36", "dzuhur": "11:19", "ashr": "14:27", "magrib": "17:22", "isya": "18:31"}, {"tanggal": "2022-09-22", "imsyak": "03:49", "shubuh": "03:59", "terbit": "05:12", "dhuha": "05:36", "dzuhur": "11:19", "ashr": "14:26", "magrib": "17:22", "isya": "18:31"}, {"tanggal": "2022-09-23", "imsyak": "03:48", "shubuh": "03:58", "terbit": "05:11", "dhuha": "05:35", "dzuhur": "11:18", "ashr": "14:25", "magrib": "17:22", "isya": "18:30"}, {"tanggal": "2022-09-24", "imsyak": "03:48", "shubuh": "03:58", "terbit": "05:11", "dhuha": "05:35", "dzuhur": "11:18", "ashr": "14:24", "magrib": "17:21", "isya": "18:30"}, {"tanggal": "2022-09-25", "imsyak": "03:48", "shubuh": "03:58", "terbit": "05:10", "dhuha": "05:34", "dzuhur": "11:18", "ashr": "14:23", "magrib": "17:21", "isya": "18:30"}, {"tanggal": "2022-09-26", "imsyak": "03:47", "shubuh": "03:57", "terbit": "05:10", "dhuha": "05:34", "dzuhur": "11:17", "ashr": "14:22", "magrib": "17:21", "isya": "18:30"}, {"tanggal": "2022-09-27", "imsyak": "03:47", "shubuh": "03:57", "terbit": "05:09", "dhuha": "05:33", "dzuhur": "11:17", "ashr": "14:21", "magrib": "17:21", "isya": "18:29"}, {"tanggal": "2022-09-28", "imsyak": "03:46", "shubuh": "03:56", "terbit": "05:09", "dhuha": "05:33", "dzuhur": "11:17", "ashr": "14:20", "magrib": "17:20", "isya": "18:29"}, {"tanggal": "2022-09-29", "imsyak": "03:46", "shubuh": "03:56", "terbit": "05:09", "dhuha": "05:33", "dzuhur": "11:16", "ashr": "14:19", "magrib": "17:20", "isya": "18:29"}, {"tanggal": "2022-09-30", "imsyak": "03:45", "shubuh": "03:55", "terbit": "05:08", "dhuha": "05:32", "dzuhur": "11:16", "ashr": "14:18", "magrib": "17:20", "isya": "18:29"}]