[{"tanggal": "2022-10-01", "imsyak": "03:45", "shubuh": "03:55", "terbit": "05:08", "dhuha": "05:32", "dzuhur": "11:16", "ashr": "14:17", "magrib": "17:20", "isya": "18:28"}, {"tanggal": "2022-10-02", "imsyak": "03:44", "shubuh": "03:54", "terbit": "05:07", "dhuha": "05:31", "dzuhur": "11:15", "ashr": "14:16", "magrib": "17:19", "isya": "18:28"}, {"tanggal": "2022-10-03", "imsyak": "03:44", "shubuh": "03:54", "terbit": "05:07", "dhuha": "05:31", "dzuhur": "11:15", "ashr": "14:16", "magrib": "17:19", "isya": "18:28"}, {"tanggal": "2022-10-04", "imsyak": "03:44", "shubuh": "03:54", "terbit": "05:07", "dhuha": "05:31", "dzuhur": "11:15", "ashr": "14:17", "magrib": "17:19", "isya": "18:28"}, {"tanggal": "2022-10-05", "imsyak": "03:43", "shubuh": "03:53", "terbit": "05:06", "dhuha": "05:30", "dzuhur": "11:14", "ashr": "14:17", "magrib": "17:19", "isya": "18:28"}, {"tanggal": "2022-10-06", "imsyak": "03:43", "shubuh": "03:53", "terbit": "05:06", "dhuha": "05:30", "dzuhur": "11:14", "ashr": "14:17", "magrib": "17:18", "isya": "18:27"}, {"tanggal": "2022-10-07", "imsyak": "03:42", "shubuh": "03:52", "terbit": "05:05", "dhuha": "05:29", "dzuhur": "11:14", "ashr": "14:18", "magrib": "17:18", "isya": "18:27"}, {"tanggal": "2022-10-08", "imsyak": "03:42", "shubuh": "03:52", "terbit": "05:05", "dhuha": "05:29", "dzuhur": "11:13", "ashr": "14:18", "magrib": "17:18", "isya": "18:27"}, {"tanggal": "2022-10-09", "imsyak": "03:41", "shubuh": "03:51", "terbit": "05:05", "dhuha": "05:29", "dzuhur": "11:13", "ashr": "14:19", "magrib": "17:18", "isya": "18:27"}, {"tanggal": "2022-10-10", "imsyak": "03:41", "shubuh": "03:51", "terbit": "05:04", "dhuha": "05:28", "dzuhur": "11:13", "ashr": "14:19", "magrib": "17:18", "isya": "18:27"}, {"tanggal": "2022-10-11", "imsyak": "03:40", "shubuh": "03:50", "terbit": "05:04", "dhuha": "05:28", "dzuhur": "11:13", "ashr": "14:20", "magrib": "17:17", "isya": "18:27"}, {"tanggal": "2022-10-12", "imsyak": "03:40", "shubuh": "03:50", "terbit": "05:04", "dhuha": "05:28", "dzuhur": "11:12", "ashr": "14:20", "magrib": "17:17", "isya": "18:27"}, {"tanggal": "2022-10-13", "imsyak": "03:40", "shubuh": "03:50", "terbit": "05:03", "dhuha": "05:27", "dzuhur": "11:12", "ashr": "14:20", "magrib": "17:17", "isya": "18:27"}, {"tanggal": "2022-10-14", "imsyak": "03:39", "shubuh": "03:49", "terbit": "05:03", "dhuha": "05:27", "dzuhur": "11:12", "ashr": "14:21", "magrib": "17:17", "isya": "18:26"}, {"tanggal": "2022-10-15", "imsyak": "03:39", "shubuh": "03:49", "terbit": "05:02", "dhuha": "05:26", "dzuhur": "11:12", "ashr": "14:21", "magrib": "17:17", "isya": "18:26"}, {"tanggal": "2022-10-16", "imsyak": "03:38", "shubuh": "03:48", "terbit": "05:02", "dhuha": "05:26", "dzuhur": "11:11", "ashr": "14:21", "magrib": "17:17", "isya": "18:26"}, {"tanggal": "2022-10-17", "imsyak": "03:38", "shubuh": "03:48", "terbit": "05:02", "dhuha": "05:26", "dzuhur": "11:11", "ashr": "14:22", "magrib": "17:17", "isya": "18:26"}, {"tanggal": "2022-10-18", "imsyak": "03:38", "shubuh": "03:48", "terbit": "05:02", "dhuha": "05:26", "dzuhur": "11:11", "ashr": "14:22", "magrib": "17:16", "isya": "18:26"}, {"tanggal": "2022-10-19", "imsyak": "03:37", "shubuh": "03:47", "terbit": "05:01", "dhuha": "05:25", "dzuhur": "11:11", "ashr": "14:23", "magrib": "17:16", "isya": "18:26"}, {"tanggal": "2022-10-20", "imsyak": "03:37", "shubuh": "03:47", "terbit": "05:01", "dhuha": "05:25", "dzuhur": "11:11", "ashr": "14:23", "magrib": "17:16", "isya": "18:26"}, {"tanggal": "2022-10-21", "imsyak": "03:36", "shubuh": "03:46", "terbit": "05:01", "dhuha": "05:25", "dzuhur": "11:10", "ashr": "14:23", "magrib": "17:16", "isya": "18:26"}, {"tanggal": "2022-10-22", "imsyak": "03:36", "shubuh": "03:46", "terbit": "05:00", "dhuha": "05:24", "dzuhur": "11:10", "ashr": "14:24", "magrib": "17:16", "isya": "18:26"}, {"tanggal": "2022-10-23", "imsyak": "03:36", "shubuh": "03:46", "terbit": "05:00", "dhuha": "05:24", "dzuhur": "11:10", "ashr": "14:24", "magrib": "17:16", "isya": "18:26"}, {"tanggal": "2022-10-24", "imsyak": "03:35", "shubuh": "03:45", "terbit": "05:00", "dhuha": "05:24", "dzuhur": "11:10", "ashr": "14:24", "magrib": "17:16", "isya": "18:26"}, {"tanggal": "2022-10-25", "imsyak": "03:35", "shubuh": "03:45", "terbit": "05:00", "dhuha": "05:24", "dzuhur": "11:10", "ashr": "14:25", "magrib": "17:16", "isya": "18:26"}, {"tanggal": "2022-10-26", "imsyak": "03:35", "shubuh": "03:45", "terbit": "05:00", "dhuha": "05:24", "dzuhur": "11:10", "ashr": "14:25", "magrib": "17:16", "isya": "18:26"}, {"tanggal": "2022-10-27", "imsyak": "03:34", "shubuh": "03:44", "terbit": "04:59", "dhuha": "05:23", "dzuhur": "11:10", "ashr": "14:25", "magrib": "17:16", "isya": "18:26"}, {"tanggal": "2022-10-28", "imsyak": "03:34", "shubuh": "03:44", "terbit": "04:59", "dhuha": "05:23", "dzuhur": "11:09", "ashr": "14:26", "magrib": "17:16", "isya": "18:27"}, {"tanggal": "2022-10-29", "imsyak": "03:34", "shubuh": "03:44", "terbit": "04:59", "dhuha": "05:23", "dzuhur": "11:09", "ashr": "14:26", "magrib": "17:16", "isya": "18:27"}, {"tanggal": "2022-10-30", "imsyak": "03:34", "shubuh": "03:44", "terbit": "04:59", "dhuha": "05:23", "dzuhur": "11:09", "ashr": "14:26", "magrib": "17:16", "isya": "18:27"}, {"tanggal": "2022-10-31", "imsyak": "03:33", "shubuh": "03:43", "terbit": "04:59", "dhuha": "05:23", "dzuhur": "11:09", "ashr": "14:27", "magrib": "17:16", "isya": "18:27"}]