[{"tanggal": "2022-02-01", "imsyak": "05:04", "shubuh": "05:14", "terbit": "06:31", "dhuha": "06:55", "dzuhur": "12:43", "ashr": "16:04", "magrib": "18:51", "isya": "20:03"}, {"tanggal": "2022-02-02", "imsyak": "05:04", "shubuh": "05:14", "terbit": "06:31", "dhuha": "06:55", "dzuhur": "12:43", "ashr": "16:04", "magrib": "18:51", "isya": "20:03"}, {"tanggal": "2022-02-03", "imsyak": "05:04", "shubuh": "05:14", "terbit": "06:31", "dhuha": "06:55", "dzuhur": "12:43", "ashr": "16:04", "magrib": "18:51", "isya": "20:03"}, {"tanggal": "2022-02-04", "imsyak": "05:05", "shubuh": "05:15", "terbit": "06:31", "dhuha": "06:55", "dzuhur": "12:43", "ashr": "16:04", "magrib": "18:51", "isya": "20:03"}, {"tanggal": "2022-02-05", "imsyak": "05:05", "shubuh": "05:15", "terbit": "06:31", "dhuha": "06:55", "dzuhur": "12:43", "ashr": "16:04", "magrib": "18:51", "isya": "20:03"}, {"tanggal": "2022-02-06", "imsyak": "05:05", "shubuh": "05:15", "terbit": "06:32", "dhuha": "06:56", "dzuhur": "12:43", "ashr": "16:03", "magrib": "18:51", "isya": "20:03"}, {"tanggal": "2022-02-07", "imsyak": "05:06", "shubuh": "05:16", "terbit": "06:32", "dhuha": "06:56", "dzuhur": "12:43", "ashr": "16:03", "magrib": "18:51", "isya": "20:03"}, {"tanggal": "2022-02-08", "imsyak": "05:06", "shubuh": "05:16", "terbit": "06:32", "dhuha": "06:56", "dzuhur": "12:44", "ashr": "16:03", "magrib": "18:51", "isya": "20:03"}, {"tanggal": "2022-02-09", "imsyak": "05:06", "shubuh": "05:16", "terbit": "06:32", "dhuha": "06:56", "dzuhur": "12:44", "ashr": "16:02", "magrib": "18:51", "isya": "20:02"}, {"tanggal": "2022-02-10", "imsyak": "05:06", "shubuh": "05:16", "terbit": "06:32", "dhuha": "06:56", "dzuhur": "12:44", "ashr": "16:02", "magrib": "18:51", "isya": "20:02"}, {"tanggal": "2022-02-11", "imsyak": "05:07", "shubuh": "05:17", "terbit": "06:32", "dhuha": "06:56", "dzuhur": "12:44", "ashr": "16:02", "magrib": "18:51", "isya": "20:02"}, {"tanggal": "2022-02-12", "imsyak": "05:07", "shubuh": "05:17", "terbit": "06:32", "dhuha": "06:56", "dzuhur": "12:44", "ashr": "16:01", "magrib": "18:51", "isya": "20:02"}, {"tanggal": "2022-02-13", "imsyak": "05:07", "shubuh": "05:17", "terbit": "06:33", "dhuha": "06:57", "dzuhur": "12:44", "ashr": "16:01", "magrib": "18:51", "isya": "20:02"}, {"tanggal": "2022-02-14", "imsyak": "05:07", "shubuh": "05:17", "terbit": "06:33", "dhuha": "06:57", "dzuhur": "12:44", "ashr": "16:00", "magrib": "18:51", "isya": "20:01"}, {"tanggal": "2022-02-15", "imsyak": "05:07", "shubuh": "05:17", "terbit": "06:33", "dhuha": "06:57", "dzuhur": "12:44", "ashr": "16:00", "magrib": "18:50", "isya": "20:01"}, {"tanggal": "2022-02-16", "imsyak": "05:08", "shubuh": "05:18", "terbit": "06:33", "dhuha": "06:57", "dzuhur": "12:44", "ashr": "15:59", "magrib": "18:50", "isya": "20:01"}, {"tanggal": "2022-02-17", "imsyak": "05:08", "shubuh": "05:18", "terbit": "06:33", "dhuha": "06:57", "dzuhur": "12:43", "ashr": "15:59", "magrib": "18:50", "isya": "20:01"}, {"tanggal": "2022-02-18", "imsyak": "05:08", "shubuh": "05:18", "terbit": "06:33", "dhuha": "06:57", "dzuhur": "12:43", "ashr": "15:58", "magrib": "18:50", "isya": "20:00"}, {"tanggal": "2022-02-19", "imsyak": "05:08", "shubuh": "05:18", "terbit": "06:33", "dhuha": "06:57", "dzuhur": "12:43", "ashr": "15:58", "magrib": "18:50", "isya": "20:00"}, {"tanggal": "2022-02-20", "imsyak": "05:08", "shubuh": "05:18", "terbit": "06:33", "dhuha": "06:57", "dzuhur": "12:43", "ashr": "15:57", "magrib": "18:50", "isya": "20:00"}, {"tanggal": "2022-02-21", "imsyak": "05:08", "shubuh": "05:18", "terbit": "06:33", "dhuha": "06:57", "dzuhur": "12:43", "ashr": "15:56", "magrib": "18:49", "isya": "20:00"}, {"tanggal": "2022-02-22", "imsyak": "05:08", "shubuh": "05:18", "terbit": "06:33", "dhuha": "06:57", "dzuhur": "12:43", "ashr": "15:56", "magrib": "18:49", "isya": "19:59"}, {"tanggal": "2022-02-23", "imsyak": "05:09", "shubuh": "05:19", "terbit": "06:33", "dhuha": "06:57", "dzuhur": "12:43", "ashr": "15:55", "magrib": "18:49", "isya": "19:59"}, {"tanggal": "2022-02-24", "imsyak": "05:09", "shubuh": "05:19", "terbit": "06:33", "dhuha": "06:57", "dzuhur": "12:43", "ashr": "15:54", "magrib": "18:49", "isya": "19:59"}, {"tanggal": "2022-02-25", "imsyak": "05:09", "shubuh": "05:19", "terbit": "06:33", "dhuha": "06:57", "dzuhur": "12:43", "ashr": "15:54", "magrib": "18:48", "isya": "19:58"}, {"tanggal": "2022-02-26", "imsyak": "05:09", "shubuh": "05:19", "terbit": "06:33", "dhuha": "06:57", "dzuhur": "12:42", "ashr": "15:53", "magrib": "18:48", "isya": "19:58"}, {"tanggal": "2022-02-27", "imsyak": "05:09", "shubuh": "05:19", "terbit": "06:33", "dhuha": "06:57", "dzuhur": "12:42", "ashr": "15:52", "magrib": "18:48", "isya": "19:58"}, {"tanggal": "2022-02-28", "imsyak": "05:09", "shubuh": "05:19", "terbit": "06:33", "dhuha": "06:57", "dzuhur": "12:42", "ashr": "15:51", "magrib": "18:48", "isya": "19:57"}]