[{"tanggal": "2022-03-01", "imsyak": "05:09", "shubuh": "05:19", "terbit": "06:33", "dhuha": "06:57", "dzuhur": "12:42", "ashr": "15:50", "magrib": "18:47", "isya": "19:57"}, {"tanggal": "2022-03-02", "imsyak": "05:09", "shubuh": "05:19", "terbit": "06:32", "dhuha": "06:56", "dzuhur": "12:42", "ashr": "15:50", "magrib": "18:47", "isya": "19:57"}, {"tanggal": "2022-03-03", "imsyak": "05:09", "shubuh": "05:19", "terbit": "06:32", "dhuha": "06:56", "dzuhur": "12:42", "ashr": "15:49", "magrib": "18:47", "isya": "19:56"}, {"tanggal": "2022-03-04", "imsyak": "05:09", "shubuh": "05:19", "terbit": "06:32", "dhuha": "06:56", "dzuhur": "12:41", "ashr": "15:48", "magrib": "18:46", "isya": "19:56"}, {"tanggal": "2022-03-05", "imsyak": "05:09", "shubuh": "05:19", "terbit": "06:32", "dhuha": "06:56", "dzuhur": "12:41", "ashr": "15:47", "magrib": "18:46", "isya": "19:55"}, {"tanggal": "2022-03-06", "imsyak": "05:09", "shubuh": "05:19", "terbit": "06:32", "dhuha": "06:56", "dzuhur": "12:41", "ashr": "15:46", "magrib": "18:46", "isya": "19:55"}, {"tanggal": "2022-03-07", "imsyak": "05:09", "shubuh": "05:19", "terbit": "06:32", "dhuha": "06:56", "dzuhur": "12:41", "ashr": "15:45", "magrib": "18:45", "isya": "19:55"}, {"tanggal": "2022-03-08", "imsyak": "05:09", "shubuh": "05:19", "terbit": "06:32", "dhuha": "06:56", "dzuhur": "12:40", "ashr": "15:44", "magrib": "18:45", "isya": "19:54"}, {"tanggal": "2022-03-09", "imsyak": "05:08", "shubuh": "05:18", "terbit": "06:32", "dhuha": "06:56", "dzuhur": "12:40", "ashr": "15:43", "magrib": "18:45", "isya": "19:54"}, {"tanggal": "2022-03-10", "imsyak": "05:08", "shubuh": "05:18", "terbit": "06:32", "dhuha": "06:56", "dzuhur": "12:40", "ashr": "15:42", "magrib": "18:44", "isya": "19:53"}, {"tanggal": "2022-03-11", "imsyak": "05:08", "shubuh": "05:18", "terbit": "06:31", "dhuha": "06:55", "dzuhur": "12:40", "ashr": "15:41", "magrib": "18:44", "isya": "19:53"}, {"tanggal": "2022-03-12", "imsyak": "05:08", "shubuh": "05:18", "terbit": "06:31", "dhuha": "06:55", "dzuhur": "12:39", "ashr": "15:40", "magrib": "18:44", "isya": "19:53"}, {"tanggal": "2022-03-13", "imsyak": "05:08", "shubuh": "05:18", "terbit": "06:31", "dhuha": "06:55", "dzuhur": "12:39", "ashr": "15:40", "magrib": "18:43", "isya": "19:52"}, {"tanggal": "2022-03-14", "imsyak": "05:08", "shubuh": "05:18", "terbit": "06:31", "dhuha": "06:55", "dzuhur": "12:39", "ashr": "15:41", "magrib": "18:43", "isya": "19:52"}, {"tanggal": "2022-03-15", "imsyak": "05:08", "shubuh": "05:18", "terbit": "06:31", "dhuha": "06:55", "dzuhur": "12:39", "ashr": "15:41", "magrib": "18:43", "isya": "19:51"}, {"tanggal": "2022-03-16", "imsyak": "05:08", "shubuh": "05:18", "terbit": "06:31", "dhuha": "06:55", "dzuhur": "12:38", "ashr": "15:42", "magrib": "18:42", "isya": "19:51"}, {"tanggal": "2022-03-17", "imsyak": "05:07", "shubuh": "05:17", "terbit": "06:30", "dhuha": "06:54", "dzuhur": "12:38", "ashr": "15:42", "magrib": "18:42", "isya": "19:51"}, {"tanggal": "2022-03-18", "imsyak": "05:07", "shubuh": "05:17", "terbit": "06:30", "dhuha": "06:54", "dzuhur": "12:38", "ashr": "15:42", "magrib": "18:41", "isya": "19:50"}, {"tanggal": "2022-03-19", "imsyak": "05:07", "shubuh": "05:17", "terbit": "06:30", "dhuha": "06:54", "dzuhur": "12:38", "ashr": "15:43", "magrib": "18:41", "isya": "19:50"}, {"tanggal": "2022-03-20", "imsyak": "05:07", "shubuh": "05:17", "terbit": "06:30", "dhuha": "06:54", "dzuhur": "12:37", "ashr": "15:43", "magrib": "18:41", "isya": "19:49"}, {"tanggal": "2022-03-21", "imsyak": "05:07", "shubuh": "05:17", "terbit": "06:30", "dhuha": "06:54", "dzuhur": "12:37", "ashr": "15:43", "magrib": "18:40", "isya": "19:49"}, {"tanggal": "2022-03-22", "imsyak": "05:07", "shubuh": "05:17", "terbit": "06:29", "dhuha": "06:53", "dzuhur": "12:37", "ashr": "15:44", "magrib": "18:40", "isya": "19:49"}, {"tanggal": "2022-03-23", "imsyak": "05:06", "shubuh": "05:16", "terbit": "06:29", "dhuha": "06:53", "dzuhur": "12:36", "ashr": "15:44", "magrib": "18:39", "isya": "19:48"}, {"tanggal": "2022-03-24", "imsyak": "05:06", "shubuh": "05:16", "terbit": "06:29", "dhuha": "06:53", "dzuhur": "12:36", "ashr": "15:44", "magrib": "18:39", "isya": "19:48"}, {"tanggal": "2022-03-25", "imsyak": "05:06", "shubuh": "05:16", "terbit": "06:29", "dhuha": "06:53", "dzuhur": "12:36", "ashr": "15:45", "magrib": "18:39", "isya": "19:47"}, {"tanggal": "2022-03-26", "imsyak": "05:06", "shubuh": "05:16", "terbit": "06:29", "dhuha": "06:53", "dzuhur": "12:35", "ashr": "15:45", "magrib": "18:38", "isya": "19:47"}, {"tanggal": "2022-03-27", "imsyak": "05:06", "shubuh": "05:16", "terbit": "06:28", "dhuha": "06:52", "dzuhur": "12:35", "ashr": "15:45", "magrib": "18:38", "isya": "19:47"}, {"tanggal": "2022-03-28", "imsyak": "05:05", "shubuh": "05:15", "terbit": "06:28", "dhuha": "06:52", "dzuhur": "12:35", "ashr": "15:45", "magrib": "18:37", "isya": "19:46"}, {"tanggal": "2022-03-29", "imsyak": "05:05", "shubuh": "05:15", "terbit": "06:28", "dhuha": "06:52", "dzuhur": "12:35", "ashr": "15:45", "magrib": "18:37", "isya": "19:46"}, {"tanggal": "2022-03-30", "imsyak": "05:05", "shubuh": "05:15", "terbit": "06:28", "dhuha": "06:52", "dzuhur": "12:34", "ashr": "15:46", "magrib": "18:37", "isya": "19:46"}, {"tanggal": "2022-03-31", "imsyak": "05:05", "shubuh": "05:15", "terbit": "06:28", "dhuha": "06:52", "dzuhur": "12:34", "ashr": "15:46", "magrib": "18:36", "isya": "19:45"}]