[{"tanggal": "2022-05-01", "imsyak": "04:58", "shubuh": "05:08", "terbit": "06:23", "dhuha": "06:47", "dzuhur": "12:27", "ashr": "15:48", "magrib": "18:26", "isya": "19:37"}, {"tanggal": "2022-05-02", "imsyak": "04:58", "shubuh": "05:08", "terbit": "06:23", "dhuha": "06:47", "dzuhur": "12:27", "ashr": "15:48", "magrib": "18:26", "isya": "19:37"}, {"tanggal": "2022-05-03", "imsyak": "04:58", "shubuh": "05:08", "terbit": "06:23", "dhuha": "06:47", "dzuhur": "12:26", "ashr": "15:48", "magrib": "18:26", "isya": "19:37"}, {"tanggal": "2022-05-04", "imsyak": "04:57", "shubuh": "05:07", "terbit": "06:23", "dhuha": "06:47", "dzuhur": "12:26", "ashr": "15:48", "magrib": "18:26", "isya": "19:37"}, {"tanggal": "2022-05-05", "imsyak": "04:57", "shubuh": "05:07", "terbit": "06:23", "dhuha": "06:47", "dzuhur": "12:26", "ashr": "15:48", "magrib": "18:25", "isya": "19:37"}, {"tanggal": "2022-05-06", "imsyak": "04:57", "shubuh": "05:07", "terbit": "06:23", "dhuha": "06:47", "dzuhur": "12:26", "ashr": "15:48", "magrib": "18:25", "isya": "19:37"}, {"tanggal": "2022-05-07", "imsyak": "04:57", "shubuh": "05:07", "terbit": "06:23", "dhuha": "06:47", "dzuhur": "12:26", "ashr": "15:48", "magrib": "18:25", "isya": "19:37"}, {"tanggal": "2022-05-08", "imsyak": "04:57", "shubuh": "05:07", "terbit": "06:23", "dhuha": "06:47", "dzuhur": "12:26", "ashr": "15:48", "magrib": "18:25", "isya": "19:37"}, {"tanggal": "2022-05-09", "imsyak": "04:57", "shubuh": "05:07", "terbit": "06:23", "dhuha": "06:47", "dzuhur": "12:26", "ashr": "15:48", "magrib": "18:25", "isya": "19:37"}, {"tanggal": "2022-05-10", "imsyak": "04:57", "shubuh": "05:07", "terbit": "06:23", "dhuha": "06:47", "dzuhur": "12:26", "ashr": "15:48", "magrib": "18:25", "isya": "19:37"}, {"tanggal": "2022-05-11", "imsyak": "04:57", "shubuh": "05:07", "terbit": "06:23", "dhuha": "06:47", "dzuhur": "12:26", "ashr": "15:48", "magrib": "18:25", "isya": "19:37"}, {"tanggal": "2022-05-12", "imsyak": "04:57", "shubuh": "05:07", "terbit": "06:23", "dhuha": "06:47", "dzuhur": "12:26", "ashr": "15:48", "magrib": "18:25", "isya": "19:37"}, {"tanggal": "2022-05-13", "imsyak": "04:56", "shubuh": "05:06", "terbit": "06:23", "dhuha": "06:47", "dzuhur": "12:26", "ashr": "15:48", "magrib": "18:24", "isya": "19:37"}, {"tanggal": "2022-05-14", "imsyak": "04:56", "shubuh": "05:06", "terbit": "06:23", "dhuha": "06:47", "dzuhur": "12:26", "ashr": "15:48", "magrib": "18:24", "isya": "19:37"}, {"tanggal": "2022-05-15", "imsyak": "04:56", "shubuh": "05:06", "terbit": "06:23", "dhuha": "06:47", "dzuhur": "12:26", "ashr": "15:49", "magrib": "18:24", "isya": "19:37"}, {"tanggal": "2022-05-16", "imsyak": "04:56", "shubuh": "05:06", "terbit": "06:23", "dhuha": "06:47", "dzuhur": "12:26", "ashr": "15:49", "magrib": "18:24", "isya": "19:37"}, {"tanggal": "2022-05-17", "imsyak": "04:56", "shubuh": "05:06", "terbit": "06:23", "dhuha": "06:47", "dzuhur": "12:26", "ashr": "15:49", "magrib": "18:24", "isya": "19:37"}, {"tanggal": "2022-05-18", "imsyak": "04:56", "shubuh": "05:06", "terbit": "06:23", "dhuha": "06:47", "dzuhur": "12:26", "ashr": "15:49", "magrib": "18:24", "isya": "19:37"}, {"tanggal": "2022-05-19", "imsyak": "04:56", "shubuh": "05:06", "terbit": "06:24", "dhuha": "06:48", "dzuhur": "12:26", "ashr": "15:49", "magrib": "18:24", "isya": "19:37"}, {"tanggal": "2022-05-20", "imsyak": "04:56", "shubuh": "05:06", "terbit": "06:24", "dhuha": "06:48", "dzuhur": "12:26", "ashr": "15:49", "magrib": "18:24", "isya": "19:37"}, {"tanggal": "2022-05-21", "imsyak": "04:56", "shubuh": "05:06", "terbit": "06:24", "dhuha": "06:48", "dzuhur": "12:26", "ashr": "15:49", "magrib": "18:24", "isya": "19:37"}, {"tanggal": "2022-05-22", "imsyak": "04:56", "shubuh": "05:06", "terbit": "06:24", "dhuha": "06:48", "dzuhur": "12:26", "ashr": "15:49", "magrib": "18:24", "isya": "19:37"}, {"tanggal": "2022-05-23", "imsyak": "04:56", "shubuh": "05:06", "terbit": "06:24", "dhuha": "06:48", "dzuhur": "12:26", "ashr": "15:49", "magrib": "18:24", "isya": "19:37"}, {"tanggal": "2022-05-24", "imsyak": "04:56", "shubuh": "05:06", "terbit": "06:24", "dhuha": "06:48", "dzuhur": "12:26", "ashr": "15:49", "magrib": "18:24", "isya": "19:38"}, {"tanggal": "2022-05-25", "imsyak": "04:56", "shubuh": "05:06", "terbit": "06:24", "dhuha": "06:48", "dzuhur": "12:26", "ashr": "15:50", "magrib": "18:24", "isya": "19:38"}, {"tanggal": "2022-05-26", "imsyak": "04:56", "shubuh": "05:06", "terbit": "06:24", "dhuha": "06:48", "dzuhur": "12:26", "ashr": "15:50", "magrib": "18:24", "isya": "19:38"}, {"tanggal": "2022-05-27", "imsyak": "04:56", "shubuh": "05:06", "terbit": "06:25", "dhuha": "06:49", "dzuhur": "12:26", "ashr": "15:50", "magrib": "18:24", "isya": "19:38"}, {"tanggal": "2022-05-28", "imsyak": "04:56", "shubuh": "05:06", "terbit": "06:25", "dhuha": "06:49", "dzuhur": "12:27", "ashr": "15:50", "magrib": "18:24", "isya": "19:38"}, {"tanggal": "2022-05-29", "imsyak": "04:56", "shubuh": "05:06", "terbit": "06:25", "dhuha": "06:49", "dzuhur": "12:27", "ashr": "15:50", "magrib": "18:24", "isya": "19:38"}, {"tanggal": "2022-05-30", "imsyak": "04:57", "shubuh": "05:07", "terbit": "06:25", "dhuha": "06:49", "dzuhur": "12:27", "ashr": "15:50", "magrib": "18:25", "isya": "19:38"}, {"tanggal": "2022-05-31", "imsyak": "04:57", "shubuh": "05:07", "terbit": "06:25", "dhuha": "06:49", "dzuhur": "12:27", "ashr": "15:50", "magrib": "18:25", "isya": "19:39"}]