[{"tanggal": "2022-06-01", "imsyak": "04:57", "shubuh": "05:07", "terbit": "06:25", "dhuha": "06:49", "dzuhur": "12:27", "ashr": "15:51", "magrib": "18:25", "isya": "19:39"}, {"tanggal": "2022-06-02", "imsyak": "04:57", "shubuh": "05:07", "terbit": "06:26", "dhuha": "06:50", "dzuhur": "12:27", "ashr": "15:51", "magrib": "18:25", "isya": "19:39"}, {"tanggal": "2022-06-03", "imsyak": "04:57", "shubuh": "05:07", "terbit": "06:26", "dhuha": "06:50", "dzuhur": "12:27", "ashr": "15:51", "magrib": "18:25", "isya": "19:39"}, {"tanggal": "2022-06-04", "imsyak": "04:57", "shubuh": "05:07", "terbit": "06:26", "dhuha": "06:50", "dzuhur": "12:28", "ashr": "15:51", "magrib": "18:25", "isya": "19:39"}, {"tanggal": "2022-06-05", "imsyak": "04:57", "shubuh": "05:07", "terbit": "06:26", "dhuha": "06:50", "dzuhur": "12:28", "ashr": "15:51", "magrib": "18:25", "isya": "19:40"}, {"tanggal": "2022-06-06", "imsyak": "04:57", "shubuh": "05:07", "terbit": "06:26", "dhuha": "06:50", "dzuhur": "12:28", "ashr": "15:52", "magrib": "18:25", "isya": "19:40"}, {"tanggal": "2022-06-07", "imsyak": "04:57", "shubuh": "05:07", "terbit": "06:27", "dhuha": "06:51", "dzuhur": "12:28", "ashr": "15:52", "magrib": "18:26", "isya": "19:40"}, {"tanggal": "2022-06-08", "imsyak": "04:58", "shubuh": "05:08", "terbit": "06:27", "dhuha": "06:51", "dzuhur": "12:28", "ashr": "15:52", "magrib": "18:26", "isya": "19:40"}, {"tanggal": "2022-06-09", "imsyak": "04:58", "shubuh": "05:08", "terbit": "06:27", "dhuha": "06:51", "dzuhur": "12:28", "ashr": "15:52", "magrib": "18:26", "isya": "19:40"}, {"tanggal": "2022-06-10", "imsyak": "04:58", "shubuh": "05:08", "terbit": "06:27", "dhuha": "06:51", "dzuhur": "12:29", "ashr": "15:52", "magrib": "18:26", "isya": "19:41"}, {"tanggal": "2022-06-11", "imsyak": "04:58", "shubuh": "05:08", "terbit": "06:27", "dhuha": "06:51", "dzuhur": "12:29", "ashr": "15:53", "magrib": "18:26", "isya": "19:41"}, {"tanggal": "2022-06-12", "imsyak": "04:58", "shubuh": "05:08", "terbit": "06:28", "dhuha": "06:52", "dzuhur": "12:29", "ashr": "15:53", "magrib": "18:26", "isya": "19:41"}, {"tanggal": "2022-06-13", "imsyak": "04:58", "shubuh": "05:08", "terbit": "06:28", "dhuha": "06:52", "dzuhur": "12:29", "ashr": "15:53", "magrib": "18:27", "isya": "19:41"}, {"tanggal": "2022-06-14", "imsyak": "04:59", "shubuh": "05:09", "terbit": "06:28", "dhuha": "06:52", "dzuhur": "12:29", "ashr": "15:53", "magrib": "18:27", "isya": "19:42"}, {"tanggal": "2022-06-15", "imsyak": "04:59", "shubuh": "05:09", "terbit": "06:28", "dhuha": "06:52", "dzuhur": "12:30", "ashr": "15:53", "magrib": "18:27", "isya": "19:42"}, {"tanggal": "2022-06-16", "imsyak": "04:59", "shubuh": "05:09", "terbit": "06:29", "dhuha": "06:53", "dzuhur": "12:30", "ashr": "15:54", "magrib": "18:27", "isya": "19:42"}, {"tanggal": "2022-06-17", "imsyak": "04:59", "shubuh": "05:09", "terbit": "06:29", "dhuha": "06:53", "dzuhur": "12:30", "ashr": "15:54", "magrib": "18:27", "isya": "19:42"}, {"tanggal": "2022-06-18", "imsyak": "04:59", "shubuh": "05:09", "terbit": "06:29", "dhuha": "06:53", "dzuhur": "12:30", "ashr": "15:54", "magrib": "18:28", "isya": "19:42"}, {"tanggal": "2022-06-19", "imsyak": "05:00", "shubuh": "05:10", "terbit": "06:29", "dhuha": "06:53", "dzuhur": "12:31", "ashr": "15:54", "magrib": "18:28", "isya": "19:43"}, {"tanggal": "2022-06-20", "imsyak": "05:00", "shubuh": "05:10", "terbit": "06:29", "dhuha": "06:53", "dzuhur": "12:31", "ashr": "15:54", "magrib": "18:28", "isya": "19:43"}, {"tanggal": "2022-06-21", "imsyak": "05:00", "shubuh": "05:10", "terbit": "06:30", "dhuha": "06:54", "dzuhur": "12:31", "ashr": "15:55", "magrib": "18:28", "isya": "19:43"}, {"tanggal": "2022-06-22", "imsyak": "05:00", "shubuh": "05:10", "terbit": "06:30", "dhuha": "06:54", "dzuhur": "12:31", "ashr": "15:55", "magrib": "18:28", "isya": "19:43"}, {"tanggal": "2022-06-23", "imsyak": "05:00", "shubuh": "05:10", "terbit": "06:30", "dhuha": "06:54", "dzuhur": "12:31", "ashr": "15:55", "magrib": "18:29", "isya": "19:44"}, {"tanggal": "2022-06-24", "imsyak": "05:01", "shubuh": "05:11", "terbit": "06:30", "dhuha": "06:54", "dzuhur": "12:32", "ashr": "15:55", "magrib": "18:29", "isya": "19:44"}, {"tanggal": "2022-06-25", "imsyak": "05:01", "shubuh": "05:11", "terbit": "06:31", "dhuha": "06:55", "dzuhur": "12:32", "ashr": "15:56", "magrib": "18:29", "isya": "19:44"}, {"tanggal": "2022-06-26", "imsyak": "05:01", "shubuh": "05:11", "terbit": "06:31", "dhuha": "06:55", "dzuhur": "12:32", "ashr": "15:56", "magrib": "18:29", "isya": "19:44"}, {"tanggal": "2022-06-27", "imsyak": "05:01", "shubuh": "05:11", "terbit": "06:31", "dhuha": "06:55", "dzuhur": "12:32", "ashr": "15:56", "magrib": "18:30", "isya": "19:44"}, {"tanggal": "2022-06-28", "imsyak": "05:02", "shubuh": "05:12", "terbit": "06:31", "dhuha": "06:55", "dzuhur": "12:32", "ashr": "15:56", "magrib": "18:30", "isya": "19:45"}, {"tanggal": "2022-06-29", "imsyak": "05:02", "shubuh": "05:12", "terbit": "06:31", "dhuha": "06:55", "dzuhur": "12:33", "ashr": "15:56", "magrib": "18:30", "isya": "19:45"}, {"tanggal": "2022-06-30", "imsyak": "05:02", "shubuh": "05:12", "terbit": "06:32", "dhuha": "06:56", "dzuhur": "12:33", "ashr": "15:57", "magrib": "18:30", "isya": "19:45"}]