[{"tanggal": "2022-11-01", "imsyak": "04:36", "shubuh": "04:46", "terbit": "06:02", "dhuha": "06:26", "dzuhur": "12:13", "ashr": "15:31", "magrib": "18:20", "isya": "19:32"}, {"tanggal": "2022-11-02", "imsyak": "04:36", "shubuh": "04:46", "terbit": "06:02", "dhuha": "06:26", "dzuhur": "12:13", "ashr": "15:31", "magrib": "18:20", "isya": "19:32"}, {"tanggal": "2022-11-03", "imsyak": "04:36", "shubuh": "04:46", "terbit": "06:02", "dhuha": "06:26", "dzuhur": "12:13", "ashr": "15:31", "magrib": "18:20", "isya": "19:32"}, {"tanggal": "2022-11-04", "imsyak": "04:36", "shubuh": "04:46", "terbit": "06:02", "dhuha": "06:26", "dzuhur": "12:13", "ashr": "15:32", "magrib": "18:20", "isya": "19:32"}, {"tanggal": "2022-11-05", "imsyak": "04:35", "shubuh": "04:45", "terbit": "06:01", "dhuha": "06:25", "dzuhur": "12:13", "ashr": "15:32", "magrib": "18:21", "isya": "19:32"}, {"tanggal": "2022-11-06", "imsyak": "04:35", "shubuh": "04:45", "terbit": "06:01", "dhuha": "06:25", "dzuhur": "12:13", "ashr": "15:33", "magrib": "18:21", "isya": "19:33"}, {"tanggal": "2022-11-07", "imsyak": "04:35", "shubuh": "04:45", "terbit": "06:01", "dhuha": "06:25", "dzuhur": "12:13", "ashr": "15:33", "magrib": "18:21", "isya": "19:33"}, {"tanggal": "2022-11-08", "imsyak": "04:35", "shubuh": "04:45", "terbit": "06:01", "dhuha": "06:25", "dzuhur": "12:13", "ashr": "15:33", "magrib": "18:21", "isya": "19:33"}, {"tanggal": "2022-11-09", "imsyak": "04:35", "shubuh": "04:45", "terbit": "06:01", "dhuha": "06:25", "dzuhur": "12:13", "ashr": "15:34", "magrib": "18:21", "isya": "19:33"}, {"tanggal": "2022-11-10", "imsyak": "04:34", "shubuh": "04:44", "terbit": "06:01", "dhuha": "06:25", "dzuhur": "12:13", "ashr": "15:34", "magrib": "18:21", "isya": "19:34"}, {"tanggal": "2022-11-11", "imsyak": "04:34", "shubuh": "04:44", "terbit": "06:01", "dhuha": "06:25", "dzuhur": "12:13", "ashr": "15:35", "magrib": "18:21", "isya": "19:34"}, {"tanggal": "2022-11-12", "imsyak": "04:34", "shubuh": "04:44", "terbit": "06:01", "dhuha": "06:25", "dzuhur": "12:13", "ashr": "15:35", "magrib": "18:22", "isya": "19:34"}, {"tanggal": "2022-11-13", "imsyak": "04:34", "shubuh": "04:44", "terbit": "06:01", "dhuha": "06:25", "dzuhur": "12:14", "ashr": "15:35", "magrib": "18:22", "isya": "19:35"}, {"tanggal": "2022-11-14", "imsyak": "04:34", "shubuh": "04:44", "terbit": "06:01", "dhuha": "06:25", "dzuhur": "12:14", "ashr": "15:36", "magrib": "18:22", "isya": "19:35"}, {"tanggal": "2022-11-15", "imsyak": "04:34", "shubuh": "04:44", "terbit": "06:01", "dhuha": "06:25", "dzuhur": "12:14", "ashr": "15:36", "magrib": "18:22", "isya": "19:35"}, {"tanggal": "2022-11-16", "imsyak": "04:34", "shubuh": "04:44", "terbit": "06:01", "dhuha": "06:25", "dzuhur": "12:14", "ashr": "15:37", "magrib": "18:23", "isya": "19:36"}, {"tanggal": "2022-11-17", "imsyak": "04:34", "shubuh": "04:44", "terbit": "06:02", "dhuha": "06:26", "dzuhur": "12:14", "ashr": "15:37", "magrib": "18:23", "isya": "19:36"}, {"tanggal": "2022-11-18", "imsyak": "04:34", "shubuh": "04:44", "terbit": "06:02", "dhuha": "06:26", "dzuhur": "12:14", "ashr": "15:37", "magrib": "18:23", "isya": "19:36"}, {"tanggal": "2022-11-19", "imsyak": "04:34", "shubuh": "04:44", "terbit": "06:02", "dhuha": "06:26", "dzuhur": "12:15", "ashr": "15:38", "magrib": "18:23", "isya": "19:37"}, {"tanggal": "2022-11-20", "imsyak": "04:34", "shubuh": "04:44", "terbit": "06:02", "dhuha": "06:26", "dzuhur": "12:15", "ashr": "15:38", "magrib": "18:24", "isya": "19:37"}, {"tanggal": "2022-11-21", "imsyak": "04:34", "shubuh": "04:44", "terbit": "06:02", "dhuha": "06:26", "dzuhur": "12:15", "ashr": "15:39", "magrib": "18:24", "isya": "19:38"}, {"tanggal": "2022-11-22", "imsyak": "04:34", "shubuh": "04:44", "terbit": "06:02", "dhuha": "06:26", "dzuhur": "12:15", "ashr": "15:39", "magrib": "18:24", "isya": "19:38"}, {"tanggal": "2022-11-23", "imsyak": "04:34", "shubuh": "04:44", "terbit": "06:02", "dhuha": "06:26", "dzuhur": "12:15", "ashr": "15:40", "magrib": "18:25", "isya": "19:38"}, {"tanggal": "2022-11-24", "imsyak": "04:34", "shubuh": "04:44", "terbit": "06:03", "dhuha": "06:27", "dzuhur": "12:16", "ashr": "15:40", "magrib": "18:25", "isya": "19:39"}, {"tanggal": "2022-11-25", "imsyak": "04:34", "shubuh": "04:44", "terbit": "06:03", "dhuha": "06:27", "dzuhur": "12:16", "ashr": "15:41", "magrib": "18:25", "isya": "19:39"}, {"tanggal": "2022-11-26", "imsyak": "04:34", "shubuh": "04:44", "terbit": "06:03", "dhuha": "06:27", "dzuhur": "12:16", "ashr": "15:41", "magrib": "18:26", "isya": "19:40"}, {"tanggal": "2022-11-27", "imsyak": "04:34", "shubuh": "04:44", "terbit": "06:03", "dhuha": "06:27", "dzuhur": "12:17", "ashr": "15:42", "magrib": "18:26", "isya": "19:40"}, {"tanggal": "2022-11-28", "imsyak": "04:34", "shubuh": "04:44", "terbit": "06:04", "dhuha": "06:28", "dzuhur": "12:17", "ashr": "15:42", "magrib": "18:26", "isya": "19:41"}, {"tanggal": "2022-11-29", "imsyak": "04:35", "shubuh": "04:45", "terbit": "06:04", "dhuha": "06:28", "dzuhur": "12:17", "ashr": "15:43", "magrib": "18:27", "isya": "19:41"}, {"tanggal": "2022-11-30", "imsyak": "04:35", "shubuh": "04:45", "terbit": "06:04", "dhuha": "06:28", "dzuhur": "12:18", "ashr": "15:43", "magrib": "18:27", "isya": "19:42"}]