[{"imsyak": "03:33", "shubuh": "03:43", "dzuhur": "11:09", "tanggal": "2019-11-01", "terbit": "04:59", "magrib": "17:16", "isya": "18:27", "dhuha": "05:23", "ashr": "14:27"}, {"imsyak": "03:33", "shubuh": "03:43", "dzuhur": "11:09", "tanggal": "2019-11-02", "terbit": "04:58", "magrib": "17:16", "isya": "18:27", "dhuha": "05:22", "ashr": "14:28"}, {"imsyak": "03:33", "shubuh": "03:43", "dzuhur": "11:09", "tanggal": "2019-11-03", "terbit": "04:58", "magrib": "17:16", "isya": "18:27", "dhuha": "05:22", "ashr": "14:28"}, {"imsyak": "03:32", "shubuh": "03:42", "dzuhur": "11:09", "tanggal": "2019-11-04", "terbit": "04:58", "magrib": "17:16", "isya": "18:28", "dhuha": "05:22", "ashr": "14:28"}, {"imsyak": "03:32", "shubuh": "03:42", "dzuhur": "11:09", "tanggal": "2019-11-05", "terbit": "04:58", "magrib": "17:16", "isya": "18:28", "dhuha": "05:22", "ashr": "14:29"}, {"imsyak": "03:32", "shubuh": "03:42", "dzuhur": "11:09", "tanggal": "2019-11-06", "terbit": "04:58", "magrib": "17:16", "isya": "18:28", "dhuha": "05:22", "ashr": "14:29"}, {"imsyak": "03:32", "shubuh": "03:42", "dzuhur": "11:09", "tanggal": "2019-11-07", "terbit": "04:58", "magrib": "17:16", "isya": "18:28", "dhuha": "05:22", "ashr": "14:29"}, {"imsyak": "03:32", "shubuh": "03:42", "dzuhur": "11:09", "tanggal": "2019-11-08", "terbit": "04:58", "magrib": "17:16", "isya": "18:29", "dhuha": "05:22", "ashr": "14:30"}, {"imsyak": "03:31", "shubuh": "03:41", "dzuhur": "11:09", "tanggal": "2019-11-09", "terbit": "04:58", "magrib": "17:17", "isya": "18:29", "dhuha": "05:22", "ashr": "14:30"}, {"imsyak": "03:31", "shubuh": "03:41", "dzuhur": "11:09", "tanggal": "2019-11-10", "terbit": "04:58", "magrib": "17:17", "isya": "18:29", "dhuha": "05:22", "ashr": "14:30"}, {"imsyak": "03:31", "shubuh": "03:41", "dzuhur": "11:09", "tanggal": "2019-11-11", "terbit": "04:58", "magrib": "17:17", "isya": "18:29", "dhuha": "05:22", "ashr": "14:31"}, {"imsyak": "03:31", "shubuh": "03:41", "dzuhur": "11:10", "tanggal": "2019-11-12", "terbit": "04:58", "magrib": "17:17", "isya": "18:30", "dhuha": "05:22", "ashr": "14:31"}, {"imsyak": "03:31", "shubuh": "03:41", "dzuhur": "11:10", "tanggal": "2019-11-13", "terbit": "04:58", "magrib": "17:17", "isya": "18:30", "dhuha": "05:22", "ashr": "14:32"}, {"imsyak": "03:31", "shubuh": "03:41", "dzuhur": "11:10", "tanggal": "2019-11-14", "terbit": "04:58", "magrib": "17:18", "isya": "18:30", "dhuha": "05:22", "ashr": "14:32"}, {"imsyak": "03:31", "shubuh": "03:41", "dzuhur": "11:10", "tanggal": "2019-11-15", "terbit": "04:58", "magrib": "17:18", "isya": "18:31", "dhuha": "05:22", "ashr": "14:32"}, {"imsyak": "03:31", "shubuh": "03:41", "dzuhur": "11:10", "tanggal": "2019-11-16", "terbit": "04:58", "magrib": "17:18", "isya": "18:31", "dhuha": "05:22", "ashr": "14:33"}, {"imsyak": "03:31", "shubuh": "03:41", "dzuhur": "11:10", "tanggal": "2019-11-17", "terbit": "04:58", "magrib": "17:18", "isya": "18:31", "dhuha": "05:22", "ashr": "14:33"}, {"imsyak": "03:31", "shubuh": "03:41", "dzuhur": "11:10", "tanggal": "2019-11-18", "terbit": "04:58", "magrib": "17:18", "isya": "18:32", "dhuha": "05:22", "ashr": "14:34"}, {"imsyak": "03:31", "shubuh": "03:41", "dzuhur": "11:11", "tanggal": "2019-11-19", "terbit": "04:59", "magrib": "17:19", "isya": "18:32", "dhuha": "05:23", "ashr": "14:34"}, {"imsyak": "03:31", "shubuh": "03:41", "dzuhur": "11:11", "tanggal": "2019-11-20", "terbit": "04:59", "magrib": "17:19", "isya": "18:32", "dhuha": "05:23", "ashr": "14:35"}, {"imsyak": "03:31", "shubuh": "03:41", "dzuhur": "11:11", "tanggal": "2019-11-21", "terbit": "04:59", "magrib": "17:19", "isya": "18:33", "dhuha": "05:23", "ashr": "14:35"}, {"imsyak": "03:31", "shubuh": "03:41", "dzuhur": "11:11", "tanggal": "2019-11-22", "terbit": "04:59", "magrib": "17:20", "isya": "18:33", "dhuha": "05:23", "ashr": "14:35"}, {"imsyak": "03:31", "shubuh": "03:41", "dzuhur": "11:12", "tanggal": "2019-11-23", "terbit": "04:59", "magrib": "17:20", "isya": "18:34", "dhuha": "05:23", "ashr": "14:36"}, {"imsyak": "03:31", "shubuh": "03:41", "dzuhur": "11:12", "tanggal": "2019-11-24", "terbit": "05:00", "magrib": "17:20", "isya": "18:34", "dhuha": "05:24", "ashr": "14:36"}, {"imsyak": "03:31", "shubuh": "03:41", "dzuhur": "11:12", "tanggal": "2019-11-25", "terbit": "05:00", "magrib": "17:21", "isya": "18:35", "dhuha": "05:24", "ashr": "14:37"}, {"imsyak": "03:31", "shubuh": "03:41", "dzuhur": "11:12", "tanggal": "2019-11-26", "terbit": "05:00", "magrib": "17:21", "isya": "18:35", "dhuha": "05:24", "ashr": "14:37"}, {"imsyak": "03:31", "shubuh": "03:41", "dzuhur": "11:13", "tanggal": "2019-11-27", "terbit": "05:00", "magrib": "17:21", "isya": "18:36", "dhuha": "05:24", "ashr": "14:38"}, {"imsyak": "03:32", "shubuh": "03:42", "dzuhur": "11:13", "tanggal": "2019-11-28", "terbit": "05:00", "magrib": "17:22", "isya": "18:36", "dhuha": "05:24", "ashr": "14:38"}, {"imsyak": "03:32", "shubuh": "03:42", "dzuhur": "11:13", "tanggal": "2019-11-29", "terbit": "05:01", "magrib": "17:22", "isya": "18:36", "dhuha": "05:25", "ashr": "14:39"}, {"imsyak": "03:32", "shubuh": "03:42", "dzuhur": "11:14", "tanggal": "2019-11-30", "terbit": "05:01", "magrib": "17:22", "isya": "18:37", "dhuha": "05:25", "ashr": "14:39"}]