[{"imsyak": "03:32", "shubuh": "03:42", "dzuhur": "11:14", "tanggal": "2019-12-01", "terbit": "05:01", "magrib": "17:23", "isya": "18:37", "dhuha": "05:25", "ashr": "14:40"}, {"imsyak": "03:32", "shubuh": "03:42", "dzuhur": "11:14", "tanggal": "2019-12-02", "terbit": "05:02", "magrib": "17:23", "isya": "18:38", "dhuha": "05:26", "ashr": "14:40"}, {"imsyak": "03:33", "shubuh": "03:43", "dzuhur": "11:15", "tanggal": "2019-12-03", "terbit": "05:02", "magrib": "17:24", "isya": "18:38", "dhuha": "05:26", "ashr": "14:41"}, {"imsyak": "03:33", "shubuh": "03:43", "dzuhur": "11:15", "tanggal": "2019-12-04", "terbit": "05:02", "magrib": "17:24", "isya": "18:39", "dhuha": "05:26", "ashr": "14:41"}, {"imsyak": "03:33", "shubuh": "03:43", "dzuhur": "11:16", "tanggal": "2019-12-05", "terbit": "05:03", "magrib": "17:25", "isya": "18:40", "dhuha": "05:27", "ashr": "14:42"}, {"imsyak": "03:33", "shubuh": "03:43", "dzuhur": "11:16", "tanggal": "2019-12-06", "terbit": "05:03", "magrib": "17:25", "isya": "18:40", "dhuha": "05:27", "ashr": "14:42"}, {"imsyak": "03:34", "shubuh": "03:44", "dzuhur": "11:16", "tanggal": "2019-12-07", "terbit": "05:03", "magrib": "17:26", "isya": "18:41", "dhuha": "05:27", "ashr": "14:43"}, {"imsyak": "03:34", "shubuh": "03:44", "dzuhur": "11:17", "tanggal": "2019-12-08", "terbit": "05:04", "magrib": "17:26", "isya": "18:41", "dhuha": "05:28", "ashr": "14:43"}, {"imsyak": "03:34", "shubuh": "03:44", "dzuhur": "11:17", "tanggal": "2019-12-09", "terbit": "05:04", "magrib": "17:26", "isya": "18:42", "dhuha": "05:28", "ashr": "14:44"}, {"imsyak": "03:35", "shubuh": "03:45", "dzuhur": "11:18", "tanggal": "2019-12-10", "terbit": "05:05", "magrib": "17:27", "isya": "18:42", "dhuha": "05:29", "ashr": "14:44"}, {"imsyak": "03:35", "shubuh": "03:45", "dzuhur": "11:18", "tanggal": "2019-12-11", "terbit": "05:05", "magrib": "17:27", "isya": "18:43", "dhuha": "05:29", "ashr": "14:45"}, {"imsyak": "03:35", "shubuh": "03:45", "dzuhur": "11:19", "tanggal": "2019-12-12", "terbit": "05:05", "magrib": "17:28", "isya": "18:43", "dhuha": "05:29", "ashr": "14:45"}, {"imsyak": "03:36", "shubuh": "03:46", "dzuhur": "11:19", "tanggal": "2019-12-13", "terbit": "05:06", "magrib": "17:28", "isya": "18:44", "dhuha": "05:30", "ashr": "14:46"}, {"imsyak": "03:36", "shubuh": "03:46", "dzuhur": "11:20", "tanggal": "2019-12-14", "terbit": "05:06", "magrib": "17:29", "isya": "18:44", "dhuha": "05:30", "ashr": "14:46"}, {"imsyak": "03:36", "shubuh": "03:46", "dzuhur": "11:20", "tanggal": "2019-12-15", "terbit": "05:07", "magrib": "17:29", "isya": "18:45", "dhuha": "05:31", "ashr": "14:47"}, {"imsyak": "03:37", "shubuh": "03:47", "dzuhur": "11:21", "tanggal": "2019-12-16", "terbit": "05:07", "magrib": "17:30", "isya": "18:45", "dhuha": "05:31", "ashr": "14:47"}, {"imsyak": "03:37", "shubuh": "03:47", "dzuhur": "11:21", "tanggal": "2019-12-17", "terbit": "05:08", "magrib": "17:30", "isya": "18:46", "dhuha": "05:32", "ashr": "14:48"}, {"imsyak": "03:38", "shubuh": "03:48", "dzuhur": "11:22", "tanggal": "2019-12-18", "terbit": "05:08", "magrib": "17:31", "isya": "18:46", "dhuha": "05:32", "ashr": "14:48"}, {"imsyak": "03:38", "shubuh": "03:48", "dzuhur": "11:22", "tanggal": "2019-12-19", "terbit": "05:09", "magrib": "17:31", "isya": "18:47", "dhuha": "05:33", "ashr": "14:49"}, {"imsyak": "03:39", "shubuh": "03:49", "dzuhur": "11:23", "tanggal": "2019-12-20", "terbit": "05:09", "magrib": "17:32", "isya": "18:47", "dhuha": "05:33", "ashr": "14:49"}, {"imsyak": "03:39", "shubuh": "03:49", "dzuhur": "11:23", "tanggal": "2019-12-21", "terbit": "05:10", "magrib": "17:32", "isya": "18:48", "dhuha": "05:34", "ashr": "14:50"}, {"imsyak": "03:40", "shubuh": "03:50", "dzuhur": "11:24", "tanggal": "2019-12-22", "terbit": "05:10", "magrib": "17:33", "isya": "18:48", "dhuha": "05:34", "ashr": "14:50"}, {"imsyak": "03:40", "shubuh": "03:50", "dzuhur": "11:24", "tanggal": "2019-12-23", "terbit": "05:11", "magrib": "17:33", "isya": "18:49", "dhuha": "05:35", "ashr": "14:51"}, {"imsyak": "03:41", "shubuh": "03:51", "dzuhur": "11:25", "tanggal": "2019-12-24", "terbit": "05:11", "magrib": "17:34", "isya": "18:49", "dhuha": "05:35", "ashr": "14:51"}, {"imsyak": "03:41", "shubuh": "03:51", "dzuhur": "11:25", "tanggal": "2019-12-25", "terbit": "05:12", "magrib": "17:34", "isya": "18:50", "dhuha": "05:36", "ashr": "14:52"}, {"imsyak": "03:42", "shubuh": "03:52", "dzuhur": "11:26", "tanggal": "2019-12-26", "terbit": "05:12", "magrib": "17:35", "isya": "18:50", "dhuha": "05:36", "ashr": "14:52"}, {"imsyak": "03:42", "shubuh": "03:52", "dzuhur": "11:26", "tanggal": "2019-12-27", "terbit": "05:13", "magrib": "17:35", "isya": "18:51", "dhuha": "05:37", "ashr": "14:53"}, {"imsyak": "03:43", "shubuh": "03:53", "dzuhur": "11:26", "tanggal": "2019-12-28", "terbit": "05:13", "magrib": "17:36", "isya": "18:51", "dhuha": "05:37", "ashr": "14:53"}, {"imsyak": "03:43", "shubuh": "03:53", "dzuhur": "11:27", "tanggal": "2019-12-29", "terbit": "05:14", "magrib": "17:36", "isya": "18:52", "dhuha": "05:38", "ashr": "14:54"}, {"imsyak": "03:44", "shubuh": "03:54", "dzuhur": "11:27", "tanggal": "2019-12-30", "terbit": "05:14", "magrib": "17:37", "isya": "18:52", "dhuha": "05:38", "ashr": "14:54"}, {"imsyak": "03:44", "shubuh": "03:54", "dzuhur": "11:28", "tanggal": "2019-12-31", "terbit": "05:15", "magrib": "17:37", "isya": "18:53", "dhuha": "05:39", "ashr": "14:55"}]