[{"tanggal": "2023-01-01", "imsyak": "04:28", "shubuh": "04:38", "terbit": "06:00", "dhuha": "06:24", "dzuhur": "12:23", "ashr": "15:49", "magrib": "18:41", "isya": "19:58"}, {"tanggal": "2023-01-02", "imsyak": "04:29", "shubuh": "04:39", "terbit": "06:01", "dhuha": "06:25", "dzuhur": "12:23", "ashr": "15:50", "magrib": "18:41", "isya": "19:58"}, {"tanggal": "2023-01-03", "imsyak": "04:29", "shubuh": "04:39", "terbit": "06:01", "dhuha": "06:25", "dzuhur": "12:23", "ashr": "15:50", "magrib": "18:42", "isya": "19:58"}, {"tanggal": "2023-01-04", "imsyak": "04:30", "shubuh": "04:40", "terbit": "06:02", "dhuha": "06:26", "dzuhur": "12:24", "ashr": "15:51", "magrib": "18:42", "isya": "19:59"}, {"tanggal": "2023-01-05", "imsyak": "04:31", "shubuh": "04:41", "terbit": "06:02", "dhuha": "06:26", "dzuhur": "12:24", "ashr": "15:51", "magrib": "18:42", "isya": "19:59"}, {"tanggal": "2023-01-06", "imsyak": "04:31", "shubuh": "04:41", "terbit": "06:03", "dhuha": "06:27", "dzuhur": "12:25", "ashr": "15:51", "magrib": "18:43", "isya": "19:59"}, {"tanggal": "2023-01-07", "imsyak": "04:32", "shubuh": "04:42", "terbit": "06:03", "dhuha": "06:27", "dzuhur": "12:25", "ashr": "15:52", "magrib": "18:43", "isya": "20:00"}, {"tanggal": "2023-01-08", "imsyak": "04:32", "shubuh": "04:42", "terbit": "06:04", "dhuha": "06:28", "dzuhur": "12:26", "ashr": "15:52", "magrib": "18:43", "isya": "20:00"}, {"tanggal": "2023-01-09", "imsyak": "04:33", "shubuh": "04:43", "terbit": "06:04", "dhuha": "06:28", "dzuhur": "12:26", "ashr": "15:52", "magrib": "18:44", "isya": "20:00"}, {"tanggal": "2023-01-10", "imsyak": "04:34", "shubuh": "04:44", "terbit": "06:05", "dhuha": "06:29", "dzuhur": "12:27", "ashr": "15:52", "magrib": "18:44", "isya": "20:00"}, {"tanggal": "2023-01-11", "imsyak": "04:34", "shubuh": "04:44", "terbit": "06:05", "dhuha": "06:29", "dzuhur": "12:27", "ashr": "15:53", "magrib": "18:44", "isya": "20:01"}, {"tanggal": "2023-01-12", "imsyak": "04:35", "shubuh": "04:45", "terbit": "06:06", "dhuha": "06:30", "dzuhur": "12:27", "ashr": "15:53", "magrib": "18:45", "isya": "20:01"}, {"tanggal": "2023-01-13", "imsyak": "04:35", "shubuh": "04:45", "terbit": "06:07", "dhuha": "06:31", "dzuhur": "12:28", "ashr": "15:53", "magrib": "18:45", "isya": "20:01"}, {"tanggal": "2023-01-14", "imsyak": "04:36", "shubuh": "04:46", "terbit": "06:07", "dhuha": "06:31", "dzuhur": "12:28", "ashr": "15:53", "magrib": "18:45", "isya": "20:01"}, {"tanggal": "2023-01-15", "imsyak": "04:37", "shubuh": "04:47", "terbit": "06:07", "dhuha": "06:31", "dzuhur": "12:29", "ashr": "15:53", "magrib": "18:45", "isya": "20:01"}, {"tanggal": "2023-01-16", "imsyak": "04:37", "shubuh": "04:47", "terbit": "06:08", "dhuha": "06:32", "dzuhur": "12:29", "ashr": "15:53", "magrib": "18:46", "isya": "20:01"}, {"tanggal": "2023-01-17", "imsyak": "04:38", "shubuh": "04:48", "terbit": "06:08", "dhuha": "06:32", "dzuhur": "12:29", "ashr": "15:53", "magrib": "18:46", "isya": "20:01"}, {"tanggal": "2023-01-18", "imsyak": "04:39", "shubuh": "04:49", "terbit": "06:09", "dhuha": "06:33", "dzuhur": "12:30", "ashr": "15:53", "magrib": "18:46", "isya": "20:01"}, {"tanggal": "2023-01-19", "imsyak": "04:39", "shubuh": "04:49", "terbit": "06:09", "dhuha": "06:33", "dzuhur": "12:30", "ashr": "15:54", "magrib": "18:46", "isya": "20:02"}, {"tanggal": "2023-01-20", "imsyak": "04:40", "shubuh": "04:50", "terbit": "06:10", "dhuha": "06:34", "dzuhur": "12:30", "ashr": "15:54", "magrib": "18:46", "isya": "20:02"}, {"tanggal": "2023-01-21", "imsyak": "04:40", "shubuh": "04:50", "terbit": "06:10", "dhuha": "06:34", "dzuhur": "12:30", "ashr": "15:54", "magrib": "18:47", "isya": "20:02"}, {"tanggal": "2023-01-22", "imsyak": "04:41", "shubuh": "04:51", "terbit": "06:11", "dhuha": "06:35", "dzuhur": "12:31", "ashr": "15:54", "magrib": "18:47", "isya": "20:02"}, {"tanggal": "2023-01-23", "imsyak": "04:41", "shubuh": "04:51", "terbit": "06:11", "dhuha": "06:35", "dzuhur": "12:31", "ashr": "15:54", "magrib": "18:47", "isya": "20:02"}, {"tanggal": "2023-01-24", "imsyak": "04:42", "shubuh": "04:52", "terbit": "06:12", "dhuha": "06:36", "dzuhur": "12:31", "ashr": "15:53", "magrib": "18:47", "isya": "20:02"}, {"tanggal": "2023-01-25", "imsyak": "04:43", "shubuh": "04:53", "terbit": "06:12", "dhuha": "06:36", "dzuhur": "12:32", "ashr": "15:53", "magrib": "18:47", "isya": "20:02"}, {"tanggal": "2023-01-26", "imsyak": "04:43", "shubuh": "04:53", "terbit": "06:12", "dhuha": "06:36", "dzuhur": "12:32", "ashr": "15:53", "magrib": "18:47", "isya": "20:01"}, {"tanggal": "2023-01-27", "imsyak": "04:44", "shubuh": "04:54", "terbit": "06:13", "dhuha": "06:37", "dzuhur": "12:32", "ashr": "15:53", "magrib": "18:47", "isya": "20:01"}, {"tanggal": "2023-01-28", "imsyak": "04:44", "shubuh": "04:54", "terbit": "06:13", "dhuha": "06:37", "dzuhur": "12:32", "ashr": "15:53", "magrib": "18:47", "isya": "20:01"}, {"tanggal": "2023-01-29", "imsyak": "04:45", "shubuh": "04:55", "terbit": "06:14", "dhuha": "06:38", "dzuhur": "12:32", "ashr": "15:53", "magrib": "18:47", "isya": "20:01"}, {"tanggal": "2023-01-30", "imsyak": "04:45", "shubuh": "04:55", "terbit": "06:14", "dhuha": "06:38", "dzuhur": "12:33", "ashr": "15:52", "magrib": "18:47", "isya": "20:01"}, {"tanggal": "2023-01-31", "imsyak": "04:46", "shubuh": "04:56", "terbit": "06:14", "dhuha": "06:38", "dzuhur": "12:33", "ashr": "15:52", "magrib": "18:47", "isya": "20:01"}]