[{"tanggal": "2023-01-01", "imsyak": "04:48", "shubuh": "04:58", "terbit": "06:18", "dhuha": "06:42", "dzuhur": "12:32", "ashr": "15:59", "magrib": "18:42", "isya": "19:58"}, {"tanggal": "2023-01-02", "imsyak": "04:48", "shubuh": "04:58", "terbit": "06:19", "dhuha": "06:43", "dzuhur": "12:33", "ashr": "16:00", "magrib": "18:43", "isya": "19:58"}, {"tanggal": "2023-01-03", "imsyak": "04:49", "shubuh": "04:59", "terbit": "06:19", "dhuha": "06:43", "dzuhur": "12:33", "ashr": "16:00", "magrib": "18:43", "isya": "19:59"}, {"tanggal": "2023-01-04", "imsyak": "04:50", "shubuh": "05:00", "terbit": "06:20", "dhuha": "06:44", "dzuhur": "12:34", "ashr": "16:00", "magrib": "18:44", "isya": "19:59"}, {"tanggal": "2023-01-05", "imsyak": "04:50", "shubuh": "05:00", "terbit": "06:20", "dhuha": "06:44", "dzuhur": "12:34", "ashr": "16:01", "magrib": "18:44", "isya": "19:59"}, {"tanggal": "2023-01-06", "imsyak": "04:51", "shubuh": "05:01", "terbit": "06:21", "dhuha": "06:45", "dzuhur": "12:35", "ashr": "16:01", "magrib": "18:45", "isya": "20:00"}, {"tanggal": "2023-01-07", "imsyak": "04:51", "shubuh": "05:01", "terbit": "06:21", "dhuha": "06:45", "dzuhur": "12:35", "ashr": "16:01", "magrib": "18:45", "isya": "20:00"}, {"tanggal": "2023-01-08", "imsyak": "04:52", "shubuh": "05:02", "terbit": "06:22", "dhuha": "06:46", "dzuhur": "12:36", "ashr": "16:02", "magrib": "18:45", "isya": "20:00"}, {"tanggal": "2023-01-09", "imsyak": "04:52", "shubuh": "05:02", "terbit": "06:22", "dhuha": "06:46", "dzuhur": "12:36", "ashr": "16:02", "magrib": "18:46", "isya": "20:01"}, {"tanggal": "2023-01-10", "imsyak": "04:53", "shubuh": "05:03", "terbit": "06:23", "dhuha": "06:47", "dzuhur": "12:36", "ashr": "16:02", "magrib": "18:46", "isya": "20:01"}, {"tanggal": "2023-01-11", "imsyak": "04:53", "shubuh": "05:03", "terbit": "06:23", "dhuha": "06:47", "dzuhur": "12:37", "ashr": "16:03", "magrib": "18:47", "isya": "20:01"}, {"tanggal": "2023-01-12", "imsyak": "04:54", "shubuh": "05:04", "terbit": "06:24", "dhuha": "06:48", "dzuhur": "12:37", "ashr": "16:03", "magrib": "18:47", "isya": "20:02"}, {"tanggal": "2023-01-13", "imsyak": "04:55", "shubuh": "05:05", "terbit": "06:24", "dhuha": "06:48", "dzuhur": "12:38", "ashr": "16:03", "magrib": "18:47", "isya": "20:02"}, {"tanggal": "2023-01-14", "imsyak": "04:55", "shubuh": "05:05", "terbit": "06:24", "dhuha": "06:48", "dzuhur": "12:38", "ashr": "16:03", "magrib": "18:48", "isya": "20:02"}, {"tanggal": "2023-01-15", "imsyak": "04:56", "shubuh": "05:06", "terbit": "06:25", "dhuha": "06:49", "dzuhur": "12:38", "ashr": "16:04", "magrib": "18:48", "isya": "20:02"}, {"tanggal": "2023-01-16", "imsyak": "04:56", "shubuh": "05:06", "terbit": "06:25", "dhuha": "06:49", "dzuhur": "12:39", "ashr": "16:04", "magrib": "18:48", "isya": "20:02"}, {"tanggal": "2023-01-17", "imsyak": "04:57", "shubuh": "05:07", "terbit": "06:26", "dhuha": "06:50", "dzuhur": "12:39", "ashr": "16:04", "magrib": "18:48", "isya": "20:03"}, {"tanggal": "2023-01-18", "imsyak": "04:57", "shubuh": "05:07", "terbit": "06:26", "dhuha": "06:50", "dzuhur": "12:39", "ashr": "16:04", "magrib": "18:49", "isya": "20:03"}, {"tanggal": "2023-01-19", "imsyak": "04:58", "shubuh": "05:08", "terbit": "06:27", "dhuha": "06:51", "dzuhur": "12:40", "ashr": "16:04", "magrib": "18:49", "isya": "20:03"}, {"tanggal": "2023-01-20", "imsyak": "04:58", "shubuh": "05:08", "terbit": "06:27", "dhuha": "06:51", "dzuhur": "12:40", "ashr": "16:05", "magrib": "18:49", "isya": "20:03"}, {"tanggal": "2023-01-21", "imsyak": "04:59", "shubuh": "05:09", "terbit": "06:27", "dhuha": "06:51", "dzuhur": "12:40", "ashr": "16:05", "magrib": "18:49", "isya": "20:03"}, {"tanggal": "2023-01-22", "imsyak": "04:59", "shubuh": "05:09", "terbit": "06:28", "dhuha": "06:52", "dzuhur": "12:41", "ashr": "16:05", "magrib": "18:50", "isya": "20:03"}, {"tanggal": "2023-01-23", "imsyak": "05:00", "shubuh": "05:10", "terbit": "06:28", "dhuha": "06:52", "dzuhur": "12:41", "ashr": "16:05", "magrib": "18:50", "isya": "20:03"}, {"tanggal": "2023-01-24", "imsyak": "05:00", "shubuh": "05:10", "terbit": "06:28", "dhuha": "06:52", "dzuhur": "12:41", "ashr": "16:05", "magrib": "18:50", "isya": "20:03"}, {"tanggal": "2023-01-25", "imsyak": "05:01", "shubuh": "05:11", "terbit": "06:29", "dhuha": "06:53", "dzuhur": "12:41", "ashr": "16:05", "magrib": "18:50", "isya": "20:04"}, {"tanggal": "2023-01-26", "imsyak": "05:01", "shubuh": "05:11", "terbit": "06:29", "dhuha": "06:53", "dzuhur": "12:42", "ashr": "16:05", "magrib": "18:50", "isya": "20:04"}, {"tanggal": "2023-01-27", "imsyak": "05:02", "shubuh": "05:12", "terbit": "06:29", "dhuha": "06:53", "dzuhur": "12:42", "ashr": "16:05", "magrib": "18:50", "isya": "20:04"}, {"tanggal": "2023-01-28", "imsyak": "05:02", "shubuh": "05:12", "terbit": "06:30", "dhuha": "06:54", "dzuhur": "12:42", "ashr": "16:05", "magrib": "18:51", "isya": "20:04"}, {"tanggal": "2023-01-29", "imsyak": "05:02", "shubuh": "05:12", "terbit": "06:30", "dhuha": "06:54", "dzuhur": "12:42", "ashr": "16:05", "magrib": "18:51", "isya": "20:04"}, {"tanggal": "2023-01-30", "imsyak": "05:03", "shubuh": "05:13", "terbit": "06:30", "dhuha": "06:54", "dzuhur": "12:42", "ashr": "16:05", "magrib": "18:51", "isya": "20:04"}, {"tanggal": "2023-01-31", "imsyak": "05:03", "shubuh": "05:13", "terbit": "06:30", "dhuha": "06:54", "dzuhur": "12:43", "ashr": "16:04", "magrib": "18:51", "isya": "20:03"}]