[{"imsyak": "03:43", "shubuh": "03:53", "dzuhur": "11:24", "tanggal": "2019-11-01", "terbit": "05:09", "magrib": "17:35", "isya": "18:47", "dhuha": "05:33", "ashr": "14:39"}, {"imsyak": "03:43", "shubuh": "03:53", "dzuhur": "11:24", "tanggal": "2019-11-02", "terbit": "05:09", "magrib": "17:35", "isya": "18:47", "dhuha": "05:33", "ashr": "14:39"}, {"imsyak": "03:42", "shubuh": "03:52", "dzuhur": "11:24", "tanggal": "2019-11-03", "terbit": "05:09", "magrib": "17:35", "isya": "18:47", "dhuha": "05:33", "ashr": "14:40"}, {"imsyak": "03:42", "shubuh": "03:52", "dzuhur": "11:24", "tanggal": "2019-11-04", "terbit": "05:09", "magrib": "17:35", "isya": "18:48", "dhuha": "05:33", "ashr": "14:40"}, {"imsyak": "03:42", "shubuh": "03:52", "dzuhur": "11:24", "tanggal": "2019-11-05", "terbit": "05:09", "magrib": "17:36", "isya": "18:48", "dhuha": "05:33", "ashr": "14:41"}, {"imsyak": "03:41", "shubuh": "03:51", "dzuhur": "11:24", "tanggal": "2019-11-06", "terbit": "05:08", "magrib": "17:36", "isya": "18:48", "dhuha": "05:32", "ashr": "14:41"}, {"imsyak": "03:41", "shubuh": "03:51", "dzuhur": "11:24", "tanggal": "2019-11-07", "terbit": "05:08", "magrib": "17:36", "isya": "18:49", "dhuha": "05:32", "ashr": "14:42"}, {"imsyak": "03:41", "shubuh": "03:51", "dzuhur": "11:24", "tanggal": "2019-11-08", "terbit": "05:08", "magrib": "17:36", "isya": "18:49", "dhuha": "05:32", "ashr": "14:42"}, {"imsyak": "03:40", "shubuh": "03:50", "dzuhur": "11:24", "tanggal": "2019-11-09", "terbit": "05:08", "magrib": "17:36", "isya": "18:49", "dhuha": "05:32", "ashr": "14:43"}, {"imsyak": "03:40", "shubuh": "03:50", "dzuhur": "11:24", "tanggal": "2019-11-10", "terbit": "05:08", "magrib": "17:37", "isya": "18:50", "dhuha": "05:32", "ashr": "14:43"}, {"imsyak": "03:40", "shubuh": "03:50", "dzuhur": "11:24", "tanggal": "2019-11-11", "terbit": "05:08", "magrib": "17:37", "isya": "18:50", "dhuha": "05:32", "ashr": "14:44"}, {"imsyak": "03:40", "shubuh": "03:50", "dzuhur": "11:24", "tanggal": "2019-11-12", "terbit": "05:08", "magrib": "17:37", "isya": "18:51", "dhuha": "05:32", "ashr": "14:44"}, {"imsyak": "03:40", "shubuh": "03:50", "dzuhur": "11:25", "tanggal": "2019-11-13", "terbit": "05:08", "magrib": "17:37", "isya": "18:51", "dhuha": "05:32", "ashr": "14:45"}, {"imsyak": "03:39", "shubuh": "03:49", "dzuhur": "11:25", "tanggal": "2019-11-14", "terbit": "05:08", "magrib": "17:38", "isya": "18:51", "dhuha": "05:32", "ashr": "14:45"}, {"imsyak": "03:39", "shubuh": "03:49", "dzuhur": "11:25", "tanggal": "2019-11-15", "terbit": "05:08", "magrib": "17:38", "isya": "18:52", "dhuha": "05:32", "ashr": "14:46"}, {"imsyak": "03:39", "shubuh": "03:49", "dzuhur": "11:25", "tanggal": "2019-11-16", "terbit": "05:08", "magrib": "17:38", "isya": "18:52", "dhuha": "05:32", "ashr": "14:46"}, {"imsyak": "03:39", "shubuh": "03:49", "dzuhur": "11:25", "tanggal": "2019-11-17", "terbit": "05:08", "magrib": "17:39", "isya": "18:53", "dhuha": "05:32", "ashr": "14:47"}, {"imsyak": "03:39", "shubuh": "03:49", "dzuhur": "11:25", "tanggal": "2019-11-18", "terbit": "05:08", "magrib": "17:39", "isya": "18:53", "dhuha": "05:32", "ashr": "14:47"}, {"imsyak": "03:39", "shubuh": "03:49", "dzuhur": "11:26", "tanggal": "2019-11-19", "terbit": "05:08", "magrib": "17:39", "isya": "18:54", "dhuha": "05:32", "ashr": "14:48"}, {"imsyak": "03:39", "shubuh": "03:49", "dzuhur": "11:26", "tanggal": "2019-11-20", "terbit": "05:08", "magrib": "17:40", "isya": "18:54", "dhuha": "05:32", "ashr": "14:48"}, {"imsyak": "03:39", "shubuh": "03:49", "dzuhur": "11:26", "tanggal": "2019-11-21", "terbit": "05:08", "magrib": "17:40", "isya": "18:55", "dhuha": "05:32", "ashr": "14:49"}, {"imsyak": "03:39", "shubuh": "03:49", "dzuhur": "11:26", "tanggal": "2019-11-22", "terbit": "05:08", "magrib": "17:40", "isya": "18:55", "dhuha": "05:32", "ashr": "14:49"}, {"imsyak": "03:39", "shubuh": "03:49", "dzuhur": "11:26", "tanggal": "2019-11-23", "terbit": "05:08", "magrib": "17:41", "isya": "18:56", "dhuha": "05:32", "ashr": "14:50"}, {"imsyak": "03:39", "shubuh": "03:49", "dzuhur": "11:27", "tanggal": "2019-11-24", "terbit": "05:08", "magrib": "17:41", "isya": "18:56", "dhuha": "05:32", "ashr": "14:51"}, {"imsyak": "03:39", "shubuh": "03:49", "dzuhur": "11:27", "tanggal": "2019-11-25", "terbit": "05:08", "magrib": "17:42", "isya": "18:57", "dhuha": "05:32", "ashr": "14:51"}, {"imsyak": "03:39", "shubuh": "03:49", "dzuhur": "11:27", "tanggal": "2019-11-26", "terbit": "05:09", "magrib": "17:42", "isya": "18:57", "dhuha": "05:33", "ashr": "14:52"}, {"imsyak": "03:39", "shubuh": "03:49", "dzuhur": "11:28", "tanggal": "2019-11-27", "terbit": "05:09", "magrib": "17:43", "isya": "18:58", "dhuha": "05:33", "ashr": "14:52"}, {"imsyak": "03:39", "shubuh": "03:49", "dzuhur": "11:28", "tanggal": "2019-11-28", "terbit": "05:09", "magrib": "17:43", "isya": "18:58", "dhuha": "05:33", "ashr": "14:53"}, {"imsyak": "03:39", "shubuh": "03:49", "dzuhur": "11:28", "tanggal": "2019-11-29", "terbit": "05:09", "magrib": "17:43", "isya": "18:59", "dhuha": "05:33", "ashr": "14:53"}, {"imsyak": "03:39", "shubuh": "03:49", "dzuhur": "11:29", "tanggal": "2019-11-30", "terbit": "05:09", "magrib": "17:44", "isya": "18:59", "dhuha": "05:33", "ashr": "14:54"}]