[{"imsyak": "03:39", "shubuh": "03:49", "dzuhur": "11:29", "tanggal": "2019-12-01", "terbit": "05:10", "magrib": "17:44", "isya": "19:00", "dhuha": "05:34", "ashr": "14:54"}, {"imsyak": "03:39", "shubuh": "03:49", "dzuhur": "11:29", "tanggal": "2019-12-02", "terbit": "05:10", "magrib": "17:45", "isya": "19:00", "dhuha": "05:34", "ashr": "14:55"}, {"imsyak": "03:40", "shubuh": "03:50", "dzuhur": "11:30", "tanggal": "2019-12-03", "terbit": "05:10", "magrib": "17:45", "isya": "19:01", "dhuha": "05:34", "ashr": "14:55"}, {"imsyak": "03:40", "shubuh": "03:50", "dzuhur": "11:30", "tanggal": "2019-12-04", "terbit": "05:11", "magrib": "17:46", "isya": "19:02", "dhuha": "05:35", "ashr": "14:56"}, {"imsyak": "03:40", "shubuh": "03:50", "dzuhur": "11:31", "tanggal": "2019-12-05", "terbit": "05:11", "magrib": "17:46", "isya": "19:02", "dhuha": "05:35", "ashr": "14:57"}, {"imsyak": "03:40", "shubuh": "03:50", "dzuhur": "11:31", "tanggal": "2019-12-06", "terbit": "05:11", "magrib": "17:47", "isya": "19:03", "dhuha": "05:35", "ashr": "14:57"}, {"imsyak": "03:40", "shubuh": "03:50", "dzuhur": "11:31", "tanggal": "2019-12-07", "terbit": "05:12", "magrib": "17:47", "isya": "19:03", "dhuha": "05:36", "ashr": "14:58"}, {"imsyak": "03:41", "shubuh": "03:51", "dzuhur": "11:32", "tanggal": "2019-12-08", "terbit": "05:12", "magrib": "17:48", "isya": "19:04", "dhuha": "05:36", "ashr": "14:58"}, {"imsyak": "03:41", "shubuh": "03:51", "dzuhur": "11:32", "tanggal": "2019-12-09", "terbit": "05:12", "magrib": "17:48", "isya": "19:04", "dhuha": "05:36", "ashr": "14:59"}, {"imsyak": "03:41", "shubuh": "03:51", "dzuhur": "11:33", "tanggal": "2019-12-10", "terbit": "05:13", "magrib": "17:49", "isya": "19:05", "dhuha": "05:37", "ashr": "14:59"}, {"imsyak": "03:42", "shubuh": "03:52", "dzuhur": "11:33", "tanggal": "2019-12-11", "terbit": "05:13", "magrib": "17:49", "isya": "19:06", "dhuha": "05:37", "ashr": "15:00"}, {"imsyak": "03:42", "shubuh": "03:52", "dzuhur": "11:34", "tanggal": "2019-12-12", "terbit": "05:13", "magrib": "17:50", "isya": "19:06", "dhuha": "05:37", "ashr": "15:00"}, {"imsyak": "03:42", "shubuh": "03:52", "dzuhur": "11:34", "tanggal": "2019-12-13", "terbit": "05:14", "magrib": "17:50", "isya": "19:07", "dhuha": "05:38", "ashr": "15:01"}, {"imsyak": "03:43", "shubuh": "03:53", "dzuhur": "11:34", "tanggal": "2019-12-14", "terbit": "05:14", "magrib": "17:51", "isya": "19:07", "dhuha": "05:38", "ashr": "15:02"}, {"imsyak": "03:43", "shubuh": "03:53", "dzuhur": "11:35", "tanggal": "2019-12-15", "terbit": "05:15", "magrib": "17:51", "isya": "19:08", "dhuha": "05:39", "ashr": "15:02"}, {"imsyak": "03:43", "shubuh": "03:53", "dzuhur": "11:35", "tanggal": "2019-12-16", "terbit": "05:15", "magrib": "17:52", "isya": "19:08", "dhuha": "05:39", "ashr": "15:03"}, {"imsyak": "03:44", "shubuh": "03:54", "dzuhur": "11:36", "tanggal": "2019-12-17", "terbit": "05:16", "magrib": "17:52", "isya": "19:09", "dhuha": "05:40", "ashr": "15:03"}, {"imsyak": "03:44", "shubuh": "03:54", "dzuhur": "11:36", "tanggal": "2019-12-18", "terbit": "05:16", "magrib": "17:53", "isya": "19:09", "dhuha": "05:40", "ashr": "15:04"}, {"imsyak": "03:45", "shubuh": "03:55", "dzuhur": "11:37", "tanggal": "2019-12-19", "terbit": "05:16", "magrib": "17:53", "isya": "19:10", "dhuha": "05:40", "ashr": "15:04"}, {"imsyak": "03:45", "shubuh": "03:55", "dzuhur": "11:37", "tanggal": "2019-12-20", "terbit": "05:17", "magrib": "17:54", "isya": "19:11", "dhuha": "05:41", "ashr": "15:05"}, {"imsyak": "03:46", "shubuh": "03:56", "dzuhur": "11:38", "tanggal": "2019-12-21", "terbit": "05:17", "magrib": "17:54", "isya": "19:11", "dhuha": "05:41", "ashr": "15:05"}, {"imsyak": "03:46", "shubuh": "03:56", "dzuhur": "11:38", "tanggal": "2019-12-22", "terbit": "05:18", "magrib": "17:55", "isya": "19:12", "dhuha": "05:42", "ashr": "15:06"}, {"imsyak": "03:47", "shubuh": "03:57", "dzuhur": "11:39", "tanggal": "2019-12-23", "terbit": "05:18", "magrib": "17:55", "isya": "19:12", "dhuha": "05:42", "ashr": "15:06"}, {"imsyak": "03:47", "shubuh": "03:57", "dzuhur": "11:39", "tanggal": "2019-12-24", "terbit": "05:19", "magrib": "17:56", "isya": "19:13", "dhuha": "05:43", "ashr": "15:07"}, {"imsyak": "03:48", "shubuh": "03:58", "dzuhur": "11:40", "tanggal": "2019-12-25", "terbit": "05:19", "magrib": "17:56", "isya": "19:13", "dhuha": "05:43", "ashr": "15:07"}, {"imsyak": "03:48", "shubuh": "03:58", "dzuhur": "11:40", "tanggal": "2019-12-26", "terbit": "05:20", "magrib": "17:57", "isya": "19:13", "dhuha": "05:44", "ashr": "15:08"}, {"imsyak": "03:49", "shubuh": "03:59", "dzuhur": "11:41", "tanggal": "2019-12-27", "terbit": "05:20", "magrib": "17:57", "isya": "19:14", "dhuha": "05:44", "ashr": "15:08"}, {"imsyak": "03:49", "shubuh": "03:59", "dzuhur": "11:41", "tanggal": "2019-12-28", "terbit": "05:21", "magrib": "17:58", "isya": "19:14", "dhuha": "05:45", "ashr": "15:09"}, {"imsyak": "03:50", "shubuh": "04:00", "dzuhur": "11:42", "tanggal": "2019-12-29", "terbit": "05:21", "magrib": "17:58", "isya": "19:15", "dhuha": "05:45", "ashr": "15:09"}, {"imsyak": "03:50", "shubuh": "04:00", "dzuhur": "11:42", "tanggal": "2019-12-30", "terbit": "05:22", "magrib": "17:59", "isya": "19:15", "dhuha": "05:46", "ashr": "15:10"}, {"imsyak": "03:51", "shubuh": "04:01", "dzuhur": "11:43", "tanggal": "2019-12-31", "terbit": "05:23", "magrib": "17:59", "isya": "19:16", "dhuha": "05:47", "ashr": "15:10"}]