[{"tanggal": "2020-01-01", "imsyak": "04:06", "shubuh": "04:16", "terbit": "05:38", "dhuha": "06:02", "dzuhur": "12:01", "ashr": "15:28", "magrib": "18:20", "isya": "19:37"}, {"tanggal": "2020-01-02", "imsyak": "04:07", "shubuh": "04:17", "terbit": "05:39", "dhuha": "06:03", "dzuhur": "12:02", "ashr": "15:28", "magrib": "18:20", "isya": "19:37"}, {"tanggal": "2020-01-03", "imsyak": "04:07", "shubuh": "04:17", "terbit": "05:39", "dhuha": "06:03", "dzuhur": "12:02", "ashr": "15:29", "magrib": "18:21", "isya": "19:38"}, {"tanggal": "2020-01-04", "imsyak": "04:08", "shubuh": "04:18", "terbit": "05:40", "dhuha": "06:04", "dzuhur": "12:03", "ashr": "15:29", "magrib": "18:21", "isya": "19:38"}, {"tanggal": "2020-01-05", "imsyak": "04:08", "shubuh": "04:18", "terbit": "05:40", "dhuha": "06:04", "dzuhur": "12:03", "ashr": "15:29", "magrib": "18:22", "isya": "19:38"}, {"tanggal": "2020-01-06", "imsyak": "04:09", "shubuh": "04:19", "terbit": "05:41", "dhuha": "06:05", "dzuhur": "12:03", "ashr": "15:30", "magrib": "18:22", "isya": "19:39"}, {"tanggal": "2020-01-07", "imsyak": "04:10", "shubuh": "04:20", "terbit": "05:41", "dhuha": "06:05", "dzuhur": "12:04", "ashr": "15:30", "magrib": "18:22", "isya": "19:39"}, {"tanggal": "2020-01-08", "imsyak": "04:10", "shubuh": "04:20", "terbit": "05:42", "dhuha": "06:06", "dzuhur": "12:04", "ashr": "15:30", "magrib": "18:23", "isya": "19:39"}, {"tanggal": "2020-01-09", "imsyak": "04:11", "shubuh": "04:21", "terbit": "05:42", "dhuha": "06:06", "dzuhur": "12:05", "ashr": "15:31", "magrib": "18:23", "isya": "19:39"}, {"tanggal": "2020-01-10", "imsyak": "04:12", "shubuh": "04:22", "terbit": "05:43", "dhuha": "06:07", "dzuhur": "12:05", "ashr": "15:31", "magrib": "18:23", "isya": "19:40"}, {"tanggal": "2020-01-11", "imsyak": "04:12", "shubuh": "04:22", "terbit": "05:44", "dhuha": "06:08", "dzuhur": "12:06", "ashr": "15:31", "magrib": "18:24", "isya": "19:40"}, {"tanggal": "2020-01-12", "imsyak": "04:13", "shubuh": "04:23", "terbit": "05:44", "dhuha": "06:08", "dzuhur": "12:06", "ashr": "15:31", "magrib": "18:24", "isya": "19:40"}, {"tanggal": "2020-01-13", "imsyak": "04:13", "shubuh": "04:23", "terbit": "05:45", "dhuha": "06:09", "dzuhur": "12:06", "ashr": "15:31", "magrib": "18:24", "isya": "19:40"}, {"tanggal": "2020-01-14", "imsyak": "04:14", "shubuh": "04:24", "terbit": "05:45", "dhuha": "06:09", "dzuhur": "12:07", "ashr": "15:32", "magrib": "18:24", "isya": "19:40"}, {"tanggal": "2020-01-15", "imsyak": "04:15", "shubuh": "04:25", "terbit": "05:46", "dhuha": "06:10", "dzuhur": "12:07", "ashr": "15:32", "magrib": "18:25", "isya": "19:40"}, {"tanggal": "2020-01-16", "imsyak": "04:15", "shubuh": "04:25", "terbit": "05:46", "dhuha": "06:10", "dzuhur": "12:07", "ashr": "15:32", "magrib": "18:25", "isya": "19:41"}, {"tanggal": "2020-01-17", "imsyak": "04:16", "shubuh": "04:26", "terbit": "05:47", "dhuha": "06:11", "dzuhur": "12:08", "ashr": "15:32", "magrib": "18:25", "isya": "19:41"}, {"tanggal": "2020-01-18", "imsyak": "04:16", "shubuh": "04:26", "terbit": "05:47", "dhuha": "06:11", "dzuhur": "12:08", "ashr": "15:32", "magrib": "18:25", "isya": "19:41"}, {"tanggal": "2020-01-19", "imsyak": "04:17", "shubuh": "04:27", "terbit": "05:47", "dhuha": "06:11", "dzuhur": "12:08", "ashr": "15:32", "magrib": "18:25", "isya": "19:41"}, {"tanggal": "2020-01-20", "imsyak": "04:18", "shubuh": "04:28", "terbit": "05:48", "dhuha": "06:12", "dzuhur": "12:09", "ashr": "15:32", "magrib": "18:26", "isya": "19:41"}, {"tanggal": "2020-01-21", "imsyak": "04:18", "shubuh": "04:28", "terbit": "05:48", "dhuha": "06:12", "dzuhur": "12:09", "ashr": "15:32", "magrib": "18:26", "isya": "19:41"}, {"tanggal": "2020-01-22", "imsyak": "04:19", "shubuh": "04:29", "terbit": "05:49", "dhuha": "06:13", "dzuhur": "12:09", "ashr": "15:32", "magrib": "18:26", "isya": "19:41"}, {"tanggal": "2020-01-23", "imsyak": "04:19", "shubuh": "04:29", "terbit": "05:49", "dhuha": "06:13", "dzuhur": "12:10", "ashr": "15:32", "magrib": "18:26", "isya": "19:41"}, {"tanggal": "2020-01-24", "imsyak": "04:20", "shubuh": "04:30", "terbit": "05:50", "dhuha": "06:14", "dzuhur": "12:10", "ashr": "15:32", "magrib": "18:26", "isya": "19:41"}, {"tanggal": "2020-01-25", "imsyak": "04:21", "shubuh": "04:31", "terbit": "05:50", "dhuha": "06:14", "dzuhur": "12:10", "ashr": "15:32", "magrib": "18:26", "isya": "19:41"}, {"tanggal": "2020-01-26", "imsyak": "04:21", "shubuh": "04:31", "terbit": "05:51", "dhuha": "06:15", "dzuhur": "12:10", "ashr": "15:32", "magrib": "18:26", "isya": "19:41"}, {"tanggal": "2020-01-27", "imsyak": "04:22", "shubuh": "04:32", "terbit": "05:51", "dhuha": "06:15", "dzuhur": "12:11", "ashr": "15:31", "magrib": "18:26", "isya": "19:41"}, {"tanggal": "2020-01-28", "imsyak": "04:22", "shubuh": "04:32", "terbit": "05:51", "dhuha": "06:15", "dzuhur": "12:11", "ashr": "15:31", "magrib": "18:26", "isya": "19:40"}, {"tanggal": "2020-01-29", "imsyak": "04:23", "shubuh": "04:33", "terbit": "05:52", "dhuha": "06:16", "dzuhur": "12:11", "ashr": "15:31", "magrib": "18:26", "isya": "19:40"}, {"tanggal": "2020-01-30", "imsyak": "04:23", "shubuh": "04:33", "terbit": "05:52", "dhuha": "06:16", "dzuhur": "12:11", "ashr": "15:31", "magrib": "18:26", "isya": "19:40"}, {"tanggal": "2020-01-31", "imsyak": "04:24", "shubuh": "04:34", "terbit": "05:52", "dhuha": "06:16", "dzuhur": "12:11", "ashr": "15:31", "magrib": "18:26", "isya": "19:40"}]