[{"tanggal": "2020-03-01", "imsyak": "04:34", "shubuh": "04:44", "terbit": "05:58", "dhuha": "06:22", "dzuhur": "12:11", "ashr": "15:15", "magrib": "18:19", "isya": "19:29"}, {"tanggal": "2020-03-02", "imsyak": "04:34", "shubuh": "04:44", "terbit": "05:58", "dhuha": "06:22", "dzuhur": "12:10", "ashr": "15:15", "magrib": "18:18", "isya": "19:28"}, {"tanggal": "2020-03-03", "imsyak": "04:34", "shubuh": "04:44", "terbit": "05:58", "dhuha": "06:22", "dzuhur": "12:10", "ashr": "15:16", "magrib": "18:18", "isya": "19:28"}, {"tanggal": "2020-03-04", "imsyak": "04:34", "shubuh": "04:44", "terbit": "05:59", "dhuha": "06:23", "dzuhur": "12:10", "ashr": "15:16", "magrib": "18:17", "isya": "19:27"}, {"tanggal": "2020-03-05", "imsyak": "04:34", "shubuh": "04:44", "terbit": "05:59", "dhuha": "06:23", "dzuhur": "12:10", "ashr": "15:16", "magrib": "18:17", "isya": "19:27"}, {"tanggal": "2020-03-06", "imsyak": "04:34", "shubuh": "04:44", "terbit": "05:59", "dhuha": "06:23", "dzuhur": "12:09", "ashr": "15:17", "magrib": "18:16", "isya": "19:26"}, {"tanggal": "2020-03-07", "imsyak": "04:34", "shubuh": "04:44", "terbit": "05:59", "dhuha": "06:23", "dzuhur": "12:09", "ashr": "15:17", "magrib": "18:16", "isya": "19:26"}, {"tanggal": "2020-03-08", "imsyak": "04:34", "shubuh": "04:44", "terbit": "05:59", "dhuha": "06:23", "dzuhur": "12:09", "ashr": "15:17", "magrib": "18:15", "isya": "19:25"}, {"tanggal": "2020-03-09", "imsyak": "04:34", "shubuh": "04:44", "terbit": "05:59", "dhuha": "06:23", "dzuhur": "12:09", "ashr": "15:18", "magrib": "18:15", "isya": "19:25"}, {"tanggal": "2020-03-10", "imsyak": "04:35", "shubuh": "04:45", "terbit": "05:59", "dhuha": "06:23", "dzuhur": "12:08", "ashr": "15:18", "magrib": "18:14", "isya": "19:24"}, {"tanggal": "2020-03-11", "imsyak": "04:35", "shubuh": "04:45", "terbit": "05:59", "dhuha": "06:23", "dzuhur": "12:08", "ashr": "15:18", "magrib": "18:14", "isya": "19:24"}, {"tanggal": "2020-03-12", "imsyak": "04:35", "shubuh": "04:45", "terbit": "05:59", "dhuha": "06:23", "dzuhur": "12:08", "ashr": "15:18", "magrib": "18:13", "isya": "19:23"}, {"tanggal": "2020-03-13", "imsyak": "04:35", "shubuh": "04:45", "terbit": "05:59", "dhuha": "06:23", "dzuhur": "12:08", "ashr": "15:19", "magrib": "18:13", "isya": "19:22"}, {"tanggal": "2020-03-14", "imsyak": "04:35", "shubuh": "04:45", "terbit": "05:58", "dhuha": "06:22", "dzuhur": "12:07", "ashr": "15:19", "magrib": "18:12", "isya": "19:22"}, {"tanggal": "2020-03-15", "imsyak": "04:35", "shubuh": "04:45", "terbit": "05:58", "dhuha": "06:22", "dzuhur": "12:07", "ashr": "15:19", "magrib": "18:12", "isya": "19:21"}, {"tanggal": "2020-03-16", "imsyak": "04:35", "shubuh": "04:45", "terbit": "05:58", "dhuha": "06:22", "dzuhur": "12:07", "ashr": "15:19", "magrib": "18:11", "isya": "19:21"}, {"tanggal": "2020-03-17", "imsyak": "04:35", "shubuh": "04:45", "terbit": "05:58", "dhuha": "06:22", "dzuhur": "12:07", "ashr": "15:19", "magrib": "18:11", "isya": "19:20"}, {"tanggal": "2020-03-18", "imsyak": "04:35", "shubuh": "04:45", "terbit": "05:58", "dhuha": "06:22", "dzuhur": "12:06", "ashr": "15:19", "magrib": "18:10", "isya": "19:20"}, {"tanggal": "2020-03-19", "imsyak": "04:35", "shubuh": "04:45", "terbit": "05:58", "dhuha": "06:22", "dzuhur": "12:06", "ashr": "15:19", "magrib": "18:10", "isya": "19:19"}, {"tanggal": "2020-03-20", "imsyak": "04:35", "shubuh": "04:45", "terbit": "05:58", "dhuha": "06:22", "dzuhur": "12:06", "ashr": "15:20", "magrib": "18:09", "isya": "19:19"}, {"tanggal": "2020-03-21", "imsyak": "04:35", "shubuh": "04:45", "terbit": "05:58", "dhuha": "06:22", "dzuhur": "12:05", "ashr": "15:20", "magrib": "18:08", "isya": "19:18"}, {"tanggal": "2020-03-22", "imsyak": "04:35", "shubuh": "04:45", "terbit": "05:58", "dhuha": "06:22", "dzuhur": "12:05", "ashr": "15:20", "magrib": "18:08", "isya": "19:17"}, {"tanggal": "2020-03-23", "imsyak": "04:34", "shubuh": "04:44", "terbit": "05:58", "dhuha": "06:22", "dzuhur": "12:05", "ashr": "15:20", "magrib": "18:07", "isya": "19:17"}, {"tanggal": "2020-03-24", "imsyak": "04:34", "shubuh": "04:44", "terbit": "05:58", "dhuha": "06:22", "dzuhur": "12:05", "ashr": "15:20", "magrib": "18:07", "isya": "19:16"}, {"tanggal": "2020-03-25", "imsyak": "04:34", "shubuh": "04:44", "terbit": "05:58", "dhuha": "06:22", "dzuhur": "12:04", "ashr": "15:20", "magrib": "18:06", "isya": "19:16"}, {"tanggal": "2020-03-26", "imsyak": "04:34", "shubuh": "04:44", "terbit": "05:58", "dhuha": "06:22", "dzuhur": "12:04", "ashr": "15:20", "magrib": "18:06", "isya": "19:15"}, {"tanggal": "2020-03-27", "imsyak": "04:34", "shubuh": "04:44", "terbit": "05:58", "dhuha": "06:22", "dzuhur": "12:04", "ashr": "15:20", "magrib": "18:05", "isya": "19:15"}, {"tanggal": "2020-03-28", "imsyak": "04:34", "shubuh": "04:44", "terbit": "05:58", "dhuha": "06:22", "dzuhur": "12:03", "ashr": "15:20", "magrib": "18:05", "isya": "19:14"}, {"tanggal": "2020-03-29", "imsyak": "04:34", "shubuh": "04:44", "terbit": "05:58", "dhuha": "06:22", "dzuhur": "12:03", "ashr": "15:20", "magrib": "18:04", "isya": "19:14"}, {"tanggal": "2020-03-30", "imsyak": "04:34", "shubuh": "04:44", "terbit": "05:58", "dhuha": "06:22", "dzuhur": "12:03", "ashr": "15:20", "magrib": "18:04", "isya": "19:13"}, {"tanggal": "2020-03-31", "imsyak": "04:34", "shubuh": "04:44", "terbit": "05:58", "dhuha": "06:22", "dzuhur": "12:02", "ashr": "15:20", "magrib": "18:03", "isya": "19:13"}]