[{"imsyak": "04:34", "shubuh": "04:44", "dzuhur": "12:02", "tanggal": "2020-04-01", "terbit": "05:58", "magrib": "18:03", "isya": "19:12", "dhuha": "06:22", "ashr": "15:20"}, {"imsyak": "04:34", "shubuh": "04:44", "dzuhur": "12:02", "tanggal": "2020-04-02", "terbit": "05:57", "magrib": "18:02", "isya": "19:12", "dhuha": "06:21", "ashr": "15:20"}, {"imsyak": "04:34", "shubuh": "04:44", "dzuhur": "12:02", "tanggal": "2020-04-03", "terbit": "05:57", "magrib": "18:01", "isya": "19:11", "dhuha": "06:21", "ashr": "15:20"}, {"imsyak": "04:34", "shubuh": "04:44", "dzuhur": "12:01", "tanggal": "2020-04-04", "terbit": "05:57", "magrib": "18:01", "isya": "19:11", "dhuha": "06:21", "ashr": "15:20"}, {"imsyak": "04:33", "shubuh": "04:43", "dzuhur": "12:01", "tanggal": "2020-04-05", "terbit": "05:57", "magrib": "18:00", "isya": "19:10", "dhuha": "06:21", "ashr": "15:19"}, {"imsyak": "04:33", "shubuh": "04:43", "dzuhur": "12:01", "tanggal": "2020-04-06", "terbit": "05:57", "magrib": "18:00", "isya": "19:10", "dhuha": "06:21", "ashr": "15:19"}, {"imsyak": "04:33", "shubuh": "04:43", "dzuhur": "12:00", "tanggal": "2020-04-07", "terbit": "05:57", "magrib": "17:59", "isya": "19:09", "dhuha": "06:21", "ashr": "15:19"}, {"imsyak": "04:33", "shubuh": "04:43", "dzuhur": "12:00", "tanggal": "2020-04-08", "terbit": "05:57", "magrib": "17:59", "isya": "19:09", "dhuha": "06:21", "ashr": "15:19"}, {"imsyak": "04:33", "shubuh": "04:43", "dzuhur": "12:00", "tanggal": "2020-04-09", "terbit": "05:57", "magrib": "17:58", "isya": "19:08", "dhuha": "06:21", "ashr": "15:19"}, {"imsyak": "04:33", "shubuh": "04:43", "dzuhur": "12:00", "tanggal": "2020-04-10", "terbit": "05:57", "magrib": "17:58", "isya": "19:08", "dhuha": "06:21", "ashr": "15:19"}, {"imsyak": "04:33", "shubuh": "04:43", "dzuhur": "11:59", "tanggal": "2020-04-11", "terbit": "05:57", "magrib": "17:57", "isya": "19:07", "dhuha": "06:21", "ashr": "15:19"}, {"imsyak": "04:33", "shubuh": "04:43", "dzuhur": "11:59", "tanggal": "2020-04-12", "terbit": "05:57", "magrib": "17:57", "isya": "19:07", "dhuha": "06:21", "ashr": "15:19"}, {"imsyak": "04:33", "shubuh": "04:43", "dzuhur": "11:59", "tanggal": "2020-04-13", "terbit": "05:57", "magrib": "17:56", "isya": "19:07", "dhuha": "06:21", "ashr": "15:19"}, {"imsyak": "04:33", "shubuh": "04:43", "dzuhur": "11:59", "tanggal": "2020-04-14", "terbit": "05:57", "magrib": "17:56", "isya": "19:06", "dhuha": "06:21", "ashr": "15:19"}, {"imsyak": "04:33", "shubuh": "04:43", "dzuhur": "11:58", "tanggal": "2020-04-15", "terbit": "05:57", "magrib": "17:55", "isya": "19:06", "dhuha": "06:21", "ashr": "15:18"}, {"imsyak": "04:32", "shubuh": "04:42", "dzuhur": "11:58", "tanggal": "2020-04-16", "terbit": "05:57", "magrib": "17:55", "isya": "19:05", "dhuha": "06:21", "ashr": "15:18"}, {"imsyak": "04:32", "shubuh": "04:42", "dzuhur": "11:58", "tanggal": "2020-04-17", "terbit": "05:57", "magrib": "17:55", "isya": "19:05", "dhuha": "06:21", "ashr": "15:18"}, {"imsyak": "04:32", "shubuh": "04:42", "dzuhur": "11:58", "tanggal": "2020-04-18", "terbit": "05:57", "magrib": "17:54", "isya": "19:05", "dhuha": "06:21", "ashr": "15:18"}, {"imsyak": "04:32", "shubuh": "04:42", "dzuhur": "11:57", "tanggal": "2020-04-19", "terbit": "05:57", "magrib": "17:54", "isya": "19:04", "dhuha": "06:21", "ashr": "15:18"}, {"imsyak": "04:32", "shubuh": "04:42", "dzuhur": "11:57", "tanggal": "2020-04-20", "terbit": "05:57", "magrib": "17:53", "isya": "19:04", "dhuha": "06:21", "ashr": "15:18"}, {"imsyak": "04:32", "shubuh": "04:42", "dzuhur": "11:57", "tanggal": "2020-04-21", "terbit": "05:57", "magrib": "17:53", "isya": "19:04", "dhuha": "06:21", "ashr": "15:18"}, {"imsyak": "04:32", "shubuh": "04:42", "dzuhur": "11:57", "tanggal": "2020-04-22", "terbit": "05:57", "magrib": "17:52", "isya": "19:03", "dhuha": "06:21", "ashr": "15:18"}, {"imsyak": "04:32", "shubuh": "04:42", "dzuhur": "11:57", "tanggal": "2020-04-23", "terbit": "05:57", "magrib": "17:52", "isya": "19:03", "dhuha": "06:21", "ashr": "15:17"}, {"imsyak": "04:32", "shubuh": "04:42", "dzuhur": "11:56", "tanggal": "2020-04-24", "terbit": "05:57", "magrib": "17:52", "isya": "19:03", "dhuha": "06:21", "ashr": "15:17"}, {"imsyak": "04:32", "shubuh": "04:42", "dzuhur": "11:56", "tanggal": "2020-04-25", "terbit": "05:57", "magrib": "17:51", "isya": "19:02", "dhuha": "06:21", "ashr": "15:17"}, {"imsyak": "04:32", "shubuh": "04:42", "dzuhur": "11:56", "tanggal": "2020-04-26", "terbit": "05:57", "magrib": "17:51", "isya": "19:02", "dhuha": "06:21", "ashr": "15:17"}, {"imsyak": "04:32", "shubuh": "04:42", "dzuhur": "11:56", "tanggal": "2020-04-27", "terbit": "05:57", "magrib": "17:51", "isya": "19:02", "dhuha": "06:21", "ashr": "15:17"}, {"imsyak": "04:32", "shubuh": "04:42", "dzuhur": "11:56", "tanggal": "2020-04-28", "terbit": "05:57", "magrib": "17:50", "isya": "19:01", "dhuha": "06:21", "ashr": "15:17"}, {"imsyak": "04:32", "shubuh": "04:42", "dzuhur": "11:56", "tanggal": "2020-04-29", "terbit": "05:57", "magrib": "17:50", "isya": "19:01", "dhuha": "06:21", "ashr": "15:17"}, {"imsyak": "04:31", "shubuh": "04:41", "dzuhur": "11:55", "tanggal": "2020-04-30", "terbit": "05:57", "magrib": "17:49", "isya": "19:01", "dhuha": "06:21", "ashr": "15:17"}]