[{"imsyak": "04:31", "shubuh": "04:41", "dzuhur": "11:55", "tanggal": "2020-05-01", "terbit": "05:57", "magrib": "17:49", "isya": "19:01", "dhuha": "06:21", "ashr": "15:16"}, {"imsyak": "04:31", "shubuh": "04:41", "dzuhur": "11:55", "tanggal": "2020-05-02", "terbit": "05:57", "magrib": "17:49", "isya": "19:01", "dhuha": "06:21", "ashr": "15:16"}, {"imsyak": "04:31", "shubuh": "04:41", "dzuhur": "11:55", "tanggal": "2020-05-03", "terbit": "05:57", "magrib": "17:49", "isya": "19:00", "dhuha": "06:21", "ashr": "15:16"}, {"imsyak": "04:31", "shubuh": "04:41", "dzuhur": "11:55", "tanggal": "2020-05-04", "terbit": "05:58", "magrib": "17:48", "isya": "19:00", "dhuha": "06:22", "ashr": "15:16"}, {"imsyak": "04:31", "shubuh": "04:41", "dzuhur": "11:55", "tanggal": "2020-05-05", "terbit": "05:58", "magrib": "17:48", "isya": "19:00", "dhuha": "06:22", "ashr": "15:16"}, {"imsyak": "04:31", "shubuh": "04:41", "dzuhur": "11:55", "tanggal": "2020-05-06", "terbit": "05:58", "magrib": "17:48", "isya": "19:00", "dhuha": "06:22", "ashr": "15:16"}, {"imsyak": "04:31", "shubuh": "04:41", "dzuhur": "11:55", "tanggal": "2020-05-07", "terbit": "05:58", "magrib": "17:47", "isya": "19:00", "dhuha": "06:22", "ashr": "15:16"}, {"imsyak": "04:31", "shubuh": "04:41", "dzuhur": "11:55", "tanggal": "2020-05-08", "terbit": "05:58", "magrib": "17:47", "isya": "19:00", "dhuha": "06:22", "ashr": "15:16"}, {"imsyak": "04:31", "shubuh": "04:41", "dzuhur": "11:55", "tanggal": "2020-05-09", "terbit": "05:58", "magrib": "17:47", "isya": "18:59", "dhuha": "06:22", "ashr": "15:16"}, {"imsyak": "04:31", "shubuh": "04:41", "dzuhur": "11:55", "tanggal": "2020-05-10", "terbit": "05:58", "magrib": "17:47", "isya": "18:59", "dhuha": "06:22", "ashr": "15:16"}, {"imsyak": "04:31", "shubuh": "04:41", "dzuhur": "11:55", "tanggal": "2020-05-11", "terbit": "05:58", "magrib": "17:47", "isya": "18:59", "dhuha": "06:22", "ashr": "15:16"}, {"imsyak": "04:31", "shubuh": "04:41", "dzuhur": "11:55", "tanggal": "2020-05-12", "terbit": "05:59", "magrib": "17:46", "isya": "18:59", "dhuha": "06:23", "ashr": "15:16"}, {"imsyak": "04:31", "shubuh": "04:41", "dzuhur": "11:55", "tanggal": "2020-05-13", "terbit": "05:59", "magrib": "17:46", "isya": "18:59", "dhuha": "06:23", "ashr": "15:16"}, {"imsyak": "04:31", "shubuh": "04:41", "dzuhur": "11:55", "tanggal": "2020-05-14", "terbit": "05:59", "magrib": "17:46", "isya": "18:59", "dhuha": "06:23", "ashr": "15:15"}, {"imsyak": "04:32", "shubuh": "04:42", "dzuhur": "11:55", "tanggal": "2020-05-15", "terbit": "05:59", "magrib": "17:46", "isya": "18:59", "dhuha": "06:23", "ashr": "15:15"}, {"imsyak": "04:32", "shubuh": "04:42", "dzuhur": "11:55", "tanggal": "2020-05-16", "terbit": "05:59", "magrib": "17:46", "isya": "18:59", "dhuha": "06:23", "ashr": "15:15"}, {"imsyak": "04:32", "shubuh": "04:42", "dzuhur": "11:55", "tanggal": "2020-05-17", "terbit": "05:59", "magrib": "17:46", "isya": "18:59", "dhuha": "06:23", "ashr": "15:15"}, {"imsyak": "04:32", "shubuh": "04:42", "dzuhur": "11:55", "tanggal": "2020-05-18", "terbit": "06:00", "magrib": "17:46", "isya": "18:59", "dhuha": "06:24", "ashr": "15:15"}, {"imsyak": "04:32", "shubuh": "04:42", "dzuhur": "11:55", "tanggal": "2020-05-19", "terbit": "06:00", "magrib": "17:45", "isya": "18:59", "dhuha": "06:24", "ashr": "15:15"}, {"imsyak": "04:32", "shubuh": "04:42", "dzuhur": "11:55", "tanggal": "2020-05-20", "terbit": "06:00", "magrib": "17:45", "isya": "18:59", "dhuha": "06:24", "ashr": "15:15"}, {"imsyak": "04:32", "shubuh": "04:42", "dzuhur": "11:55", "tanggal": "2020-05-21", "terbit": "06:00", "magrib": "17:45", "isya": "18:59", "dhuha": "06:24", "ashr": "15:15"}, {"imsyak": "04:32", "shubuh": "04:42", "dzuhur": "11:55", "tanggal": "2020-05-22", "terbit": "06:00", "magrib": "17:45", "isya": "18:59", "dhuha": "06:24", "ashr": "15:15"}, {"imsyak": "04:32", "shubuh": "04:42", "dzuhur": "11:55", "tanggal": "2020-05-23", "terbit": "06:01", "magrib": "17:45", "isya": "18:59", "dhuha": "06:25", "ashr": "15:15"}, {"imsyak": "04:32", "shubuh": "04:42", "dzuhur": "11:55", "tanggal": "2020-05-24", "terbit": "06:01", "magrib": "17:45", "isya": "18:59", "dhuha": "06:25", "ashr": "15:16"}, {"imsyak": "04:32", "shubuh": "04:42", "dzuhur": "11:55", "tanggal": "2020-05-25", "terbit": "06:01", "magrib": "17:45", "isya": "18:59", "dhuha": "06:25", "ashr": "15:16"}, {"imsyak": "04:33", "shubuh": "04:43", "dzuhur": "11:55", "tanggal": "2020-05-26", "terbit": "06:01", "magrib": "17:45", "isya": "18:59", "dhuha": "06:25", "ashr": "15:16"}, {"imsyak": "04:33", "shubuh": "04:43", "dzuhur": "11:55", "tanggal": "2020-05-27", "terbit": "06:01", "magrib": "17:45", "isya": "18:59", "dhuha": "06:25", "ashr": "15:16"}, {"imsyak": "04:33", "shubuh": "04:43", "dzuhur": "11:55", "tanggal": "2020-05-28", "terbit": "06:02", "magrib": "17:45", "isya": "18:59", "dhuha": "06:26", "ashr": "15:16"}, {"imsyak": "04:33", "shubuh": "04:43", "dzuhur": "11:56", "tanggal": "2020-05-29", "terbit": "06:02", "magrib": "17:45", "isya": "18:59", "dhuha": "06:26", "ashr": "15:16"}, {"imsyak": "04:33", "shubuh": "04:43", "dzuhur": "11:56", "tanggal": "2020-05-30", "terbit": "06:02", "magrib": "17:45", "isya": "19:00", "dhuha": "06:26", "ashr": "15:16"}, {"imsyak": "04:33", "shubuh": "04:43", "dzuhur": "11:56", "tanggal": "2020-05-31", "terbit": "06:02", "magrib": "17:45", "isya": "19:00", "dhuha": "06:26", "ashr": "15:16"}]