[{"imsyak": "04:33", "shubuh": "04:43", "dzuhur": "11:56", "tanggal": "2020-06-01", "terbit": "06:03", "magrib": "17:45", "isya": "19:00", "dhuha": "06:27", "ashr": "15:16"}, {"imsyak": "04:34", "shubuh": "04:44", "dzuhur": "11:56", "tanggal": "2020-06-02", "terbit": "06:03", "magrib": "17:45", "isya": "19:00", "dhuha": "06:27", "ashr": "15:16"}, {"imsyak": "04:34", "shubuh": "04:44", "dzuhur": "11:56", "tanggal": "2020-06-03", "terbit": "06:03", "magrib": "17:45", "isya": "19:00", "dhuha": "06:27", "ashr": "15:16"}, {"imsyak": "04:34", "shubuh": "04:44", "dzuhur": "11:56", "tanggal": "2020-06-04", "terbit": "06:03", "magrib": "17:45", "isya": "19:00", "dhuha": "06:27", "ashr": "15:17"}, {"imsyak": "04:34", "shubuh": "04:44", "dzuhur": "11:57", "tanggal": "2020-06-05", "terbit": "06:04", "magrib": "17:46", "isya": "19:00", "dhuha": "06:28", "ashr": "15:17"}, {"imsyak": "04:34", "shubuh": "04:44", "dzuhur": "11:57", "tanggal": "2020-06-06", "terbit": "06:04", "magrib": "17:46", "isya": "19:01", "dhuha": "06:28", "ashr": "15:17"}, {"imsyak": "04:35", "shubuh": "04:45", "dzuhur": "11:57", "tanggal": "2020-06-07", "terbit": "06:04", "magrib": "17:46", "isya": "19:01", "dhuha": "06:28", "ashr": "15:17"}, {"imsyak": "04:35", "shubuh": "04:45", "dzuhur": "11:57", "tanggal": "2020-06-08", "terbit": "06:04", "magrib": "17:46", "isya": "19:01", "dhuha": "06:28", "ashr": "15:17"}, {"imsyak": "04:35", "shubuh": "04:45", "dzuhur": "11:57", "tanggal": "2020-06-09", "terbit": "06:05", "magrib": "17:46", "isya": "19:01", "dhuha": "06:29", "ashr": "15:17"}, {"imsyak": "04:35", "shubuh": "04:45", "dzuhur": "11:58", "tanggal": "2020-06-10", "terbit": "06:05", "magrib": "17:46", "isya": "19:01", "dhuha": "06:29", "ashr": "15:17"}, {"imsyak": "04:35", "shubuh": "04:45", "dzuhur": "11:58", "tanggal": "2020-06-11", "terbit": "06:05", "magrib": "17:46", "isya": "19:01", "dhuha": "06:29", "ashr": "15:18"}, {"imsyak": "04:36", "shubuh": "04:46", "dzuhur": "11:58", "tanggal": "2020-06-12", "terbit": "06:05", "magrib": "17:47", "isya": "19:02", "dhuha": "06:29", "ashr": "15:18"}, {"imsyak": "04:36", "shubuh": "04:46", "dzuhur": "11:58", "tanggal": "2020-06-13", "terbit": "06:06", "magrib": "17:47", "isya": "19:02", "dhuha": "06:30", "ashr": "15:18"}, {"imsyak": "04:36", "shubuh": "04:46", "dzuhur": "11:58", "tanggal": "2020-06-14", "terbit": "06:06", "magrib": "17:47", "isya": "19:02", "dhuha": "06:30", "ashr": "15:18"}, {"imsyak": "04:36", "shubuh": "04:46", "dzuhur": "11:59", "tanggal": "2020-06-15", "terbit": "06:06", "magrib": "17:47", "isya": "19:02", "dhuha": "06:30", "ashr": "15:18"}, {"imsyak": "04:36", "shubuh": "04:46", "dzuhur": "11:59", "tanggal": "2020-06-16", "terbit": "06:06", "magrib": "17:47", "isya": "19:02", "dhuha": "06:30", "ashr": "15:19"}, {"imsyak": "04:37", "shubuh": "04:47", "dzuhur": "11:59", "tanggal": "2020-06-17", "terbit": "06:07", "magrib": "17:47", "isya": "19:03", "dhuha": "06:31", "ashr": "15:19"}, {"imsyak": "04:37", "shubuh": "04:47", "dzuhur": "11:59", "tanggal": "2020-06-18", "terbit": "06:07", "magrib": "17:48", "isya": "19:03", "dhuha": "06:31", "ashr": "15:19"}, {"imsyak": "04:37", "shubuh": "04:47", "dzuhur": "11:59", "tanggal": "2020-06-19", "terbit": "06:07", "magrib": "17:48", "isya": "19:03", "dhuha": "06:31", "ashr": "15:19"}, {"imsyak": "04:37", "shubuh": "04:47", "dzuhur": "12:00", "tanggal": "2020-06-20", "terbit": "06:07", "magrib": "17:48", "isya": "19:03", "dhuha": "06:31", "ashr": "15:19"}, {"imsyak": "04:38", "shubuh": "04:48", "dzuhur": "12:00", "tanggal": "2020-06-21", "terbit": "06:08", "magrib": "17:48", "isya": "19:04", "dhuha": "06:32", "ashr": "15:20"}, {"imsyak": "04:38", "shubuh": "04:48", "dzuhur": "12:00", "tanggal": "2020-06-22", "terbit": "06:08", "magrib": "17:49", "isya": "19:04", "dhuha": "06:32", "ashr": "15:20"}, {"imsyak": "04:38", "shubuh": "04:48", "dzuhur": "12:00", "tanggal": "2020-06-23", "terbit": "06:08", "magrib": "17:49", "isya": "19:04", "dhuha": "06:32", "ashr": "15:20"}, {"imsyak": "04:38", "shubuh": "04:48", "dzuhur": "12:01", "tanggal": "2020-06-24", "terbit": "06:08", "magrib": "17:49", "isya": "19:04", "dhuha": "06:32", "ashr": "15:20"}, {"imsyak": "04:38", "shubuh": "04:48", "dzuhur": "12:01", "tanggal": "2020-06-25", "terbit": "06:08", "magrib": "17:49", "isya": "19:04", "dhuha": "06:32", "ashr": "15:21"}, {"imsyak": "04:39", "shubuh": "04:49", "dzuhur": "12:01", "tanggal": "2020-06-26", "terbit": "06:09", "magrib": "17:49", "isya": "19:05", "dhuha": "06:33", "ashr": "15:21"}, {"imsyak": "04:39", "shubuh": "04:49", "dzuhur": "12:01", "tanggal": "2020-06-27", "terbit": "06:09", "magrib": "17:50", "isya": "19:05", "dhuha": "06:33", "ashr": "15:21"}, {"imsyak": "04:39", "shubuh": "04:49", "dzuhur": "12:01", "tanggal": "2020-06-28", "terbit": "06:09", "magrib": "17:50", "isya": "19:05", "dhuha": "06:33", "ashr": "15:21"}, {"imsyak": "04:39", "shubuh": "04:49", "dzuhur": "12:02", "tanggal": "2020-06-29", "terbit": "06:09", "magrib": "17:50", "isya": "19:05", "dhuha": "06:33", "ashr": "15:21"}, {"imsyak": "04:39", "shubuh": "04:49", "dzuhur": "12:02", "tanggal": "2020-06-30", "terbit": "06:09", "magrib": "17:50", "isya": "19:05", "dhuha": "06:33", "ashr": "15:22"}]