[{"imsyak": "04:40", "shubuh": "04:50", "dzuhur": "12:02", "tanggal": "2020-07-01", "terbit": "06:09", "magrib": "17:51", "isya": "19:06", "dhuha": "06:33", "ashr": "15:22"}, {"imsyak": "04:40", "shubuh": "04:50", "dzuhur": "12:02", "tanggal": "2020-07-02", "terbit": "06:10", "magrib": "17:51", "isya": "19:06", "dhuha": "06:34", "ashr": "15:22"}, {"imsyak": "04:40", "shubuh": "04:50", "dzuhur": "12:02", "tanggal": "2020-07-03", "terbit": "06:10", "magrib": "17:51", "isya": "19:06", "dhuha": "06:34", "ashr": "15:22"}, {"imsyak": "04:40", "shubuh": "04:50", "dzuhur": "12:03", "tanggal": "2020-07-04", "terbit": "06:10", "magrib": "17:51", "isya": "19:06", "dhuha": "06:34", "ashr": "15:23"}, {"imsyak": "04:40", "shubuh": "04:50", "dzuhur": "12:03", "tanggal": "2020-07-05", "terbit": "06:10", "magrib": "17:52", "isya": "19:06", "dhuha": "06:34", "ashr": "15:23"}, {"imsyak": "04:40", "shubuh": "04:50", "dzuhur": "12:03", "tanggal": "2020-07-06", "terbit": "06:10", "magrib": "17:52", "isya": "19:07", "dhuha": "06:34", "ashr": "15:23"}, {"imsyak": "04:41", "shubuh": "04:51", "dzuhur": "12:03", "tanggal": "2020-07-07", "terbit": "06:10", "magrib": "17:52", "isya": "19:07", "dhuha": "06:34", "ashr": "15:23"}, {"imsyak": "04:41", "shubuh": "04:51", "dzuhur": "12:03", "tanggal": "2020-07-08", "terbit": "06:10", "magrib": "17:52", "isya": "19:07", "dhuha": "06:34", "ashr": "15:23"}, {"imsyak": "04:41", "shubuh": "04:51", "dzuhur": "12:03", "tanggal": "2020-07-09", "terbit": "06:10", "magrib": "17:53", "isya": "19:07", "dhuha": "06:34", "ashr": "15:24"}, {"imsyak": "04:41", "shubuh": "04:51", "dzuhur": "12:04", "tanggal": "2020-07-10", "terbit": "06:10", "magrib": "17:53", "isya": "19:07", "dhuha": "06:34", "ashr": "15:24"}, {"imsyak": "04:41", "shubuh": "04:51", "dzuhur": "12:04", "tanggal": "2020-07-11", "terbit": "06:10", "magrib": "17:53", "isya": "19:07", "dhuha": "06:34", "ashr": "15:24"}, {"imsyak": "04:41", "shubuh": "04:51", "dzuhur": "12:04", "tanggal": "2020-07-12", "terbit": "06:10", "magrib": "17:53", "isya": "19:08", "dhuha": "06:34", "ashr": "15:24"}, {"imsyak": "04:41", "shubuh": "04:51", "dzuhur": "12:04", "tanggal": "2020-07-13", "terbit": "06:10", "magrib": "17:53", "isya": "19:08", "dhuha": "06:34", "ashr": "15:24"}, {"imsyak": "04:42", "shubuh": "04:52", "dzuhur": "12:04", "tanggal": "2020-07-14", "terbit": "06:10", "magrib": "17:54", "isya": "19:08", "dhuha": "06:34", "ashr": "15:24"}, {"imsyak": "04:42", "shubuh": "04:52", "dzuhur": "12:04", "tanggal": "2020-07-15", "terbit": "06:10", "magrib": "17:54", "isya": "19:08", "dhuha": "06:34", "ashr": "15:25"}, {"imsyak": "04:42", "shubuh": "04:52", "dzuhur": "12:04", "tanggal": "2020-07-16", "terbit": "06:10", "magrib": "17:54", "isya": "19:08", "dhuha": "06:34", "ashr": "15:25"}, {"imsyak": "04:42", "shubuh": "04:52", "dzuhur": "12:04", "tanggal": "2020-07-17", "terbit": "06:10", "magrib": "17:54", "isya": "19:08", "dhuha": "06:34", "ashr": "15:25"}, {"imsyak": "04:42", "shubuh": "04:52", "dzuhur": "12:04", "tanggal": "2020-07-18", "terbit": "06:10", "magrib": "17:54", "isya": "19:08", "dhuha": "06:34", "ashr": "15:25"}, {"imsyak": "04:42", "shubuh": "04:52", "dzuhur": "12:04", "tanggal": "2020-07-19", "terbit": "06:10", "magrib": "17:55", "isya": "19:09", "dhuha": "06:34", "ashr": "15:25"}, {"imsyak": "04:42", "shubuh": "04:52", "dzuhur": "12:05", "tanggal": "2020-07-20", "terbit": "06:10", "magrib": "17:55", "isya": "19:09", "dhuha": "06:34", "ashr": "15:25"}, {"imsyak": "04:42", "shubuh": "04:52", "dzuhur": "12:05", "tanggal": "2020-07-21", "terbit": "06:10", "magrib": "17:55", "isya": "19:09", "dhuha": "06:34", "ashr": "15:25"}, {"imsyak": "04:42", "shubuh": "04:52", "dzuhur": "12:05", "tanggal": "2020-07-22", "terbit": "06:10", "magrib": "17:55", "isya": "19:09", "dhuha": "06:34", "ashr": "15:25"}, {"imsyak": "04:42", "shubuh": "04:52", "dzuhur": "12:05", "tanggal": "2020-07-23", "terbit": "06:10", "magrib": "17:55", "isya": "19:09", "dhuha": "06:34", "ashr": "15:25"}, {"imsyak": "04:42", "shubuh": "04:52", "dzuhur": "12:05", "tanggal": "2020-07-24", "terbit": "06:10", "magrib": "17:56", "isya": "19:09", "dhuha": "06:34", "ashr": "15:26"}, {"imsyak": "04:42", "shubuh": "04:52", "dzuhur": "12:05", "tanggal": "2020-07-25", "terbit": "06:10", "magrib": "17:56", "isya": "19:09", "dhuha": "06:34", "ashr": "15:26"}, {"imsyak": "04:42", "shubuh": "04:52", "dzuhur": "12:05", "tanggal": "2020-07-26", "terbit": "06:10", "magrib": "17:56", "isya": "19:09", "dhuha": "06:34", "ashr": "15:26"}, {"imsyak": "04:42", "shubuh": "04:52", "dzuhur": "12:05", "tanggal": "2020-07-27", "terbit": "06:10", "magrib": "17:56", "isya": "19:09", "dhuha": "06:34", "ashr": "15:26"}, {"imsyak": "04:42", "shubuh": "04:52", "dzuhur": "12:05", "tanggal": "2020-07-28", "terbit": "06:09", "magrib": "17:56", "isya": "19:09", "dhuha": "06:33", "ashr": "15:26"}, {"imsyak": "04:42", "shubuh": "04:52", "dzuhur": "12:05", "tanggal": "2020-07-29", "terbit": "06:09", "magrib": "17:56", "isya": "19:09", "dhuha": "06:33", "ashr": "15:26"}, {"imsyak": "04:42", "shubuh": "04:52", "dzuhur": "12:05", "tanggal": "2020-07-30", "terbit": "06:09", "magrib": "17:56", "isya": "19:09", "dhuha": "06:33", "ashr": "15:26"}, {"imsyak": "04:42", "shubuh": "04:52", "dzuhur": "12:05", "tanggal": "2020-07-31", "terbit": "06:09", "magrib": "17:56", "isya": "19:09", "dhuha": "06:33", "ashr": "15:26"}]