[{"imsyak": "04:41", "shubuh": "04:51", "dzuhur": "12:05", "tanggal": "2020-08-01", "terbit": "06:09", "magrib": "17:57", "isya": "19:09", "dhuha": "06:33", "ashr": "15:26"}, {"imsyak": "04:41", "shubuh": "04:51", "dzuhur": "12:04", "tanggal": "2020-08-02", "terbit": "06:08", "magrib": "17:57", "isya": "19:09", "dhuha": "06:32", "ashr": "15:26"}, {"imsyak": "04:41", "shubuh": "04:51", "dzuhur": "12:04", "tanggal": "2020-08-03", "terbit": "06:08", "magrib": "17:57", "isya": "19:09", "dhuha": "06:32", "ashr": "15:26"}, {"imsyak": "04:41", "shubuh": "04:51", "dzuhur": "12:04", "tanggal": "2020-08-04", "terbit": "06:08", "magrib": "17:57", "isya": "19:09", "dhuha": "06:32", "ashr": "15:26"}, {"imsyak": "04:41", "shubuh": "04:51", "dzuhur": "12:04", "tanggal": "2020-08-05", "terbit": "06:08", "magrib": "17:57", "isya": "19:09", "dhuha": "06:32", "ashr": "15:25"}, {"imsyak": "04:41", "shubuh": "04:51", "dzuhur": "12:04", "tanggal": "2020-08-06", "terbit": "06:07", "magrib": "17:57", "isya": "19:09", "dhuha": "06:31", "ashr": "15:25"}, {"imsyak": "04:41", "shubuh": "04:51", "dzuhur": "12:04", "tanggal": "2020-08-07", "terbit": "06:07", "magrib": "17:57", "isya": "19:09", "dhuha": "06:31", "ashr": "15:25"}, {"imsyak": "04:40", "shubuh": "04:50", "dzuhur": "12:04", "tanggal": "2020-08-08", "terbit": "06:07", "magrib": "17:57", "isya": "19:09", "dhuha": "06:31", "ashr": "15:25"}, {"imsyak": "04:40", "shubuh": "04:50", "dzuhur": "12:04", "tanggal": "2020-08-09", "terbit": "06:06", "magrib": "17:57", "isya": "19:09", "dhuha": "06:30", "ashr": "15:25"}, {"imsyak": "04:40", "shubuh": "04:50", "dzuhur": "12:04", "tanggal": "2020-08-10", "terbit": "06:06", "magrib": "17:57", "isya": "19:09", "dhuha": "06:30", "ashr": "15:25"}, {"imsyak": "04:40", "shubuh": "04:50", "dzuhur": "12:03", "tanggal": "2020-08-11", "terbit": "06:06", "magrib": "17:57", "isya": "19:09", "dhuha": "06:30", "ashr": "15:25"}, {"imsyak": "04:39", "shubuh": "04:49", "dzuhur": "12:03", "tanggal": "2020-08-12", "terbit": "06:05", "magrib": "17:57", "isya": "19:09", "dhuha": "06:29", "ashr": "15:25"}, {"imsyak": "04:39", "shubuh": "04:49", "dzuhur": "12:03", "tanggal": "2020-08-13", "terbit": "06:05", "magrib": "17:57", "isya": "19:09", "dhuha": "06:29", "ashr": "15:24"}, {"imsyak": "04:39", "shubuh": "04:49", "dzuhur": "12:03", "tanggal": "2020-08-14", "terbit": "06:05", "magrib": "17:57", "isya": "19:09", "dhuha": "06:29", "ashr": "15:24"}, {"imsyak": "04:39", "shubuh": "04:49", "dzuhur": "12:03", "tanggal": "2020-08-15", "terbit": "06:04", "magrib": "17:57", "isya": "19:09", "dhuha": "06:28", "ashr": "15:24"}, {"imsyak": "04:38", "shubuh": "04:48", "dzuhur": "12:03", "tanggal": "2020-08-16", "terbit": "06:04", "magrib": "17:57", "isya": "19:09", "dhuha": "06:28", "ashr": "15:24"}, {"imsyak": "04:38", "shubuh": "04:48", "dzuhur": "12:02", "tanggal": "2020-08-17", "terbit": "06:03", "magrib": "17:57", "isya": "19:08", "dhuha": "06:27", "ashr": "15:23"}, {"imsyak": "04:38", "shubuh": "04:48", "dzuhur": "12:02", "tanggal": "2020-08-18", "terbit": "06:03", "magrib": "17:57", "isya": "19:08", "dhuha": "06:27", "ashr": "15:23"}, {"imsyak": "04:37", "shubuh": "04:47", "dzuhur": "12:02", "tanggal": "2020-08-19", "terbit": "06:03", "magrib": "17:57", "isya": "19:08", "dhuha": "06:27", "ashr": "15:23"}, {"imsyak": "04:37", "shubuh": "04:47", "dzuhur": "12:02", "tanggal": "2020-08-20", "terbit": "06:02", "magrib": "17:57", "isya": "19:08", "dhuha": "06:26", "ashr": "15:23"}, {"imsyak": "04:37", "shubuh": "04:47", "dzuhur": "12:01", "tanggal": "2020-08-21", "terbit": "06:02", "magrib": "17:57", "isya": "19:08", "dhuha": "06:26", "ashr": "15:22"}, {"imsyak": "04:36", "shubuh": "04:46", "dzuhur": "12:01", "tanggal": "2020-08-22", "terbit": "06:01", "magrib": "17:57", "isya": "19:08", "dhuha": "06:25", "ashr": "15:22"}, {"imsyak": "04:36", "shubuh": "04:46", "dzuhur": "12:01", "tanggal": "2020-08-23", "terbit": "06:01", "magrib": "17:57", "isya": "19:08", "dhuha": "06:25", "ashr": "15:22"}, {"imsyak": "04:35", "shubuh": "04:45", "dzuhur": "12:01", "tanggal": "2020-08-24", "terbit": "06:00", "magrib": "17:57", "isya": "19:08", "dhuha": "06:24", "ashr": "15:21"}, {"imsyak": "04:35", "shubuh": "04:45", "dzuhur": "12:00", "tanggal": "2020-08-25", "terbit": "06:00", "magrib": "17:57", "isya": "19:07", "dhuha": "06:24", "ashr": "15:21"}, {"imsyak": "04:35", "shubuh": "04:45", "dzuhur": "12:00", "tanggal": "2020-08-26", "terbit": "05:59", "magrib": "17:57", "isya": "19:07", "dhuha": "06:23", "ashr": "15:21"}, {"imsyak": "04:34", "shubuh": "04:44", "dzuhur": "12:00", "tanggal": "2020-08-27", "terbit": "05:59", "magrib": "17:57", "isya": "19:07", "dhuha": "06:23", "ashr": "15:20"}, {"imsyak": "04:34", "shubuh": "04:44", "dzuhur": "11:59", "tanggal": "2020-08-28", "terbit": "05:58", "magrib": "17:57", "isya": "19:07", "dhuha": "06:22", "ashr": "15:20"}, {"imsyak": "04:33", "shubuh": "04:43", "dzuhur": "11:59", "tanggal": "2020-08-29", "terbit": "05:58", "magrib": "17:57", "isya": "19:07", "dhuha": "06:22", "ashr": "15:19"}, {"imsyak": "04:33", "shubuh": "04:43", "dzuhur": "11:59", "tanggal": "2020-08-30", "terbit": "05:57", "magrib": "17:57", "isya": "19:07", "dhuha": "06:21", "ashr": "15:19"}, {"imsyak": "04:32", "shubuh": "04:42", "dzuhur": "11:59", "tanggal": "2020-08-31", "terbit": "05:57", "magrib": "17:57", "isya": "19:07", "dhuha": "06:21", "ashr": "15:18"}]