[{"tanggal": "2020-09-01", "imsyak": "04:32", "shubuh": "04:42", "terbit": "05:56", "dhuha": "06:20", "dzuhur": "11:58", "ashr": "15:18", "magrib": "17:56", "isya": "19:06"}, {"tanggal": "2020-09-02", "imsyak": "04:31", "shubuh": "04:41", "terbit": "05:56", "dhuha": "06:20", "dzuhur": "11:58", "ashr": "15:17", "magrib": "17:56", "isya": "19:06"}, {"tanggal": "2020-09-03", "imsyak": "04:31", "shubuh": "04:41", "terbit": "05:55", "dhuha": "06:19", "dzuhur": "11:58", "ashr": "15:17", "magrib": "17:56", "isya": "19:06"}, {"tanggal": "2020-09-04", "imsyak": "04:31", "shubuh": "04:41", "terbit": "05:54", "dhuha": "06:18", "dzuhur": "11:57", "ashr": "15:16", "magrib": "17:56", "isya": "19:06"}, {"tanggal": "2020-09-05", "imsyak": "04:30", "shubuh": "04:40", "terbit": "05:54", "dhuha": "06:18", "dzuhur": "11:57", "ashr": "15:16", "magrib": "17:56", "isya": "19:06"}, {"tanggal": "2020-09-06", "imsyak": "04:29", "shubuh": "04:39", "terbit": "05:53", "dhuha": "06:17", "dzuhur": "11:57", "ashr": "15:15", "magrib": "17:56", "isya": "19:06"}, {"tanggal": "2020-09-07", "imsyak": "04:29", "shubuh": "04:39", "terbit": "05:53", "dhuha": "06:17", "dzuhur": "11:56", "ashr": "15:15", "magrib": "17:56", "isya": "19:06"}, {"tanggal": "2020-09-08", "imsyak": "04:28", "shubuh": "04:38", "terbit": "05:52", "dhuha": "06:16", "dzuhur": "11:56", "ashr": "15:14", "magrib": "17:56", "isya": "19:05"}, {"tanggal": "2020-09-09", "imsyak": "04:28", "shubuh": "04:38", "terbit": "05:52", "dhuha": "06:16", "dzuhur": "11:56", "ashr": "15:14", "magrib": "17:56", "isya": "19:05"}, {"tanggal": "2020-09-10", "imsyak": "04:27", "shubuh": "04:37", "terbit": "05:51", "dhuha": "06:15", "dzuhur": "11:55", "ashr": "15:13", "magrib": "17:56", "isya": "19:05"}, {"tanggal": "2020-09-11", "imsyak": "04:27", "shubuh": "04:37", "terbit": "05:50", "dhuha": "06:14", "dzuhur": "11:55", "ashr": "15:13", "magrib": "17:55", "isya": "19:05"}, {"tanggal": "2020-09-12", "imsyak": "04:26", "shubuh": "04:36", "terbit": "05:50", "dhuha": "06:14", "dzuhur": "11:55", "ashr": "15:12", "magrib": "17:55", "isya": "19:05"}, {"tanggal": "2020-09-13", "imsyak": "04:26", "shubuh": "04:36", "terbit": "05:49", "dhuha": "06:13", "dzuhur": "11:54", "ashr": "15:11", "magrib": "17:55", "isya": "19:05"}, {"tanggal": "2020-09-14", "imsyak": "04:25", "shubuh": "04:35", "terbit": "05:49", "dhuha": "06:13", "dzuhur": "11:54", "ashr": "15:11", "magrib": "17:55", "isya": "19:05"}, {"tanggal": "2020-09-15", "imsyak": "04:25", "shubuh": "04:35", "terbit": "05:48", "dhuha": "06:12", "dzuhur": "11:53", "ashr": "15:10", "magrib": "17:55", "isya": "19:04"}, {"tanggal": "2020-09-16", "imsyak": "04:24", "shubuh": "04:34", "terbit": "05:47", "dhuha": "06:11", "dzuhur": "11:53", "ashr": "15:09", "magrib": "17:55", "isya": "19:04"}, {"tanggal": "2020-09-17", "imsyak": "04:23", "shubuh": "04:33", "terbit": "05:47", "dhuha": "06:11", "dzuhur": "11:53", "ashr": "15:09", "magrib": "17:55", "isya": "19:04"}, {"tanggal": "2020-09-18", "imsyak": "04:23", "shubuh": "04:33", "terbit": "05:46", "dhuha": "06:10", "dzuhur": "11:52", "ashr": "15:08", "magrib": "17:55", "isya": "19:04"}, {"tanggal": "2020-09-19", "imsyak": "04:22", "shubuh": "04:32", "terbit": "05:46", "dhuha": "06:10", "dzuhur": "11:52", "ashr": "15:07", "magrib": "17:54", "isya": "19:04"}, {"tanggal": "2020-09-20", "imsyak": "04:22", "shubuh": "04:32", "terbit": "05:45", "dhuha": "06:09", "dzuhur": "11:52", "ashr": "15:07", "magrib": "17:54", "isya": "19:04"}, {"tanggal": "2020-09-21", "imsyak": "04:21", "shubuh": "04:31", "terbit": "05:45", "dhuha": "06:09", "dzuhur": "11:51", "ashr": "15:06", "magrib": "17:54", "isya": "19:04"}, {"tanggal": "2020-09-22", "imsyak": "04:20", "shubuh": "04:30", "terbit": "05:44", "dhuha": "06:08", "dzuhur": "11:51", "ashr": "15:05", "magrib": "17:54", "isya": "19:04"}, {"tanggal": "2020-09-23", "imsyak": "04:20", "shubuh": "04:30", "terbit": "05:43", "dhuha": "06:07", "dzuhur": "11:51", "ashr": "15:05", "magrib": "17:54", "isya": "19:04"}, {"tanggal": "2020-09-24", "imsyak": "04:19", "shubuh": "04:29", "terbit": "05:43", "dhuha": "06:07", "dzuhur": "11:50", "ashr": "15:04", "magrib": "17:54", "isya": "19:03"}, {"tanggal": "2020-09-25", "imsyak": "04:19", "shubuh": "04:29", "terbit": "05:42", "dhuha": "06:06", "dzuhur": "11:50", "ashr": "15:03", "magrib": "17:54", "isya": "19:03"}, {"tanggal": "2020-09-26", "imsyak": "04:18", "shubuh": "04:28", "terbit": "05:42", "dhuha": "06:06", "dzuhur": "11:50", "ashr": "15:02", "magrib": "17:54", "isya": "19:03"}, {"tanggal": "2020-09-27", "imsyak": "04:17", "shubuh": "04:27", "terbit": "05:41", "dhuha": "06:05", "dzuhur": "11:49", "ashr": "15:02", "magrib": "17:54", "isya": "19:03"}, {"tanggal": "2020-09-28", "imsyak": "04:17", "shubuh": "04:27", "terbit": "05:40", "dhuha": "06:04", "dzuhur": "11:49", "ashr": "15:01", "magrib": "17:53", "isya": "19:03"}, {"tanggal": "2020-09-29", "imsyak": "04:16", "shubuh": "04:26", "terbit": "05:40", "dhuha": "06:04", "dzuhur": "11:49", "ashr": "15:00", "magrib": "17:53", "isya": "19:03"}, {"tanggal": "2020-09-30", "imsyak": "04:15", "shubuh": "04:25", "terbit": "05:39", "dhuha": "06:03", "dzuhur": "11:48", "ashr": "14:59", "magrib": "17:53", "isya": "19:03"}]