[{"tanggal": "2020-10-01", "imsyak": "04:15", "shubuh": "04:25", "terbit": "05:39", "dhuha": "06:03", "dzuhur": "11:48", "ashr": "14:58", "magrib": "17:53", "isya": "19:03"}, {"tanggal": "2020-10-02", "imsyak": "04:14", "shubuh": "04:24", "terbit": "05:38", "dhuha": "06:02", "dzuhur": "11:48", "ashr": "14:58", "magrib": "17:53", "isya": "19:03"}, {"tanggal": "2020-10-03", "imsyak": "04:14", "shubuh": "04:24", "terbit": "05:38", "dhuha": "06:02", "dzuhur": "11:47", "ashr": "14:57", "magrib": "17:53", "isya": "19:03"}, {"tanggal": "2020-10-04", "imsyak": "04:13", "shubuh": "04:23", "terbit": "05:37", "dhuha": "06:01", "dzuhur": "11:47", "ashr": "14:56", "magrib": "17:53", "isya": "19:03"}, {"tanggal": "2020-10-05", "imsyak": "04:12", "shubuh": "04:22", "terbit": "05:36", "dhuha": "06:00", "dzuhur": "11:47", "ashr": "14:55", "magrib": "17:53", "isya": "19:03"}, {"tanggal": "2020-10-06", "imsyak": "04:12", "shubuh": "04:22", "terbit": "05:36", "dhuha": "06:00", "dzuhur": "11:46", "ashr": "14:54", "magrib": "17:53", "isya": "19:03"}, {"tanggal": "2020-10-07", "imsyak": "04:11", "shubuh": "04:21", "terbit": "05:35", "dhuha": "05:59", "dzuhur": "11:46", "ashr": "14:54", "magrib": "17:53", "isya": "19:03"}, {"tanggal": "2020-10-08", "imsyak": "04:11", "shubuh": "04:21", "terbit": "05:35", "dhuha": "05:59", "dzuhur": "11:46", "ashr": "14:53", "magrib": "17:53", "isya": "19:03"}, {"tanggal": "2020-10-09", "imsyak": "04:10", "shubuh": "04:20", "terbit": "05:34", "dhuha": "05:58", "dzuhur": "11:45", "ashr": "14:52", "magrib": "17:53", "isya": "19:03"}, {"tanggal": "2020-10-10", "imsyak": "04:09", "shubuh": "04:19", "terbit": "05:34", "dhuha": "05:58", "dzuhur": "11:45", "ashr": "14:51", "magrib": "17:53", "isya": "19:03"}, {"tanggal": "2020-10-11", "imsyak": "04:09", "shubuh": "04:19", "terbit": "05:33", "dhuha": "05:57", "dzuhur": "11:45", "ashr": "14:50", "magrib": "17:53", "isya": "19:03"}, {"tanggal": "2020-10-12", "imsyak": "04:08", "shubuh": "04:18", "terbit": "05:33", "dhuha": "05:57", "dzuhur": "11:45", "ashr": "14:49", "magrib": "17:53", "isya": "19:03"}, {"tanggal": "2020-10-13", "imsyak": "04:08", "shubuh": "04:18", "terbit": "05:32", "dhuha": "05:56", "dzuhur": "11:44", "ashr": "14:48", "magrib": "17:53", "isya": "19:03"}, {"tanggal": "2020-10-14", "imsyak": "04:07", "shubuh": "04:17", "terbit": "05:32", "dhuha": "05:56", "dzuhur": "11:44", "ashr": "14:48", "magrib": "17:53", "isya": "19:03"}, {"tanggal": "2020-10-15", "imsyak": "04:07", "shubuh": "04:17", "terbit": "05:31", "dhuha": "05:55", "dzuhur": "11:44", "ashr": "14:47", "magrib": "17:53", "isya": "19:03"}, {"tanggal": "2020-10-16", "imsyak": "04:06", "shubuh": "04:16", "terbit": "05:31", "dhuha": "05:55", "dzuhur": "11:44", "ashr": "14:46", "magrib": "17:53", "isya": "19:03"}, {"tanggal": "2020-10-17", "imsyak": "04:05", "shubuh": "04:15", "terbit": "05:30", "dhuha": "05:54", "dzuhur": "11:44", "ashr": "14:47", "magrib": "17:53", "isya": "19:04"}, {"tanggal": "2020-10-18", "imsyak": "04:05", "shubuh": "04:15", "terbit": "05:30", "dhuha": "05:54", "dzuhur": "11:43", "ashr": "14:47", "magrib": "17:53", "isya": "19:04"}, {"tanggal": "2020-10-19", "imsyak": "04:04", "shubuh": "04:14", "terbit": "05:30", "dhuha": "05:54", "dzuhur": "11:43", "ashr": "14:48", "magrib": "17:53", "isya": "19:04"}, {"tanggal": "2020-10-20", "imsyak": "04:04", "shubuh": "04:14", "terbit": "05:29", "dhuha": "05:53", "dzuhur": "11:43", "ashr": "14:49", "magrib": "17:53", "isya": "19:04"}, {"tanggal": "2020-10-21", "imsyak": "04:03", "shubuh": "04:13", "terbit": "05:29", "dhuha": "05:53", "dzuhur": "11:43", "ashr": "14:49", "magrib": "17:53", "isya": "19:04"}, {"tanggal": "2020-10-22", "imsyak": "04:03", "shubuh": "04:13", "terbit": "05:28", "dhuha": "05:52", "dzuhur": "11:43", "ashr": "14:50", "magrib": "17:53", "isya": "19:04"}, {"tanggal": "2020-10-23", "imsyak": "04:02", "shubuh": "04:12", "terbit": "05:28", "dhuha": "05:52", "dzuhur": "11:43", "ashr": "14:50", "magrib": "17:53", "isya": "19:05"}, {"tanggal": "2020-10-24", "imsyak": "04:02", "shubuh": "04:12", "terbit": "05:28", "dhuha": "05:52", "dzuhur": "11:42", "ashr": "14:51", "magrib": "17:53", "isya": "19:05"}, {"tanggal": "2020-10-25", "imsyak": "04:01", "shubuh": "04:11", "terbit": "05:27", "dhuha": "05:51", "dzuhur": "11:42", "ashr": "14:52", "magrib": "17:53", "isya": "19:05"}, {"tanggal": "2020-10-26", "imsyak": "04:01", "shubuh": "04:11", "terbit": "05:27", "dhuha": "05:51", "dzuhur": "11:42", "ashr": "14:52", "magrib": "17:53", "isya": "19:05"}, {"tanggal": "2020-10-27", "imsyak": "04:00", "shubuh": "04:10", "terbit": "05:27", "dhuha": "05:51", "dzuhur": "11:42", "ashr": "14:53", "magrib": "17:54", "isya": "19:05"}, {"tanggal": "2020-10-28", "imsyak": "04:00", "shubuh": "04:10", "terbit": "05:26", "dhuha": "05:50", "dzuhur": "11:42", "ashr": "14:53", "magrib": "17:54", "isya": "19:06"}, {"tanggal": "2020-10-29", "imsyak": "04:00", "shubuh": "04:10", "terbit": "05:26", "dhuha": "05:50", "dzuhur": "11:42", "ashr": "14:54", "magrib": "17:54", "isya": "19:06"}, {"tanggal": "2020-10-30", "imsyak": "03:59", "shubuh": "04:09", "terbit": "05:26", "dhuha": "05:50", "dzuhur": "11:42", "ashr": "14:54", "magrib": "17:54", "isya": "19:06"}, {"tanggal": "2020-10-31", "imsyak": "03:59", "shubuh": "04:09", "terbit": "05:25", "dhuha": "05:49", "dzuhur": "11:42", "ashr": "14:55", "magrib": "17:54", "isya": "19:07"}]