[{"imsyak": "04:16", "shubuh": "04:26", "dzuhur": "11:44", "tanggal": "2020-04-01", "terbit": "05:39", "magrib": "17:45", "isya": "18:55", "dhuha": "06:03", "ashr": "15:01"}, {"imsyak": "04:16", "shubuh": "04:26", "dzuhur": "11:44", "tanggal": "2020-04-02", "terbit": "05:39", "magrib": "17:45", "isya": "18:54", "dhuha": "06:03", "ashr": "15:01"}, {"imsyak": "04:16", "shubuh": "04:26", "dzuhur": "11:44", "tanggal": "2020-04-03", "terbit": "05:39", "magrib": "17:44", "isya": "18:54", "dhuha": "06:03", "ashr": "15:01"}, {"imsyak": "04:16", "shubuh": "04:26", "dzuhur": "11:43", "tanggal": "2020-04-04", "terbit": "05:39", "magrib": "17:44", "isya": "18:53", "dhuha": "06:03", "ashr": "15:01"}, {"imsyak": "04:15", "shubuh": "04:25", "dzuhur": "11:43", "tanggal": "2020-04-05", "terbit": "05:39", "magrib": "17:43", "isya": "18:53", "dhuha": "06:03", "ashr": "15:01"}, {"imsyak": "04:15", "shubuh": "04:25", "dzuhur": "11:43", "tanggal": "2020-04-06", "terbit": "05:39", "magrib": "17:43", "isya": "18:52", "dhuha": "06:03", "ashr": "15:01"}, {"imsyak": "04:15", "shubuh": "04:25", "dzuhur": "11:43", "tanggal": "2020-04-07", "terbit": "05:39", "magrib": "17:42", "isya": "18:52", "dhuha": "06:03", "ashr": "15:01"}, {"imsyak": "04:15", "shubuh": "04:25", "dzuhur": "11:42", "tanggal": "2020-04-08", "terbit": "05:39", "magrib": "17:42", "isya": "18:52", "dhuha": "06:03", "ashr": "15:01"}, {"imsyak": "04:15", "shubuh": "04:25", "dzuhur": "11:42", "tanggal": "2020-04-09", "terbit": "05:39", "magrib": "17:41", "isya": "18:51", "dhuha": "06:03", "ashr": "15:01"}, {"imsyak": "04:15", "shubuh": "04:25", "dzuhur": "11:42", "tanggal": "2020-04-10", "terbit": "05:39", "magrib": "17:41", "isya": "18:51", "dhuha": "06:03", "ashr": "15:00"}, {"imsyak": "04:15", "shubuh": "04:25", "dzuhur": "11:42", "tanggal": "2020-04-11", "terbit": "05:38", "magrib": "17:41", "isya": "18:50", "dhuha": "06:02", "ashr": "15:00"}, {"imsyak": "04:14", "shubuh": "04:24", "dzuhur": "11:41", "tanggal": "2020-04-12", "terbit": "05:38", "magrib": "17:40", "isya": "18:50", "dhuha": "06:02", "ashr": "15:00"}, {"imsyak": "04:14", "shubuh": "04:24", "dzuhur": "11:41", "tanggal": "2020-04-13", "terbit": "05:38", "magrib": "17:40", "isya": "18:50", "dhuha": "06:02", "ashr": "15:00"}, {"imsyak": "04:14", "shubuh": "04:24", "dzuhur": "11:41", "tanggal": "2020-04-14", "terbit": "05:38", "magrib": "17:39", "isya": "18:49", "dhuha": "06:02", "ashr": "15:00"}, {"imsyak": "04:14", "shubuh": "04:24", "dzuhur": "11:41", "tanggal": "2020-04-15", "terbit": "05:38", "magrib": "17:39", "isya": "18:49", "dhuha": "06:02", "ashr": "15:00"}, {"imsyak": "04:14", "shubuh": "04:24", "dzuhur": "11:40", "tanggal": "2020-04-16", "terbit": "05:38", "magrib": "17:38", "isya": "18:48", "dhuha": "06:02", "ashr": "15:00"}, {"imsyak": "04:14", "shubuh": "04:24", "dzuhur": "11:40", "tanggal": "2020-04-17", "terbit": "05:38", "magrib": "17:38", "isya": "18:48", "dhuha": "06:02", "ashr": "15:00"}, {"imsyak": "04:14", "shubuh": "04:24", "dzuhur": "11:40", "tanggal": "2020-04-18", "terbit": "05:38", "magrib": "17:38", "isya": "18:48", "dhuha": "06:02", "ashr": "15:00"}, {"imsyak": "04:13", "shubuh": "04:23", "dzuhur": "11:40", "tanggal": "2020-04-19", "terbit": "05:38", "magrib": "17:37", "isya": "18:47", "dhuha": "06:02", "ashr": "15:00"}, {"imsyak": "04:13", "shubuh": "04:23", "dzuhur": "11:39", "tanggal": "2020-04-20", "terbit": "05:38", "magrib": "17:37", "isya": "18:47", "dhuha": "06:02", "ashr": "15:00"}, {"imsyak": "04:13", "shubuh": "04:23", "dzuhur": "11:39", "tanggal": "2020-04-21", "terbit": "05:38", "magrib": "17:36", "isya": "18:47", "dhuha": "06:02", "ashr": "15:00"}, {"imsyak": "04:13", "shubuh": "04:23", "dzuhur": "11:39", "tanggal": "2020-04-22", "terbit": "05:38", "magrib": "17:36", "isya": "18:47", "dhuha": "06:02", "ashr": "15:00"}, {"imsyak": "04:13", "shubuh": "04:23", "dzuhur": "11:39", "tanggal": "2020-04-23", "terbit": "05:38", "magrib": "17:36", "isya": "18:46", "dhuha": "06:02", "ashr": "15:00"}, {"imsyak": "04:13", "shubuh": "04:23", "dzuhur": "11:39", "tanggal": "2020-04-24", "terbit": "05:38", "magrib": "17:35", "isya": "18:46", "dhuha": "06:02", "ashr": "14:59"}, {"imsyak": "04:13", "shubuh": "04:23", "dzuhur": "11:38", "tanggal": "2020-04-25", "terbit": "05:38", "magrib": "17:35", "isya": "18:46", "dhuha": "06:02", "ashr": "14:59"}, {"imsyak": "04:13", "shubuh": "04:23", "dzuhur": "11:38", "tanggal": "2020-04-26", "terbit": "05:38", "magrib": "17:35", "isya": "18:46", "dhuha": "06:02", "ashr": "14:59"}, {"imsyak": "04:13", "shubuh": "04:23", "dzuhur": "11:38", "tanggal": "2020-04-27", "terbit": "05:38", "magrib": "17:34", "isya": "18:45", "dhuha": "06:02", "ashr": "14:59"}, {"imsyak": "04:13", "shubuh": "04:23", "dzuhur": "11:38", "tanggal": "2020-04-28", "terbit": "05:38", "magrib": "17:34", "isya": "18:45", "dhuha": "06:02", "ashr": "14:59"}, {"imsyak": "04:12", "shubuh": "04:22", "dzuhur": "11:38", "tanggal": "2020-04-29", "terbit": "05:38", "magrib": "17:34", "isya": "18:45", "dhuha": "06:02", "ashr": "14:59"}, {"imsyak": "04:12", "shubuh": "04:22", "dzuhur": "11:38", "tanggal": "2020-04-30", "terbit": "05:38", "magrib": "17:33", "isya": "18:45", "dhuha": "06:02", "ashr": "14:59"}]