[{"imsyak": "04:12", "shubuh": "04:22", "dzuhur": "11:38", "tanggal": "2020-05-01", "terbit": "05:38", "magrib": "17:33", "isya": "18:45", "dhuha": "06:02", "ashr": "14:59"}, {"imsyak": "04:12", "shubuh": "04:22", "dzuhur": "11:37", "tanggal": "2020-05-02", "terbit": "05:38", "magrib": "17:33", "isya": "18:44", "dhuha": "06:02", "ashr": "14:59"}, {"imsyak": "04:12", "shubuh": "04:22", "dzuhur": "11:37", "tanggal": "2020-05-03", "terbit": "05:38", "magrib": "17:33", "isya": "18:44", "dhuha": "06:02", "ashr": "14:59"}, {"imsyak": "04:12", "shubuh": "04:22", "dzuhur": "11:37", "tanggal": "2020-05-04", "terbit": "05:38", "magrib": "17:32", "isya": "18:44", "dhuha": "06:02", "ashr": "14:59"}, {"imsyak": "04:12", "shubuh": "04:22", "dzuhur": "11:37", "tanggal": "2020-05-05", "terbit": "05:38", "magrib": "17:32", "isya": "18:44", "dhuha": "06:02", "ashr": "14:59"}, {"imsyak": "04:12", "shubuh": "04:22", "dzuhur": "11:37", "tanggal": "2020-05-06", "terbit": "05:38", "magrib": "17:32", "isya": "18:44", "dhuha": "06:02", "ashr": "14:59"}, {"imsyak": "04:12", "shubuh": "04:22", "dzuhur": "11:37", "tanggal": "2020-05-07", "terbit": "05:38", "magrib": "17:32", "isya": "18:44", "dhuha": "06:02", "ashr": "14:59"}, {"imsyak": "04:12", "shubuh": "04:22", "dzuhur": "11:37", "tanggal": "2020-05-08", "terbit": "05:38", "magrib": "17:31", "isya": "18:44", "dhuha": "06:02", "ashr": "14:59"}, {"imsyak": "04:12", "shubuh": "04:22", "dzuhur": "11:37", "tanggal": "2020-05-09", "terbit": "05:38", "magrib": "17:31", "isya": "18:43", "dhuha": "06:02", "ashr": "14:59"}, {"imsyak": "04:12", "shubuh": "04:22", "dzuhur": "11:37", "tanggal": "2020-05-10", "terbit": "05:39", "magrib": "17:31", "isya": "18:43", "dhuha": "06:03", "ashr": "14:58"}, {"imsyak": "04:12", "shubuh": "04:22", "dzuhur": "11:37", "tanggal": "2020-05-11", "terbit": "05:39", "magrib": "17:31", "isya": "18:43", "dhuha": "06:03", "ashr": "14:58"}, {"imsyak": "04:12", "shubuh": "04:22", "dzuhur": "11:37", "tanggal": "2020-05-12", "terbit": "05:39", "magrib": "17:31", "isya": "18:43", "dhuha": "06:03", "ashr": "14:58"}, {"imsyak": "04:12", "shubuh": "04:22", "dzuhur": "11:37", "tanggal": "2020-05-13", "terbit": "05:39", "magrib": "17:31", "isya": "18:43", "dhuha": "06:03", "ashr": "14:58"}, {"imsyak": "04:12", "shubuh": "04:22", "dzuhur": "11:37", "tanggal": "2020-05-14", "terbit": "05:39", "magrib": "17:30", "isya": "18:43", "dhuha": "06:03", "ashr": "14:58"}, {"imsyak": "04:12", "shubuh": "04:22", "dzuhur": "11:37", "tanggal": "2020-05-15", "terbit": "05:39", "magrib": "17:30", "isya": "18:43", "dhuha": "06:03", "ashr": "14:58"}, {"imsyak": "04:12", "shubuh": "04:22", "dzuhur": "11:37", "tanggal": "2020-05-16", "terbit": "05:39", "magrib": "17:30", "isya": "18:43", "dhuha": "06:03", "ashr": "14:58"}, {"imsyak": "04:12", "shubuh": "04:22", "dzuhur": "11:37", "tanggal": "2020-05-17", "terbit": "05:39", "magrib": "17:30", "isya": "18:43", "dhuha": "06:03", "ashr": "14:58"}, {"imsyak": "04:12", "shubuh": "04:22", "dzuhur": "11:37", "tanggal": "2020-05-18", "terbit": "05:40", "magrib": "17:30", "isya": "18:43", "dhuha": "06:04", "ashr": "14:58"}, {"imsyak": "04:12", "shubuh": "04:22", "dzuhur": "11:37", "tanggal": "2020-05-19", "terbit": "05:40", "magrib": "17:30", "isya": "18:43", "dhuha": "06:04", "ashr": "14:59"}, {"imsyak": "04:12", "shubuh": "04:22", "dzuhur": "11:37", "tanggal": "2020-05-20", "terbit": "05:40", "magrib": "17:30", "isya": "18:43", "dhuha": "06:04", "ashr": "14:59"}, {"imsyak": "04:12", "shubuh": "04:22", "dzuhur": "11:37", "tanggal": "2020-05-21", "terbit": "05:40", "magrib": "17:30", "isya": "18:43", "dhuha": "06:04", "ashr": "14:59"}, {"imsyak": "04:12", "shubuh": "04:22", "dzuhur": "11:37", "tanggal": "2020-05-22", "terbit": "05:40", "magrib": "17:30", "isya": "18:43", "dhuha": "06:04", "ashr": "14:59"}, {"imsyak": "04:12", "shubuh": "04:22", "dzuhur": "11:37", "tanggal": "2020-05-23", "terbit": "05:41", "magrib": "17:30", "isya": "18:43", "dhuha": "06:05", "ashr": "14:59"}, {"imsyak": "04:12", "shubuh": "04:22", "dzuhur": "11:37", "tanggal": "2020-05-24", "terbit": "05:41", "magrib": "17:30", "isya": "18:43", "dhuha": "06:05", "ashr": "14:59"}, {"imsyak": "04:13", "shubuh": "04:23", "dzuhur": "11:37", "tanggal": "2020-05-25", "terbit": "05:41", "magrib": "17:30", "isya": "18:44", "dhuha": "06:05", "ashr": "14:59"}, {"imsyak": "04:13", "shubuh": "04:23", "dzuhur": "11:37", "tanggal": "2020-05-26", "terbit": "05:41", "magrib": "17:30", "isya": "18:44", "dhuha": "06:05", "ashr": "14:59"}, {"imsyak": "04:13", "shubuh": "04:23", "dzuhur": "11:38", "tanggal": "2020-05-27", "terbit": "05:41", "magrib": "17:30", "isya": "18:44", "dhuha": "06:05", "ashr": "14:59"}, {"imsyak": "04:13", "shubuh": "04:23", "dzuhur": "11:38", "tanggal": "2020-05-28", "terbit": "05:42", "magrib": "17:30", "isya": "18:44", "dhuha": "06:06", "ashr": "14:59"}, {"imsyak": "04:13", "shubuh": "04:23", "dzuhur": "11:38", "tanggal": "2020-05-29", "terbit": "05:42", "magrib": "17:30", "isya": "18:44", "dhuha": "06:06", "ashr": "14:59"}, {"imsyak": "04:13", "shubuh": "04:23", "dzuhur": "11:38", "tanggal": "2020-05-30", "terbit": "05:42", "magrib": "17:30", "isya": "18:44", "dhuha": "06:06", "ashr": "14:59"}, {"imsyak": "04:13", "shubuh": "04:23", "dzuhur": "11:38", "tanggal": "2020-05-31", "terbit": "05:42", "magrib": "17:30", "isya": "18:44", "dhuha": "06:06", "ashr": "14:59"}]