[{"imsyak": "04:13", "shubuh": "04:23", "dzuhur": "11:38", "tanggal": "2020-06-01", "terbit": "05:42", "magrib": "17:30", "isya": "18:44", "dhuha": "06:06", "ashr": "15:00"}, {"imsyak": "04:14", "shubuh": "04:24", "dzuhur": "11:38", "tanggal": "2020-06-02", "terbit": "05:43", "magrib": "17:30", "isya": "18:45", "dhuha": "06:07", "ashr": "15:00"}, {"imsyak": "04:14", "shubuh": "04:24", "dzuhur": "11:39", "tanggal": "2020-06-03", "terbit": "05:43", "magrib": "17:30", "isya": "18:45", "dhuha": "06:07", "ashr": "15:00"}, {"imsyak": "04:14", "shubuh": "04:24", "dzuhur": "11:39", "tanggal": "2020-06-04", "terbit": "05:43", "magrib": "17:30", "isya": "18:45", "dhuha": "06:07", "ashr": "15:00"}, {"imsyak": "04:14", "shubuh": "04:24", "dzuhur": "11:39", "tanggal": "2020-06-05", "terbit": "05:43", "magrib": "17:30", "isya": "18:45", "dhuha": "06:07", "ashr": "15:00"}, {"imsyak": "04:14", "shubuh": "04:24", "dzuhur": "11:39", "tanggal": "2020-06-06", "terbit": "05:44", "magrib": "17:31", "isya": "18:45", "dhuha": "06:08", "ashr": "15:00"}, {"imsyak": "04:14", "shubuh": "04:24", "dzuhur": "11:39", "tanggal": "2020-06-07", "terbit": "05:44", "magrib": "17:31", "isya": "18:45", "dhuha": "06:08", "ashr": "15:00"}, {"imsyak": "04:15", "shubuh": "04:25", "dzuhur": "11:39", "tanggal": "2020-06-08", "terbit": "05:44", "magrib": "17:31", "isya": "18:46", "dhuha": "06:08", "ashr": "15:01"}, {"imsyak": "04:15", "shubuh": "04:25", "dzuhur": "11:40", "tanggal": "2020-06-09", "terbit": "05:44", "magrib": "17:31", "isya": "18:46", "dhuha": "06:08", "ashr": "15:01"}, {"imsyak": "04:15", "shubuh": "04:25", "dzuhur": "11:40", "tanggal": "2020-06-10", "terbit": "05:45", "magrib": "17:31", "isya": "18:46", "dhuha": "06:09", "ashr": "15:01"}, {"imsyak": "04:15", "shubuh": "04:25", "dzuhur": "11:40", "tanggal": "2020-06-11", "terbit": "05:45", "magrib": "17:31", "isya": "18:46", "dhuha": "06:09", "ashr": "15:01"}, {"imsyak": "04:15", "shubuh": "04:25", "dzuhur": "11:40", "tanggal": "2020-06-12", "terbit": "05:45", "magrib": "17:31", "isya": "18:46", "dhuha": "06:09", "ashr": "15:01"}, {"imsyak": "04:16", "shubuh": "04:26", "dzuhur": "11:40", "tanggal": "2020-06-13", "terbit": "05:45", "magrib": "17:32", "isya": "18:47", "dhuha": "06:09", "ashr": "15:02"}, {"imsyak": "04:16", "shubuh": "04:26", "dzuhur": "11:41", "tanggal": "2020-06-14", "terbit": "05:46", "magrib": "17:32", "isya": "18:47", "dhuha": "06:10", "ashr": "15:02"}, {"imsyak": "04:16", "shubuh": "04:26", "dzuhur": "11:41", "tanggal": "2020-06-15", "terbit": "05:46", "magrib": "17:32", "isya": "18:47", "dhuha": "06:10", "ashr": "15:02"}, {"imsyak": "04:16", "shubuh": "04:26", "dzuhur": "11:41", "tanggal": "2020-06-16", "terbit": "05:46", "magrib": "17:32", "isya": "18:47", "dhuha": "06:10", "ashr": "15:02"}, {"imsyak": "04:16", "shubuh": "04:26", "dzuhur": "11:41", "tanggal": "2020-06-17", "terbit": "05:46", "magrib": "17:32", "isya": "18:47", "dhuha": "06:10", "ashr": "15:02"}, {"imsyak": "04:17", "shubuh": "04:27", "dzuhur": "11:42", "tanggal": "2020-06-18", "terbit": "05:46", "magrib": "17:33", "isya": "18:48", "dhuha": "06:10", "ashr": "15:03"}, {"imsyak": "04:17", "shubuh": "04:27", "dzuhur": "11:42", "tanggal": "2020-06-19", "terbit": "05:47", "magrib": "17:33", "isya": "18:48", "dhuha": "06:11", "ashr": "15:03"}, {"imsyak": "04:17", "shubuh": "04:27", "dzuhur": "11:42", "tanggal": "2020-06-20", "terbit": "05:47", "magrib": "17:33", "isya": "18:48", "dhuha": "06:11", "ashr": "15:03"}, {"imsyak": "04:17", "shubuh": "04:27", "dzuhur": "11:42", "tanggal": "2020-06-21", "terbit": "05:47", "magrib": "17:33", "isya": "18:48", "dhuha": "06:11", "ashr": "15:03"}, {"imsyak": "04:18", "shubuh": "04:28", "dzuhur": "11:42", "tanggal": "2020-06-22", "terbit": "05:47", "magrib": "17:33", "isya": "18:49", "dhuha": "06:11", "ashr": "15:03"}, {"imsyak": "04:18", "shubuh": "04:28", "dzuhur": "11:43", "tanggal": "2020-06-23", "terbit": "05:48", "magrib": "17:34", "isya": "18:49", "dhuha": "06:12", "ashr": "15:04"}, {"imsyak": "04:18", "shubuh": "04:28", "dzuhur": "11:43", "tanggal": "2020-06-24", "terbit": "05:48", "magrib": "17:34", "isya": "18:49", "dhuha": "06:12", "ashr": "15:04"}, {"imsyak": "04:18", "shubuh": "04:28", "dzuhur": "11:43", "tanggal": "2020-06-25", "terbit": "05:48", "magrib": "17:34", "isya": "18:49", "dhuha": "06:12", "ashr": "15:04"}, {"imsyak": "04:18", "shubuh": "04:28", "dzuhur": "11:43", "tanggal": "2020-06-26", "terbit": "05:48", "magrib": "17:34", "isya": "18:49", "dhuha": "06:12", "ashr": "15:04"}, {"imsyak": "04:19", "shubuh": "04:29", "dzuhur": "11:43", "tanggal": "2020-06-27", "terbit": "05:48", "magrib": "17:35", "isya": "18:50", "dhuha": "06:12", "ashr": "15:05"}, {"imsyak": "04:19", "shubuh": "04:29", "dzuhur": "11:44", "tanggal": "2020-06-28", "terbit": "05:49", "magrib": "17:35", "isya": "18:50", "dhuha": "06:13", "ashr": "15:05"}, {"imsyak": "04:19", "shubuh": "04:29", "dzuhur": "11:44", "tanggal": "2020-06-29", "terbit": "05:49", "magrib": "17:35", "isya": "18:50", "dhuha": "06:13", "ashr": "15:05"}, {"imsyak": "04:19", "shubuh": "04:29", "dzuhur": "11:44", "tanggal": "2020-06-30", "terbit": "05:49", "magrib": "17:35", "isya": "18:50", "dhuha": "06:13", "ashr": "15:05"}]