[{"imsyak": "04:19", "shubuh": "04:29", "dzuhur": "11:44", "tanggal": "2020-07-01", "terbit": "05:49", "magrib": "17:36", "isya": "18:50", "dhuha": "06:13", "ashr": "15:05"}, {"imsyak": "04:20", "shubuh": "04:30", "dzuhur": "11:44", "tanggal": "2020-07-02", "terbit": "05:49", "magrib": "17:36", "isya": "18:51", "dhuha": "06:13", "ashr": "15:06"}, {"imsyak": "04:20", "shubuh": "04:30", "dzuhur": "11:45", "tanggal": "2020-07-03", "terbit": "05:49", "magrib": "17:36", "isya": "18:51", "dhuha": "06:13", "ashr": "15:06"}, {"imsyak": "04:20", "shubuh": "04:30", "dzuhur": "11:45", "tanggal": "2020-07-04", "terbit": "05:49", "magrib": "17:36", "isya": "18:51", "dhuha": "06:13", "ashr": "15:06"}, {"imsyak": "04:20", "shubuh": "04:30", "dzuhur": "11:45", "tanggal": "2020-07-05", "terbit": "05:50", "magrib": "17:36", "isya": "18:51", "dhuha": "06:14", "ashr": "15:06"}, {"imsyak": "04:20", "shubuh": "04:30", "dzuhur": "11:45", "tanggal": "2020-07-06", "terbit": "05:50", "magrib": "17:37", "isya": "18:51", "dhuha": "06:14", "ashr": "15:06"}, {"imsyak": "04:21", "shubuh": "04:31", "dzuhur": "11:45", "tanggal": "2020-07-07", "terbit": "05:50", "magrib": "17:37", "isya": "18:51", "dhuha": "06:14", "ashr": "15:07"}, {"imsyak": "04:21", "shubuh": "04:31", "dzuhur": "11:45", "tanggal": "2020-07-08", "terbit": "05:50", "magrib": "17:37", "isya": "18:52", "dhuha": "06:14", "ashr": "15:07"}, {"imsyak": "04:21", "shubuh": "04:31", "dzuhur": "11:46", "tanggal": "2020-07-09", "terbit": "05:50", "magrib": "17:37", "isya": "18:52", "dhuha": "06:14", "ashr": "15:07"}, {"imsyak": "04:21", "shubuh": "04:31", "dzuhur": "11:46", "tanggal": "2020-07-10", "terbit": "05:50", "magrib": "17:38", "isya": "18:52", "dhuha": "06:14", "ashr": "15:07"}, {"imsyak": "04:21", "shubuh": "04:31", "dzuhur": "11:46", "tanggal": "2020-07-11", "terbit": "05:50", "magrib": "17:38", "isya": "18:52", "dhuha": "06:14", "ashr": "15:07"}, {"imsyak": "04:21", "shubuh": "04:31", "dzuhur": "11:46", "tanggal": "2020-07-12", "terbit": "05:50", "magrib": "17:38", "isya": "18:52", "dhuha": "06:14", "ashr": "15:08"}, {"imsyak": "04:21", "shubuh": "04:31", "dzuhur": "11:46", "tanggal": "2020-07-13", "terbit": "05:50", "magrib": "17:38", "isya": "18:52", "dhuha": "06:14", "ashr": "15:08"}, {"imsyak": "04:22", "shubuh": "04:32", "dzuhur": "11:46", "tanggal": "2020-07-14", "terbit": "05:50", "magrib": "17:38", "isya": "18:52", "dhuha": "06:14", "ashr": "15:08"}, {"imsyak": "04:22", "shubuh": "04:32", "dzuhur": "11:46", "tanggal": "2020-07-15", "terbit": "05:50", "magrib": "17:39", "isya": "18:53", "dhuha": "06:14", "ashr": "15:08"}, {"imsyak": "04:22", "shubuh": "04:32", "dzuhur": "11:47", "tanggal": "2020-07-16", "terbit": "05:50", "magrib": "17:39", "isya": "18:53", "dhuha": "06:14", "ashr": "15:08"}, {"imsyak": "04:22", "shubuh": "04:32", "dzuhur": "11:47", "tanggal": "2020-07-17", "terbit": "05:50", "magrib": "17:39", "isya": "18:53", "dhuha": "06:14", "ashr": "15:08"}, {"imsyak": "04:22", "shubuh": "04:32", "dzuhur": "11:47", "tanggal": "2020-07-18", "terbit": "05:50", "magrib": "17:39", "isya": "18:53", "dhuha": "06:14", "ashr": "15:08"}, {"imsyak": "04:22", "shubuh": "04:32", "dzuhur": "11:47", "tanggal": "2020-07-19", "terbit": "05:50", "magrib": "17:39", "isya": "18:53", "dhuha": "06:14", "ashr": "15:08"}, {"imsyak": "04:22", "shubuh": "04:32", "dzuhur": "11:47", "tanggal": "2020-07-20", "terbit": "05:50", "magrib": "17:39", "isya": "18:53", "dhuha": "06:14", "ashr": "15:08"}, {"imsyak": "04:22", "shubuh": "04:32", "dzuhur": "11:47", "tanggal": "2020-07-21", "terbit": "05:50", "magrib": "17:40", "isya": "18:53", "dhuha": "06:14", "ashr": "15:09"}, {"imsyak": "04:22", "shubuh": "04:32", "dzuhur": "11:47", "tanggal": "2020-07-22", "terbit": "05:50", "magrib": "17:40", "isya": "18:53", "dhuha": "06:14", "ashr": "15:09"}, {"imsyak": "04:22", "shubuh": "04:32", "dzuhur": "11:47", "tanggal": "2020-07-23", "terbit": "05:50", "magrib": "17:40", "isya": "18:53", "dhuha": "06:14", "ashr": "15:09"}, {"imsyak": "04:22", "shubuh": "04:32", "dzuhur": "11:47", "tanggal": "2020-07-24", "terbit": "05:50", "magrib": "17:40", "isya": "18:53", "dhuha": "06:14", "ashr": "15:09"}, {"imsyak": "04:22", "shubuh": "04:32", "dzuhur": "11:47", "tanggal": "2020-07-25", "terbit": "05:50", "magrib": "17:40", "isya": "18:53", "dhuha": "06:14", "ashr": "15:09"}, {"imsyak": "04:22", "shubuh": "04:32", "dzuhur": "11:47", "tanggal": "2020-07-26", "terbit": "05:50", "magrib": "17:40", "isya": "18:53", "dhuha": "06:14", "ashr": "15:09"}, {"imsyak": "04:22", "shubuh": "04:32", "dzuhur": "11:47", "tanggal": "2020-07-27", "terbit": "05:50", "magrib": "17:40", "isya": "18:53", "dhuha": "06:14", "ashr": "15:09"}, {"imsyak": "04:22", "shubuh": "04:32", "dzuhur": "11:47", "tanggal": "2020-07-28", "terbit": "05:49", "magrib": "17:40", "isya": "18:53", "dhuha": "06:13", "ashr": "15:09"}, {"imsyak": "04:22", "shubuh": "04:32", "dzuhur": "11:47", "tanggal": "2020-07-29", "terbit": "05:49", "magrib": "17:41", "isya": "18:53", "dhuha": "06:13", "ashr": "15:09"}, {"imsyak": "04:22", "shubuh": "04:32", "dzuhur": "11:47", "tanggal": "2020-07-30", "terbit": "05:49", "magrib": "17:41", "isya": "18:53", "dhuha": "06:13", "ashr": "15:09"}, {"imsyak": "04:22", "shubuh": "04:32", "dzuhur": "11:47", "tanggal": "2020-07-31", "terbit": "05:49", "magrib": "17:41", "isya": "18:53", "dhuha": "06:13", "ashr": "15:09"}]