[{"imsyak": "04:22", "shubuh": "04:32", "dzuhur": "11:47", "tanggal": "2020-08-01", "terbit": "05:49", "magrib": "17:41", "isya": "18:53", "dhuha": "06:13", "ashr": "15:09"}, {"imsyak": "04:22", "shubuh": "04:32", "dzuhur": "11:47", "tanggal": "2020-08-02", "terbit": "05:49", "magrib": "17:41", "isya": "18:53", "dhuha": "06:13", "ashr": "15:08"}, {"imsyak": "04:22", "shubuh": "04:32", "dzuhur": "11:47", "tanggal": "2020-08-03", "terbit": "05:48", "magrib": "17:41", "isya": "18:53", "dhuha": "06:12", "ashr": "15:08"}, {"imsyak": "04:22", "shubuh": "04:32", "dzuhur": "11:47", "tanggal": "2020-08-04", "terbit": "05:48", "magrib": "17:41", "isya": "18:53", "dhuha": "06:12", "ashr": "15:08"}, {"imsyak": "04:21", "shubuh": "04:31", "dzuhur": "11:46", "tanggal": "2020-08-05", "terbit": "05:48", "magrib": "17:41", "isya": "18:53", "dhuha": "06:12", "ashr": "15:08"}, {"imsyak": "04:21", "shubuh": "04:31", "dzuhur": "11:46", "tanggal": "2020-08-06", "terbit": "05:48", "magrib": "17:41", "isya": "18:53", "dhuha": "06:12", "ashr": "15:08"}, {"imsyak": "04:21", "shubuh": "04:31", "dzuhur": "11:46", "tanggal": "2020-08-07", "terbit": "05:47", "magrib": "17:41", "isya": "18:53", "dhuha": "06:11", "ashr": "15:08"}, {"imsyak": "04:21", "shubuh": "04:31", "dzuhur": "11:46", "tanggal": "2020-08-08", "terbit": "05:47", "magrib": "17:41", "isya": "18:53", "dhuha": "06:11", "ashr": "15:08"}, {"imsyak": "04:21", "shubuh": "04:31", "dzuhur": "11:46", "tanggal": "2020-08-09", "terbit": "05:47", "magrib": "17:41", "isya": "18:53", "dhuha": "06:11", "ashr": "15:08"}, {"imsyak": "04:21", "shubuh": "04:31", "dzuhur": "11:46", "tanggal": "2020-08-10", "terbit": "05:47", "magrib": "17:41", "isya": "18:53", "dhuha": "06:11", "ashr": "15:07"}, {"imsyak": "04:20", "shubuh": "04:30", "dzuhur": "11:46", "tanggal": "2020-08-11", "terbit": "05:46", "magrib": "17:41", "isya": "18:53", "dhuha": "06:10", "ashr": "15:07"}, {"imsyak": "04:20", "shubuh": "04:30", "dzuhur": "11:46", "tanggal": "2020-08-12", "terbit": "05:46", "magrib": "17:41", "isya": "18:53", "dhuha": "06:10", "ashr": "15:07"}, {"imsyak": "04:20", "shubuh": "04:30", "dzuhur": "11:45", "tanggal": "2020-08-13", "terbit": "05:46", "magrib": "17:41", "isya": "18:52", "dhuha": "06:10", "ashr": "15:07"}, {"imsyak": "04:20", "shubuh": "04:30", "dzuhur": "11:45", "tanggal": "2020-08-14", "terbit": "05:45", "magrib": "17:41", "isya": "18:52", "dhuha": "06:09", "ashr": "15:06"}, {"imsyak": "04:20", "shubuh": "04:30", "dzuhur": "11:45", "tanggal": "2020-08-15", "terbit": "05:45", "magrib": "17:41", "isya": "18:52", "dhuha": "06:09", "ashr": "15:06"}, {"imsyak": "04:19", "shubuh": "04:29", "dzuhur": "11:45", "tanggal": "2020-08-16", "terbit": "05:45", "magrib": "17:41", "isya": "18:52", "dhuha": "06:09", "ashr": "15:06"}, {"imsyak": "04:19", "shubuh": "04:29", "dzuhur": "11:45", "tanggal": "2020-08-17", "terbit": "05:44", "magrib": "17:41", "isya": "18:52", "dhuha": "06:08", "ashr": "15:06"}, {"imsyak": "04:19", "shubuh": "04:29", "dzuhur": "11:44", "tanggal": "2020-08-18", "terbit": "05:44", "magrib": "17:41", "isya": "18:52", "dhuha": "06:08", "ashr": "15:05"}, {"imsyak": "04:18", "shubuh": "04:28", "dzuhur": "11:44", "tanggal": "2020-08-19", "terbit": "05:43", "magrib": "17:41", "isya": "18:52", "dhuha": "06:07", "ashr": "15:05"}, {"imsyak": "04:18", "shubuh": "04:28", "dzuhur": "11:44", "tanggal": "2020-08-20", "terbit": "05:43", "magrib": "17:41", "isya": "18:51", "dhuha": "06:07", "ashr": "15:05"}, {"imsyak": "04:18", "shubuh": "04:28", "dzuhur": "11:44", "tanggal": "2020-08-21", "terbit": "05:43", "magrib": "17:41", "isya": "18:51", "dhuha": "06:07", "ashr": "15:04"}, {"imsyak": "04:17", "shubuh": "04:27", "dzuhur": "11:43", "tanggal": "2020-08-22", "terbit": "05:42", "magrib": "17:41", "isya": "18:51", "dhuha": "06:06", "ashr": "15:04"}, {"imsyak": "04:17", "shubuh": "04:27", "dzuhur": "11:43", "tanggal": "2020-08-23", "terbit": "05:42", "magrib": "17:41", "isya": "18:51", "dhuha": "06:06", "ashr": "15:04"}, {"imsyak": "04:17", "shubuh": "04:27", "dzuhur": "11:43", "tanggal": "2020-08-24", "terbit": "05:41", "magrib": "17:41", "isya": "18:51", "dhuha": "06:05", "ashr": "15:03"}, {"imsyak": "04:16", "shubuh": "04:26", "dzuhur": "11:43", "tanggal": "2020-08-25", "terbit": "05:41", "magrib": "17:40", "isya": "18:51", "dhuha": "06:05", "ashr": "15:03"}, {"imsyak": "04:16", "shubuh": "04:26", "dzuhur": "11:42", "tanggal": "2020-08-26", "terbit": "05:40", "magrib": "17:40", "isya": "18:50", "dhuha": "06:04", "ashr": "15:02"}, {"imsyak": "04:16", "shubuh": "04:26", "dzuhur": "11:42", "tanggal": "2020-08-27", "terbit": "05:40", "magrib": "17:40", "isya": "18:50", "dhuha": "06:04", "ashr": "15:02"}, {"imsyak": "04:15", "shubuh": "04:25", "dzuhur": "11:42", "tanggal": "2020-08-28", "terbit": "05:39", "magrib": "17:40", "isya": "18:50", "dhuha": "06:03", "ashr": "15:01"}, {"imsyak": "04:15", "shubuh": "04:25", "dzuhur": "11:41", "tanggal": "2020-08-29", "terbit": "05:39", "magrib": "17:40", "isya": "18:50", "dhuha": "06:03", "ashr": "15:01"}, {"imsyak": "04:14", "shubuh": "04:24", "dzuhur": "11:41", "tanggal": "2020-08-30", "terbit": "05:38", "magrib": "17:40", "isya": "18:50", "dhuha": "06:02", "ashr": "15:00"}, {"imsyak": "04:14", "shubuh": "04:24", "dzuhur": "11:41", "tanggal": "2020-08-31", "terbit": "05:38", "magrib": "17:40", "isya": "18:50", "dhuha": "06:02", "ashr": "15:00"}]