[{"tanggal": "2020-11-01", "imsyak": "03:43", "shubuh": "03:53", "terbit": "05:09", "dhuha": "05:33", "dzuhur": "11:24", "ashr": "14:39", "magrib": "17:35", "isya": "18:47"}, {"tanggal": "2020-11-02", "imsyak": "03:42", "shubuh": "03:52", "terbit": "05:09", "dhuha": "05:33", "dzuhur": "11:24", "ashr": "14:40", "magrib": "17:35", "isya": "18:47"}, {"tanggal": "2020-11-03", "imsyak": "03:42", "shubuh": "03:52", "terbit": "05:09", "dhuha": "05:33", "dzuhur": "11:24", "ashr": "14:40", "magrib": "17:35", "isya": "18:48"}, {"tanggal": "2020-11-04", "imsyak": "03:42", "shubuh": "03:52", "terbit": "05:09", "dhuha": "05:33", "dzuhur": "11:24", "ashr": "14:41", "magrib": "17:36", "isya": "18:48"}, {"tanggal": "2020-11-05", "imsyak": "03:41", "shubuh": "03:51", "terbit": "05:08", "dhuha": "05:32", "dzuhur": "11:24", "ashr": "14:41", "magrib": "17:36", "isya": "18:48"}, {"tanggal": "2020-11-06", "imsyak": "03:41", "shubuh": "03:51", "terbit": "05:08", "dhuha": "05:32", "dzuhur": "11:24", "ashr": "14:42", "magrib": "17:36", "isya": "18:49"}, {"tanggal": "2020-11-07", "imsyak": "03:41", "shubuh": "03:51", "terbit": "05:08", "dhuha": "05:32", "dzuhur": "11:24", "ashr": "14:42", "magrib": "17:36", "isya": "18:49"}, {"tanggal": "2020-11-08", "imsyak": "03:40", "shubuh": "03:50", "terbit": "05:08", "dhuha": "05:32", "dzuhur": "11:24", "ashr": "14:43", "magrib": "17:36", "isya": "18:49"}, {"tanggal": "2020-11-09", "imsyak": "03:40", "shubuh": "03:50", "terbit": "05:08", "dhuha": "05:32", "dzuhur": "11:24", "ashr": "14:43", "magrib": "17:37", "isya": "18:50"}, {"tanggal": "2020-11-10", "imsyak": "03:40", "shubuh": "03:50", "terbit": "05:08", "dhuha": "05:32", "dzuhur": "11:24", "ashr": "14:44", "magrib": "17:37", "isya": "18:50"}, {"tanggal": "2020-11-11", "imsyak": "03:40", "shubuh": "03:50", "terbit": "05:08", "dhuha": "05:32", "dzuhur": "11:24", "ashr": "14:44", "magrib": "17:37", "isya": "18:51"}, {"tanggal": "2020-11-12", "imsyak": "03:40", "shubuh": "03:50", "terbit": "05:08", "dhuha": "05:32", "dzuhur": "11:25", "ashr": "14:45", "magrib": "17:37", "isya": "18:51"}, {"tanggal": "2020-11-13", "imsyak": "03:39", "shubuh": "03:49", "terbit": "05:08", "dhuha": "05:32", "dzuhur": "11:25", "ashr": "14:45", "magrib": "17:38", "isya": "18:51"}, {"tanggal": "2020-11-14", "imsyak": "03:39", "shubuh": "03:49", "terbit": "05:08", "dhuha": "05:32", "dzuhur": "11:25", "ashr": "14:46", "magrib": "17:38", "isya": "18:52"}, {"tanggal": "2020-11-15", "imsyak": "03:39", "shubuh": "03:49", "terbit": "05:08", "dhuha": "05:32", "dzuhur": "11:25", "ashr": "14:46", "magrib": "17:38", "isya": "18:52"}, {"tanggal": "2020-11-16", "imsyak": "03:39", "shubuh": "03:49", "terbit": "05:08", "dhuha": "05:32", "dzuhur": "11:25", "ashr": "14:47", "magrib": "17:39", "isya": "18:53"}, {"tanggal": "2020-11-17", "imsyak": "03:39", "shubuh": "03:49", "terbit": "05:08", "dhuha": "05:32", "dzuhur": "11:25", "ashr": "14:47", "magrib": "17:39", "isya": "18:53"}, {"tanggal": "2020-11-18", "imsyak": "03:39", "shubuh": "03:49", "terbit": "05:08", "dhuha": "05:32", "dzuhur": "11:26", "ashr": "14:48", "magrib": "17:39", "isya": "18:54"}, {"tanggal": "2020-11-19", "imsyak": "03:39", "shubuh": "03:49", "terbit": "05:08", "dhuha": "05:32", "dzuhur": "11:26", "ashr": "14:48", "magrib": "17:40", "isya": "18:54"}, {"tanggal": "2020-11-20", "imsyak": "03:39", "shubuh": "03:49", "terbit": "05:08", "dhuha": "05:32", "dzuhur": "11:26", "ashr": "14:49", "magrib": "17:40", "isya": "18:55"}, {"tanggal": "2020-11-21", "imsyak": "03:39", "shubuh": "03:49", "terbit": "05:08", "dhuha": "05:32", "dzuhur": "11:26", "ashr": "14:49", "magrib": "17:40", "isya": "18:55"}, {"tanggal": "2020-11-22", "imsyak": "03:39", "shubuh": "03:49", "terbit": "05:08", "dhuha": "05:32", "dzuhur": "11:26", "ashr": "14:50", "magrib": "17:41", "isya": "18:56"}, {"tanggal": "2020-11-23", "imsyak": "03:39", "shubuh": "03:49", "terbit": "05:08", "dhuha": "05:32", "dzuhur": "11:27", "ashr": "14:51", "magrib": "17:41", "isya": "18:56"}, {"tanggal": "2020-11-24", "imsyak": "03:39", "shubuh": "03:49", "terbit": "05:08", "dhuha": "05:32", "dzuhur": "11:27", "ashr": "14:51", "magrib": "17:42", "isya": "18:57"}, {"tanggal": "2020-11-25", "imsyak": "03:39", "shubuh": "03:49", "terbit": "05:09", "dhuha": "05:33", "dzuhur": "11:27", "ashr": "14:52", "magrib": "17:42", "isya": "18:57"}, {"tanggal": "2020-11-26", "imsyak": "03:39", "shubuh": "03:49", "terbit": "05:09", "dhuha": "05:33", "dzuhur": "11:28", "ashr": "14:52", "magrib": "17:43", "isya": "18:58"}, {"tanggal": "2020-11-27", "imsyak": "03:39", "shubuh": "03:49", "terbit": "05:09", "dhuha": "05:33", "dzuhur": "11:28", "ashr": "14:53", "magrib": "17:43", "isya": "18:58"}, {"tanggal": "2020-11-28", "imsyak": "03:39", "shubuh": "03:49", "terbit": "05:09", "dhuha": "05:33", "dzuhur": "11:28", "ashr": "14:53", "magrib": "17:43", "isya": "18:59"}, {"tanggal": "2020-11-29", "imsyak": "03:39", "shubuh": "03:49", "terbit": "05:09", "dhuha": "05:33", "dzuhur": "11:29", "ashr": "14:54", "magrib": "17:44", "isya": "18:59"}, {"tanggal": "2020-11-30", "imsyak": "03:39", "shubuh": "03:49", "terbit": "05:10", "dhuha": "05:34", "dzuhur": "11:29", "ashr": "14:54", "magrib": "17:44", "isya": "19:00"}]