[{"tanggal": "2020-12-01", "imsyak": "03:39", "shubuh": "03:49", "terbit": "05:10", "dhuha": "05:34", "dzuhur": "11:29", "ashr": "14:55", "magrib": "17:45", "isya": "19:00"}, {"tanggal": "2020-12-02", "imsyak": "03:40", "shubuh": "03:50", "terbit": "05:10", "dhuha": "05:34", "dzuhur": "11:30", "ashr": "14:55", "magrib": "17:45", "isya": "19:01"}, {"tanggal": "2020-12-03", "imsyak": "03:40", "shubuh": "03:50", "terbit": "05:11", "dhuha": "05:35", "dzuhur": "11:30", "ashr": "14:56", "magrib": "17:46", "isya": "19:02"}, {"tanggal": "2020-12-04", "imsyak": "03:40", "shubuh": "03:50", "terbit": "05:11", "dhuha": "05:35", "dzuhur": "11:31", "ashr": "14:57", "magrib": "17:46", "isya": "19:02"}, {"tanggal": "2020-12-05", "imsyak": "03:40", "shubuh": "03:50", "terbit": "05:11", "dhuha": "05:35", "dzuhur": "11:31", "ashr": "14:57", "magrib": "17:47", "isya": "19:03"}, {"tanggal": "2020-12-06", "imsyak": "03:40", "shubuh": "03:50", "terbit": "05:12", "dhuha": "05:36", "dzuhur": "11:31", "ashr": "14:58", "magrib": "17:47", "isya": "19:03"}, {"tanggal": "2020-12-07", "imsyak": "03:41", "shubuh": "03:51", "terbit": "05:12", "dhuha": "05:36", "dzuhur": "11:32", "ashr": "14:58", "magrib": "17:48", "isya": "19:04"}, {"tanggal": "2020-12-08", "imsyak": "03:41", "shubuh": "03:51", "terbit": "05:12", "dhuha": "05:36", "dzuhur": "11:32", "ashr": "14:59", "magrib": "17:48", "isya": "19:04"}, {"tanggal": "2020-12-09", "imsyak": "03:41", "shubuh": "03:51", "terbit": "05:13", "dhuha": "05:37", "dzuhur": "11:33", "ashr": "14:59", "magrib": "17:49", "isya": "19:05"}, {"tanggal": "2020-12-10", "imsyak": "03:42", "shubuh": "03:52", "terbit": "05:13", "dhuha": "05:37", "dzuhur": "11:33", "ashr": "15:00", "magrib": "17:49", "isya": "19:06"}, {"tanggal": "2020-12-11", "imsyak": "03:42", "shubuh": "03:52", "terbit": "05:13", "dhuha": "05:37", "dzuhur": "11:34", "ashr": "15:00", "magrib": "17:50", "isya": "19:06"}, {"tanggal": "2020-12-12", "imsyak": "03:42", "shubuh": "03:52", "terbit": "05:14", "dhuha": "05:38", "dzuhur": "11:34", "ashr": "15:01", "magrib": "17:50", "isya": "19:07"}, {"tanggal": "2020-12-13", "imsyak": "03:43", "shubuh": "03:53", "terbit": "05:14", "dhuha": "05:38", "dzuhur": "11:34", "ashr": "15:02", "magrib": "17:51", "isya": "19:07"}, {"tanggal": "2020-12-14", "imsyak": "03:43", "shubuh": "03:53", "terbit": "05:15", "dhuha": "05:39", "dzuhur": "11:35", "ashr": "15:02", "magrib": "17:51", "isya": "19:08"}, {"tanggal": "2020-12-15", "imsyak": "03:43", "shubuh": "03:53", "terbit": "05:15", "dhuha": "05:39", "dzuhur": "11:35", "ashr": "15:03", "magrib": "17:52", "isya": "19:08"}, {"tanggal": "2020-12-16", "imsyak": "03:44", "shubuh": "03:54", "terbit": "05:16", "dhuha": "05:40", "dzuhur": "11:36", "ashr": "15:03", "magrib": "17:52", "isya": "19:09"}, {"tanggal": "2020-12-17", "imsyak": "03:44", "shubuh": "03:54", "terbit": "05:16", "dhuha": "05:40", "dzuhur": "11:36", "ashr": "15:04", "magrib": "17:53", "isya": "19:09"}, {"tanggal": "2020-12-18", "imsyak": "03:45", "shubuh": "03:55", "terbit": "05:16", "dhuha": "05:40", "dzuhur": "11:37", "ashr": "15:04", "magrib": "17:53", "isya": "19:10"}, {"tanggal": "2020-12-19", "imsyak": "03:45", "shubuh": "03:55", "terbit": "05:17", "dhuha": "05:41", "dzuhur": "11:37", "ashr": "15:05", "magrib": "17:54", "isya": "19:11"}, {"tanggal": "2020-12-20", "imsyak": "03:46", "shubuh": "03:56", "terbit": "05:17", "dhuha": "05:41", "dzuhur": "11:38", "ashr": "15:05", "magrib": "17:54", "isya": "19:11"}, {"tanggal": "2020-12-21", "imsyak": "03:46", "shubuh": "03:56", "terbit": "05:18", "dhuha": "05:42", "dzuhur": "11:38", "ashr": "15:06", "magrib": "17:55", "isya": "19:12"}, {"tanggal": "2020-12-22", "imsyak": "03:47", "shubuh": "03:57", "terbit": "05:18", "dhuha": "05:42", "dzuhur": "11:39", "ashr": "15:06", "magrib": "17:55", "isya": "19:12"}, {"tanggal": "2020-12-23", "imsyak": "03:47", "shubuh": "03:57", "terbit": "05:19", "dhuha": "05:43", "dzuhur": "11:39", "ashr": "15:07", "magrib": "17:56", "isya": "19:13"}, {"tanggal": "2020-12-24", "imsyak": "03:48", "shubuh": "03:58", "terbit": "05:19", "dhuha": "05:43", "dzuhur": "11:40", "ashr": "15:07", "magrib": "17:56", "isya": "19:13"}, {"tanggal": "2020-12-25", "imsyak": "03:48", "shubuh": "03:58", "terbit": "05:20", "dhuha": "05:44", "dzuhur": "11:40", "ashr": "15:08", "magrib": "17:57", "isya": "19:13"}, {"tanggal": "2020-12-26", "imsyak": "03:49", "shubuh": "03:59", "terbit": "05:20", "dhuha": "05:44", "dzuhur": "11:41", "ashr": "15:08", "magrib": "17:57", "isya": "19:14"}, {"tanggal": "2020-12-27", "imsyak": "03:49", "shubuh": "03:59", "terbit": "05:21", "dhuha": "05:45", "dzuhur": "11:41", "ashr": "15:09", "magrib": "17:58", "isya": "19:14"}, {"tanggal": "2020-12-28", "imsyak": "03:50", "shubuh": "04:00", "terbit": "05:21", "dhuha": "05:45", "dzuhur": "11:42", "ashr": "15:09", "magrib": "17:58", "isya": "19:15"}, {"tanggal": "2020-12-29", "imsyak": "03:50", "shubuh": "04:00", "terbit": "05:22", "dhuha": "05:46", "dzuhur": "11:42", "ashr": "15:10", "magrib": "17:59", "isya": "19:15"}, {"tanggal": "2020-12-30", "imsyak": "03:51", "shubuh": "04:01", "terbit": "05:23", "dhuha": "05:47", "dzuhur": "11:43", "ashr": "15:10", "magrib": "17:59", "isya": "19:16"}, {"tanggal": "2020-12-31", "imsyak": "03:51", "shubuh": "04:01", "terbit": "05:23", "dhuha": "05:47", "dzuhur": "11:43", "ashr": "15:10", "magrib": "18:00", "isya": "19:16"}]