[{"tanggal": "2020-03-01", "imsyak": "05:18", "shubuh": "05:28", "terbit": "06:42", "dhuha": "07:06", "dzuhur": "12:55", "ashr": "16:00", "magrib": "19:03", "isya": "20:13"}, {"tanggal": "2020-03-02", "imsyak": "05:18", "shubuh": "05:28", "terbit": "06:43", "dhuha": "07:07", "dzuhur": "12:55", "ashr": "16:00", "magrib": "19:03", "isya": "20:13"}, {"tanggal": "2020-03-03", "imsyak": "05:18", "shubuh": "05:28", "terbit": "06:43", "dhuha": "07:07", "dzuhur": "12:54", "ashr": "16:00", "magrib": "19:02", "isya": "20:12"}, {"tanggal": "2020-03-04", "imsyak": "05:18", "shubuh": "05:28", "terbit": "06:43", "dhuha": "07:07", "dzuhur": "12:54", "ashr": "16:01", "magrib": "19:02", "isya": "20:12"}, {"tanggal": "2020-03-05", "imsyak": "05:18", "shubuh": "05:28", "terbit": "06:43", "dhuha": "07:07", "dzuhur": "12:54", "ashr": "16:01", "magrib": "19:01", "isya": "20:11"}, {"tanggal": "2020-03-06", "imsyak": "05:18", "shubuh": "05:28", "terbit": "06:43", "dhuha": "07:07", "dzuhur": "12:54", "ashr": "16:02", "magrib": "19:01", "isya": "20:11"}, {"tanggal": "2020-03-07", "imsyak": "05:18", "shubuh": "05:28", "terbit": "06:43", "dhuha": "07:07", "dzuhur": "12:53", "ashr": "16:02", "magrib": "19:00", "isya": "20:10"}, {"tanggal": "2020-03-08", "imsyak": "05:19", "shubuh": "05:29", "terbit": "06:43", "dhuha": "07:07", "dzuhur": "12:53", "ashr": "16:02", "magrib": "19:00", "isya": "20:10"}, {"tanggal": "2020-03-09", "imsyak": "05:19", "shubuh": "05:29", "terbit": "06:43", "dhuha": "07:07", "dzuhur": "12:53", "ashr": "16:02", "magrib": "18:59", "isya": "20:09"}, {"tanggal": "2020-03-10", "imsyak": "05:19", "shubuh": "05:29", "terbit": "06:43", "dhuha": "07:07", "dzuhur": "12:53", "ashr": "16:03", "magrib": "18:59", "isya": "20:08"}, {"tanggal": "2020-03-11", "imsyak": "05:19", "shubuh": "05:29", "terbit": "06:43", "dhuha": "07:07", "dzuhur": "12:52", "ashr": "16:03", "magrib": "18:58", "isya": "20:08"}, {"tanggal": "2020-03-12", "imsyak": "05:19", "shubuh": "05:29", "terbit": "06:43", "dhuha": "07:07", "dzuhur": "12:52", "ashr": "16:03", "magrib": "18:58", "isya": "20:07"}, {"tanggal": "2020-03-13", "imsyak": "05:19", "shubuh": "05:29", "terbit": "06:43", "dhuha": "07:07", "dzuhur": "12:52", "ashr": "16:03", "magrib": "18:57", "isya": "20:07"}, {"tanggal": "2020-03-14", "imsyak": "05:19", "shubuh": "05:29", "terbit": "06:43", "dhuha": "07:07", "dzuhur": "12:52", "ashr": "16:03", "magrib": "18:57", "isya": "20:06"}, {"tanggal": "2020-03-15", "imsyak": "05:19", "shubuh": "05:29", "terbit": "06:43", "dhuha": "07:07", "dzuhur": "12:51", "ashr": "16:04", "magrib": "18:56", "isya": "20:06"}, {"tanggal": "2020-03-16", "imsyak": "05:19", "shubuh": "05:29", "terbit": "06:43", "dhuha": "07:07", "dzuhur": "12:51", "ashr": "16:04", "magrib": "18:55", "isya": "20:05"}, {"tanggal": "2020-03-17", "imsyak": "05:19", "shubuh": "05:29", "terbit": "06:43", "dhuha": "07:07", "dzuhur": "12:51", "ashr": "16:04", "magrib": "18:55", "isya": "20:05"}, {"tanggal": "2020-03-18", "imsyak": "05:19", "shubuh": "05:29", "terbit": "06:43", "dhuha": "07:07", "dzuhur": "12:51", "ashr": "16:04", "magrib": "18:54", "isya": "20:04"}, {"tanggal": "2020-03-19", "imsyak": "05:19", "shubuh": "05:29", "terbit": "06:43", "dhuha": "07:07", "dzuhur": "12:50", "ashr": "16:04", "magrib": "18:54", "isya": "20:03"}, {"tanggal": "2020-03-20", "imsyak": "05:19", "shubuh": "05:29", "terbit": "06:43", "dhuha": "07:07", "dzuhur": "12:50", "ashr": "16:04", "magrib": "18:53", "isya": "20:03"}, {"tanggal": "2020-03-21", "imsyak": "05:19", "shubuh": "05:29", "terbit": "06:42", "dhuha": "07:06", "dzuhur": "12:50", "ashr": "16:04", "magrib": "18:53", "isya": "20:02"}, {"tanggal": "2020-03-22", "imsyak": "05:19", "shubuh": "05:29", "terbit": "06:42", "dhuha": "07:06", "dzuhur": "12:49", "ashr": "16:04", "magrib": "18:52", "isya": "20:02"}, {"tanggal": "2020-03-23", "imsyak": "05:19", "shubuh": "05:29", "terbit": "06:42", "dhuha": "07:06", "dzuhur": "12:49", "ashr": "16:04", "magrib": "18:52", "isya": "20:01"}, {"tanggal": "2020-03-24", "imsyak": "05:19", "shubuh": "05:29", "terbit": "06:42", "dhuha": "07:06", "dzuhur": "12:49", "ashr": "16:04", "magrib": "18:51", "isya": "20:01"}, {"tanggal": "2020-03-25", "imsyak": "05:19", "shubuh": "05:29", "terbit": "06:42", "dhuha": "07:06", "dzuhur": "12:48", "ashr": "16:04", "magrib": "18:51", "isya": "20:00"}, {"tanggal": "2020-03-26", "imsyak": "05:19", "shubuh": "05:29", "terbit": "06:42", "dhuha": "07:06", "dzuhur": "12:48", "ashr": "16:04", "magrib": "18:50", "isya": "20:00"}, {"tanggal": "2020-03-27", "imsyak": "05:19", "shubuh": "05:29", "terbit": "06:42", "dhuha": "07:06", "dzuhur": "12:48", "ashr": "16:04", "magrib": "18:49", "isya": "19:59"}, {"tanggal": "2020-03-28", "imsyak": "05:18", "shubuh": "05:28", "terbit": "06:42", "dhuha": "07:06", "dzuhur": "12:48", "ashr": "16:04", "magrib": "18:49", "isya": "19:58"}, {"tanggal": "2020-03-29", "imsyak": "05:18", "shubuh": "05:28", "terbit": "06:42", "dhuha": "07:06", "dzuhur": "12:47", "ashr": "16:04", "magrib": "18:48", "isya": "19:58"}, {"tanggal": "2020-03-30", "imsyak": "05:18", "shubuh": "05:28", "terbit": "06:42", "dhuha": "07:06", "dzuhur": "12:47", "ashr": "16:04", "magrib": "18:48", "isya": "19:57"}, {"tanggal": "2020-03-31", "imsyak": "05:18", "shubuh": "05:28", "terbit": "06:42", "dhuha": "07:06", "dzuhur": "12:47", "ashr": "16:04", "magrib": "18:47", "isya": "19:57"}]