[{"imsyak": "05:18", "shubuh": "05:28", "dzuhur": "12:46", "tanggal": "2020-04-01", "terbit": "06:42", "magrib": "18:47", "isya": "19:56", "dhuha": "07:06", "ashr": "16:04"}, {"imsyak": "05:18", "shubuh": "05:28", "dzuhur": "12:46", "tanggal": "2020-04-02", "terbit": "06:42", "magrib": "18:46", "isya": "19:56", "dhuha": "07:06", "ashr": "16:04"}, {"imsyak": "05:18", "shubuh": "05:28", "dzuhur": "12:46", "tanggal": "2020-04-03", "terbit": "06:42", "magrib": "18:46", "isya": "19:55", "dhuha": "07:06", "ashr": "16:04"}, {"imsyak": "05:18", "shubuh": "05:28", "dzuhur": "12:45", "tanggal": "2020-04-04", "terbit": "06:42", "magrib": "18:45", "isya": "19:55", "dhuha": "07:06", "ashr": "16:04"}, {"imsyak": "05:18", "shubuh": "05:28", "dzuhur": "12:45", "tanggal": "2020-04-05", "terbit": "06:42", "magrib": "18:45", "isya": "19:54", "dhuha": "07:06", "ashr": "16:04"}, {"imsyak": "05:18", "shubuh": "05:28", "dzuhur": "12:45", "tanggal": "2020-04-06", "terbit": "06:42", "magrib": "18:44", "isya": "19:54", "dhuha": "07:06", "ashr": "16:04"}, {"imsyak": "05:18", "shubuh": "05:28", "dzuhur": "12:45", "tanggal": "2020-04-07", "terbit": "06:42", "magrib": "18:43", "isya": "19:53", "dhuha": "07:06", "ashr": "16:04"}, {"imsyak": "05:18", "shubuh": "05:28", "dzuhur": "12:44", "tanggal": "2020-04-08", "terbit": "06:42", "magrib": "18:43", "isya": "19:53", "dhuha": "07:06", "ashr": "16:04"}, {"imsyak": "05:17", "shubuh": "05:27", "dzuhur": "12:44", "tanggal": "2020-04-09", "terbit": "06:42", "magrib": "18:42", "isya": "19:52", "dhuha": "07:06", "ashr": "16:03"}, {"imsyak": "05:17", "shubuh": "05:27", "dzuhur": "12:44", "tanggal": "2020-04-10", "terbit": "06:42", "magrib": "18:42", "isya": "19:52", "dhuha": "07:06", "ashr": "16:03"}, {"imsyak": "05:17", "shubuh": "05:27", "dzuhur": "12:44", "tanggal": "2020-04-11", "terbit": "06:42", "magrib": "18:41", "isya": "19:52", "dhuha": "07:06", "ashr": "16:03"}, {"imsyak": "05:17", "shubuh": "05:27", "dzuhur": "12:43", "tanggal": "2020-04-12", "terbit": "06:41", "magrib": "18:41", "isya": "19:51", "dhuha": "07:05", "ashr": "16:03"}, {"imsyak": "05:17", "shubuh": "05:27", "dzuhur": "12:43", "tanggal": "2020-04-13", "terbit": "06:41", "magrib": "18:40", "isya": "19:51", "dhuha": "07:05", "ashr": "16:03"}, {"imsyak": "05:17", "shubuh": "05:27", "dzuhur": "12:43", "tanggal": "2020-04-14", "terbit": "06:41", "magrib": "18:40", "isya": "19:50", "dhuha": "07:05", "ashr": "16:03"}, {"imsyak": "05:17", "shubuh": "05:27", "dzuhur": "12:43", "tanggal": "2020-04-15", "terbit": "06:41", "magrib": "18:39", "isya": "19:50", "dhuha": "07:05", "ashr": "16:03"}, {"imsyak": "05:17", "shubuh": "05:27", "dzuhur": "12:42", "tanggal": "2020-04-16", "terbit": "06:41", "magrib": "18:39", "isya": "19:49", "dhuha": "07:05", "ashr": "16:03"}, {"imsyak": "05:17", "shubuh": "05:27", "dzuhur": "12:42", "tanggal": "2020-04-17", "terbit": "06:41", "magrib": "18:39", "isya": "19:49", "dhuha": "07:05", "ashr": "16:02"}, {"imsyak": "05:17", "shubuh": "05:27", "dzuhur": "12:42", "tanggal": "2020-04-18", "terbit": "06:41", "magrib": "18:38", "isya": "19:49", "dhuha": "07:05", "ashr": "16:02"}, {"imsyak": "05:17", "shubuh": "05:27", "dzuhur": "12:42", "tanggal": "2020-04-19", "terbit": "06:41", "magrib": "18:38", "isya": "19:48", "dhuha": "07:05", "ashr": "16:02"}, {"imsyak": "05:17", "shubuh": "05:27", "dzuhur": "12:41", "tanggal": "2020-04-20", "terbit": "06:41", "magrib": "18:37", "isya": "19:48", "dhuha": "07:05", "ashr": "16:02"}, {"imsyak": "05:16", "shubuh": "05:26", "dzuhur": "12:41", "tanggal": "2020-04-21", "terbit": "06:41", "magrib": "18:37", "isya": "19:48", "dhuha": "07:05", "ashr": "16:02"}, {"imsyak": "05:16", "shubuh": "05:26", "dzuhur": "12:41", "tanggal": "2020-04-22", "terbit": "06:41", "magrib": "18:36", "isya": "19:47", "dhuha": "07:05", "ashr": "16:02"}, {"imsyak": "05:16", "shubuh": "05:26", "dzuhur": "12:41", "tanggal": "2020-04-23", "terbit": "06:41", "magrib": "18:36", "isya": "19:47", "dhuha": "07:05", "ashr": "16:02"}, {"imsyak": "05:16", "shubuh": "05:26", "dzuhur": "12:41", "tanggal": "2020-04-24", "terbit": "06:42", "magrib": "18:36", "isya": "19:47", "dhuha": "07:06", "ashr": "16:01"}, {"imsyak": "05:16", "shubuh": "05:26", "dzuhur": "12:40", "tanggal": "2020-04-25", "terbit": "06:42", "magrib": "18:35", "isya": "19:46", "dhuha": "07:06", "ashr": "16:01"}, {"imsyak": "05:16", "shubuh": "05:26", "dzuhur": "12:40", "tanggal": "2020-04-26", "terbit": "06:42", "magrib": "18:35", "isya": "19:46", "dhuha": "07:06", "ashr": "16:01"}, {"imsyak": "05:16", "shubuh": "05:26", "dzuhur": "12:40", "tanggal": "2020-04-27", "terbit": "06:42", "magrib": "18:34", "isya": "19:46", "dhuha": "07:06", "ashr": "16:01"}, {"imsyak": "05:16", "shubuh": "05:26", "dzuhur": "12:40", "tanggal": "2020-04-28", "terbit": "06:42", "magrib": "18:34", "isya": "19:45", "dhuha": "07:06", "ashr": "16:01"}, {"imsyak": "05:16", "shubuh": "05:26", "dzuhur": "12:40", "tanggal": "2020-04-29", "terbit": "06:42", "magrib": "18:34", "isya": "19:45", "dhuha": "07:06", "ashr": "16:01"}, {"imsyak": "05:16", "shubuh": "05:26", "dzuhur": "12:40", "tanggal": "2020-04-30", "terbit": "06:42", "magrib": "18:33", "isya": "19:45", "dhuha": "07:06", "ashr": "16:01"}]