[{"imsyak": "05:16", "shubuh": "05:26", "dzuhur": "12:40", "tanggal": "2020-05-01", "terbit": "06:42", "magrib": "18:33", "isya": "19:45", "dhuha": "07:06", "ashr": "16:01"}, {"imsyak": "05:16", "shubuh": "05:26", "dzuhur": "12:39", "tanggal": "2020-05-02", "terbit": "06:42", "magrib": "18:33", "isya": "19:45", "dhuha": "07:06", "ashr": "16:00"}, {"imsyak": "05:16", "shubuh": "05:26", "dzuhur": "12:39", "tanggal": "2020-05-03", "terbit": "06:42", "magrib": "18:32", "isya": "19:44", "dhuha": "07:06", "ashr": "16:00"}, {"imsyak": "05:16", "shubuh": "05:26", "dzuhur": "12:39", "tanggal": "2020-05-04", "terbit": "06:42", "magrib": "18:32", "isya": "19:44", "dhuha": "07:06", "ashr": "16:00"}, {"imsyak": "05:16", "shubuh": "05:26", "dzuhur": "12:39", "tanggal": "2020-05-05", "terbit": "06:42", "magrib": "18:32", "isya": "19:44", "dhuha": "07:06", "ashr": "16:00"}, {"imsyak": "05:16", "shubuh": "05:26", "dzuhur": "12:39", "tanggal": "2020-05-06", "terbit": "06:42", "magrib": "18:32", "isya": "19:44", "dhuha": "07:06", "ashr": "16:00"}, {"imsyak": "05:16", "shubuh": "05:26", "dzuhur": "12:39", "tanggal": "2020-05-07", "terbit": "06:43", "magrib": "18:31", "isya": "19:44", "dhuha": "07:07", "ashr": "16:00"}, {"imsyak": "05:16", "shubuh": "05:26", "dzuhur": "12:39", "tanggal": "2020-05-08", "terbit": "06:43", "magrib": "18:31", "isya": "19:43", "dhuha": "07:07", "ashr": "16:00"}, {"imsyak": "05:16", "shubuh": "05:26", "dzuhur": "12:39", "tanggal": "2020-05-09", "terbit": "06:43", "magrib": "18:31", "isya": "19:43", "dhuha": "07:07", "ashr": "16:00"}, {"imsyak": "05:16", "shubuh": "05:26", "dzuhur": "12:39", "tanggal": "2020-05-10", "terbit": "06:43", "magrib": "18:31", "isya": "19:43", "dhuha": "07:07", "ashr": "16:00"}, {"imsyak": "05:16", "shubuh": "05:26", "dzuhur": "12:39", "tanggal": "2020-05-11", "terbit": "06:43", "magrib": "18:30", "isya": "19:43", "dhuha": "07:07", "ashr": "16:00"}, {"imsyak": "05:16", "shubuh": "05:26", "dzuhur": "12:39", "tanggal": "2020-05-12", "terbit": "06:43", "magrib": "18:30", "isya": "19:43", "dhuha": "07:07", "ashr": "16:00"}, {"imsyak": "05:16", "shubuh": "05:26", "dzuhur": "12:39", "tanggal": "2020-05-13", "terbit": "06:43", "magrib": "18:30", "isya": "19:43", "dhuha": "07:07", "ashr": "16:00"}, {"imsyak": "05:16", "shubuh": "05:26", "dzuhur": "12:39", "tanggal": "2020-05-14", "terbit": "06:44", "magrib": "18:30", "isya": "19:43", "dhuha": "07:08", "ashr": "16:00"}, {"imsyak": "05:16", "shubuh": "05:26", "dzuhur": "12:39", "tanggal": "2020-05-15", "terbit": "06:44", "magrib": "18:30", "isya": "19:43", "dhuha": "07:08", "ashr": "16:00"}, {"imsyak": "05:16", "shubuh": "05:26", "dzuhur": "12:39", "tanggal": "2020-05-16", "terbit": "06:44", "magrib": "18:30", "isya": "19:43", "dhuha": "07:08", "ashr": "16:00"}, {"imsyak": "05:16", "shubuh": "05:26", "dzuhur": "12:39", "tanggal": "2020-05-17", "terbit": "06:44", "magrib": "18:29", "isya": "19:43", "dhuha": "07:08", "ashr": "15:59"}, {"imsyak": "05:16", "shubuh": "05:26", "dzuhur": "12:39", "tanggal": "2020-05-18", "terbit": "06:44", "magrib": "18:29", "isya": "19:43", "dhuha": "07:08", "ashr": "15:59"}, {"imsyak": "05:17", "shubuh": "05:27", "dzuhur": "12:39", "tanggal": "2020-05-19", "terbit": "06:44", "magrib": "18:29", "isya": "19:43", "dhuha": "07:08", "ashr": "15:59"}, {"imsyak": "05:17", "shubuh": "05:27", "dzuhur": "12:39", "tanggal": "2020-05-20", "terbit": "06:45", "magrib": "18:29", "isya": "19:43", "dhuha": "07:09", "ashr": "15:59"}, {"imsyak": "05:17", "shubuh": "05:27", "dzuhur": "12:39", "tanggal": "2020-05-21", "terbit": "06:45", "magrib": "18:29", "isya": "19:43", "dhuha": "07:09", "ashr": "15:59"}, {"imsyak": "05:17", "shubuh": "05:27", "dzuhur": "12:39", "tanggal": "2020-05-22", "terbit": "06:45", "magrib": "18:29", "isya": "19:43", "dhuha": "07:09", "ashr": "16:00"}, {"imsyak": "05:17", "shubuh": "05:27", "dzuhur": "12:39", "tanggal": "2020-05-23", "terbit": "06:45", "magrib": "18:29", "isya": "19:43", "dhuha": "07:09", "ashr": "16:00"}, {"imsyak": "05:17", "shubuh": "05:27", "dzuhur": "12:39", "tanggal": "2020-05-24", "terbit": "06:46", "magrib": "18:29", "isya": "19:43", "dhuha": "07:10", "ashr": "16:00"}, {"imsyak": "05:17", "shubuh": "05:27", "dzuhur": "12:39", "tanggal": "2020-05-25", "terbit": "06:46", "magrib": "18:29", "isya": "19:43", "dhuha": "07:10", "ashr": "16:00"}, {"imsyak": "05:17", "shubuh": "05:27", "dzuhur": "12:39", "tanggal": "2020-05-26", "terbit": "06:46", "magrib": "18:29", "isya": "19:43", "dhuha": "07:10", "ashr": "16:00"}, {"imsyak": "05:17", "shubuh": "05:27", "dzuhur": "12:40", "tanggal": "2020-05-27", "terbit": "06:46", "magrib": "18:29", "isya": "19:43", "dhuha": "07:10", "ashr": "16:00"}, {"imsyak": "05:18", "shubuh": "05:28", "dzuhur": "12:40", "tanggal": "2020-05-28", "terbit": "06:46", "magrib": "18:29", "isya": "19:43", "dhuha": "07:10", "ashr": "16:00"}, {"imsyak": "05:18", "shubuh": "05:28", "dzuhur": "12:40", "tanggal": "2020-05-29", "terbit": "06:47", "magrib": "18:29", "isya": "19:43", "dhuha": "07:11", "ashr": "16:00"}, {"imsyak": "05:18", "shubuh": "05:28", "dzuhur": "12:40", "tanggal": "2020-05-30", "terbit": "06:47", "magrib": "18:29", "isya": "19:43", "dhuha": "07:11", "ashr": "16:00"}, {"imsyak": "05:18", "shubuh": "05:28", "dzuhur": "12:40", "tanggal": "2020-05-31", "terbit": "06:47", "magrib": "18:29", "isya": "19:43", "dhuha": "07:11", "ashr": "16:00"}]