[{"imsyak": "05:18", "shubuh": "05:28", "dzuhur": "12:40", "tanggal": "2020-06-01", "terbit": "06:47", "magrib": "18:29", "isya": "19:44", "dhuha": "07:11", "ashr": "16:00"}, {"imsyak": "05:18", "shubuh": "05:28", "dzuhur": "12:40", "tanggal": "2020-06-02", "terbit": "06:48", "magrib": "18:29", "isya": "19:44", "dhuha": "07:12", "ashr": "16:00"}, {"imsyak": "05:19", "shubuh": "05:29", "dzuhur": "12:41", "tanggal": "2020-06-03", "terbit": "06:48", "magrib": "18:29", "isya": "19:44", "dhuha": "07:12", "ashr": "16:00"}, {"imsyak": "05:19", "shubuh": "05:29", "dzuhur": "12:41", "tanggal": "2020-06-04", "terbit": "06:48", "magrib": "18:29", "isya": "19:44", "dhuha": "07:12", "ashr": "16:01"}, {"imsyak": "05:19", "shubuh": "05:29", "dzuhur": "12:41", "tanggal": "2020-06-05", "terbit": "06:48", "magrib": "18:29", "isya": "19:44", "dhuha": "07:12", "ashr": "16:01"}, {"imsyak": "05:19", "shubuh": "05:29", "dzuhur": "12:41", "tanggal": "2020-06-06", "terbit": "06:49", "magrib": "18:29", "isya": "19:44", "dhuha": "07:13", "ashr": "16:01"}, {"imsyak": "05:19", "shubuh": "05:29", "dzuhur": "12:41", "tanggal": "2020-06-07", "terbit": "06:49", "magrib": "18:30", "isya": "19:44", "dhuha": "07:13", "ashr": "16:01"}, {"imsyak": "05:20", "shubuh": "05:30", "dzuhur": "12:41", "tanggal": "2020-06-08", "terbit": "06:49", "magrib": "18:30", "isya": "19:45", "dhuha": "07:13", "ashr": "16:01"}, {"imsyak": "05:20", "shubuh": "05:30", "dzuhur": "12:42", "tanggal": "2020-06-09", "terbit": "06:49", "magrib": "18:30", "isya": "19:45", "dhuha": "07:13", "ashr": "16:01"}, {"imsyak": "05:20", "shubuh": "05:30", "dzuhur": "12:42", "tanggal": "2020-06-10", "terbit": "06:50", "magrib": "18:30", "isya": "19:45", "dhuha": "07:14", "ashr": "16:01"}, {"imsyak": "05:20", "shubuh": "05:30", "dzuhur": "12:42", "tanggal": "2020-06-11", "terbit": "06:50", "magrib": "18:30", "isya": "19:45", "dhuha": "07:14", "ashr": "16:02"}, {"imsyak": "05:20", "shubuh": "05:30", "dzuhur": "12:42", "tanggal": "2020-06-12", "terbit": "06:50", "magrib": "18:30", "isya": "19:45", "dhuha": "07:14", "ashr": "16:02"}, {"imsyak": "05:21", "shubuh": "05:31", "dzuhur": "12:42", "tanggal": "2020-06-13", "terbit": "06:50", "magrib": "18:30", "isya": "19:46", "dhuha": "07:14", "ashr": "16:02"}, {"imsyak": "05:21", "shubuh": "05:31", "dzuhur": "12:43", "tanggal": "2020-06-14", "terbit": "06:51", "magrib": "18:31", "isya": "19:46", "dhuha": "07:15", "ashr": "16:02"}, {"imsyak": "05:21", "shubuh": "05:31", "dzuhur": "12:43", "tanggal": "2020-06-15", "terbit": "06:51", "magrib": "18:31", "isya": "19:46", "dhuha": "07:15", "ashr": "16:02"}, {"imsyak": "05:21", "shubuh": "05:31", "dzuhur": "12:43", "tanggal": "2020-06-16", "terbit": "06:51", "magrib": "18:31", "isya": "19:46", "dhuha": "07:15", "ashr": "16:03"}, {"imsyak": "05:21", "shubuh": "05:31", "dzuhur": "12:43", "tanggal": "2020-06-17", "terbit": "06:51", "magrib": "18:31", "isya": "19:46", "dhuha": "07:15", "ashr": "16:03"}, {"imsyak": "05:22", "shubuh": "05:32", "dzuhur": "12:44", "tanggal": "2020-06-18", "terbit": "06:52", "magrib": "18:31", "isya": "19:47", "dhuha": "07:16", "ashr": "16:03"}, {"imsyak": "05:22", "shubuh": "05:32", "dzuhur": "12:44", "tanggal": "2020-06-19", "terbit": "06:52", "magrib": "18:32", "isya": "19:47", "dhuha": "07:16", "ashr": "16:03"}, {"imsyak": "05:22", "shubuh": "05:32", "dzuhur": "12:44", "tanggal": "2020-06-20", "terbit": "06:52", "magrib": "18:32", "isya": "19:47", "dhuha": "07:16", "ashr": "16:03"}, {"imsyak": "05:22", "shubuh": "05:32", "dzuhur": "12:44", "tanggal": "2020-06-21", "terbit": "06:52", "magrib": "18:32", "isya": "19:47", "dhuha": "07:16", "ashr": "16:04"}, {"imsyak": "05:23", "shubuh": "05:33", "dzuhur": "12:44", "tanggal": "2020-06-22", "terbit": "06:53", "magrib": "18:32", "isya": "19:48", "dhuha": "07:17", "ashr": "16:04"}, {"imsyak": "05:23", "shubuh": "05:33", "dzuhur": "12:45", "tanggal": "2020-06-23", "terbit": "06:53", "magrib": "18:32", "isya": "19:48", "dhuha": "07:17", "ashr": "16:04"}, {"imsyak": "05:23", "shubuh": "05:33", "dzuhur": "12:45", "tanggal": "2020-06-24", "terbit": "06:53", "magrib": "18:33", "isya": "19:48", "dhuha": "07:17", "ashr": "16:04"}, {"imsyak": "05:23", "shubuh": "05:33", "dzuhur": "12:45", "tanggal": "2020-06-25", "terbit": "06:53", "magrib": "18:33", "isya": "19:48", "dhuha": "07:17", "ashr": "16:05"}, {"imsyak": "05:23", "shubuh": "05:33", "dzuhur": "12:45", "tanggal": "2020-06-26", "terbit": "06:53", "magrib": "18:33", "isya": "19:48", "dhuha": "07:17", "ashr": "16:05"}, {"imsyak": "05:24", "shubuh": "05:34", "dzuhur": "12:45", "tanggal": "2020-06-27", "terbit": "06:54", "magrib": "18:33", "isya": "19:49", "dhuha": "07:18", "ashr": "16:05"}, {"imsyak": "05:24", "shubuh": "05:34", "dzuhur": "12:46", "tanggal": "2020-06-28", "terbit": "06:54", "magrib": "18:34", "isya": "19:49", "dhuha": "07:18", "ashr": "16:05"}, {"imsyak": "05:24", "shubuh": "05:34", "dzuhur": "12:46", "tanggal": "2020-06-29", "terbit": "06:54", "magrib": "18:34", "isya": "19:49", "dhuha": "07:18", "ashr": "16:05"}, {"imsyak": "05:24", "shubuh": "05:34", "dzuhur": "12:46", "tanggal": "2020-06-30", "terbit": "06:54", "magrib": "18:34", "isya": "19:49", "dhuha": "07:18", "ashr": "16:06"}]