[{"imsyak": "05:24", "shubuh": "05:34", "dzuhur": "12:46", "tanggal": "2020-07-01", "terbit": "06:54", "magrib": "18:34", "isya": "19:49", "dhuha": "07:18", "ashr": "16:06"}, {"imsyak": "05:25", "shubuh": "05:35", "dzuhur": "12:46", "tanggal": "2020-07-02", "terbit": "06:54", "magrib": "18:35", "isya": "19:50", "dhuha": "07:18", "ashr": "16:06"}, {"imsyak": "05:25", "shubuh": "05:35", "dzuhur": "12:47", "tanggal": "2020-07-03", "terbit": "06:55", "magrib": "18:35", "isya": "19:50", "dhuha": "07:19", "ashr": "16:06"}, {"imsyak": "05:25", "shubuh": "05:35", "dzuhur": "12:47", "tanggal": "2020-07-04", "terbit": "06:55", "magrib": "18:35", "isya": "19:50", "dhuha": "07:19", "ashr": "16:07"}, {"imsyak": "05:25", "shubuh": "05:35", "dzuhur": "12:47", "tanggal": "2020-07-05", "terbit": "06:55", "magrib": "18:35", "isya": "19:50", "dhuha": "07:19", "ashr": "16:07"}, {"imsyak": "05:25", "shubuh": "05:35", "dzuhur": "12:47", "tanggal": "2020-07-06", "terbit": "06:55", "magrib": "18:36", "isya": "19:50", "dhuha": "07:19", "ashr": "16:07"}, {"imsyak": "05:25", "shubuh": "05:35", "dzuhur": "12:47", "tanggal": "2020-07-07", "terbit": "06:55", "magrib": "18:36", "isya": "19:51", "dhuha": "07:19", "ashr": "16:07"}, {"imsyak": "05:26", "shubuh": "05:36", "dzuhur": "12:47", "tanggal": "2020-07-08", "terbit": "06:55", "magrib": "18:36", "isya": "19:51", "dhuha": "07:19", "ashr": "16:07"}, {"imsyak": "05:26", "shubuh": "05:36", "dzuhur": "12:48", "tanggal": "2020-07-09", "terbit": "06:55", "magrib": "18:36", "isya": "19:51", "dhuha": "07:19", "ashr": "16:08"}, {"imsyak": "05:26", "shubuh": "05:36", "dzuhur": "12:48", "tanggal": "2020-07-10", "terbit": "06:55", "magrib": "18:36", "isya": "19:51", "dhuha": "07:19", "ashr": "16:08"}, {"imsyak": "05:26", "shubuh": "05:36", "dzuhur": "12:48", "tanggal": "2020-07-11", "terbit": "06:55", "magrib": "18:37", "isya": "19:51", "dhuha": "07:19", "ashr": "16:08"}, {"imsyak": "05:26", "shubuh": "05:36", "dzuhur": "12:48", "tanggal": "2020-07-12", "terbit": "06:55", "magrib": "18:37", "isya": "19:51", "dhuha": "07:19", "ashr": "16:08"}, {"imsyak": "05:26", "shubuh": "05:36", "dzuhur": "12:48", "tanggal": "2020-07-13", "terbit": "06:55", "magrib": "18:37", "isya": "19:52", "dhuha": "07:19", "ashr": "16:08"}, {"imsyak": "05:26", "shubuh": "05:36", "dzuhur": "12:48", "tanggal": "2020-07-14", "terbit": "06:55", "magrib": "18:37", "isya": "19:52", "dhuha": "07:19", "ashr": "16:08"}, {"imsyak": "05:26", "shubuh": "05:36", "dzuhur": "12:48", "tanggal": "2020-07-15", "terbit": "06:55", "magrib": "18:38", "isya": "19:52", "dhuha": "07:19", "ashr": "16:09"}, {"imsyak": "05:26", "shubuh": "05:36", "dzuhur": "12:48", "tanggal": "2020-07-16", "terbit": "06:55", "magrib": "18:38", "isya": "19:52", "dhuha": "07:19", "ashr": "16:09"}, {"imsyak": "05:26", "shubuh": "05:36", "dzuhur": "12:49", "tanggal": "2020-07-17", "terbit": "06:55", "magrib": "18:38", "isya": "19:52", "dhuha": "07:19", "ashr": "16:09"}, {"imsyak": "05:27", "shubuh": "05:37", "dzuhur": "12:49", "tanggal": "2020-07-18", "terbit": "06:55", "magrib": "18:38", "isya": "19:52", "dhuha": "07:19", "ashr": "16:09"}, {"imsyak": "05:27", "shubuh": "05:37", "dzuhur": "12:49", "tanggal": "2020-07-19", "terbit": "06:55", "magrib": "18:38", "isya": "19:52", "dhuha": "07:19", "ashr": "16:09"}, {"imsyak": "05:27", "shubuh": "05:37", "dzuhur": "12:49", "tanggal": "2020-07-20", "terbit": "06:55", "magrib": "18:39", "isya": "19:52", "dhuha": "07:19", "ashr": "16:09"}, {"imsyak": "05:27", "shubuh": "05:37", "dzuhur": "12:49", "tanggal": "2020-07-21", "terbit": "06:55", "magrib": "18:39", "isya": "19:53", "dhuha": "07:19", "ashr": "16:09"}, {"imsyak": "05:27", "shubuh": "05:37", "dzuhur": "12:49", "tanggal": "2020-07-22", "terbit": "06:55", "magrib": "18:39", "isya": "19:53", "dhuha": "07:19", "ashr": "16:09"}, {"imsyak": "05:27", "shubuh": "05:37", "dzuhur": "12:49", "tanggal": "2020-07-23", "terbit": "06:55", "magrib": "18:39", "isya": "19:53", "dhuha": "07:19", "ashr": "16:10"}, {"imsyak": "05:27", "shubuh": "05:37", "dzuhur": "12:49", "tanggal": "2020-07-24", "terbit": "06:55", "magrib": "18:39", "isya": "19:53", "dhuha": "07:19", "ashr": "16:10"}, {"imsyak": "05:27", "shubuh": "05:37", "dzuhur": "12:49", "tanggal": "2020-07-25", "terbit": "06:55", "magrib": "18:39", "isya": "19:53", "dhuha": "07:19", "ashr": "16:10"}, {"imsyak": "05:27", "shubuh": "05:37", "dzuhur": "12:49", "tanggal": "2020-07-26", "terbit": "06:54", "magrib": "18:40", "isya": "19:53", "dhuha": "07:18", "ashr": "16:10"}, {"imsyak": "05:27", "shubuh": "05:37", "dzuhur": "12:49", "tanggal": "2020-07-27", "terbit": "06:54", "magrib": "18:40", "isya": "19:53", "dhuha": "07:18", "ashr": "16:10"}, {"imsyak": "05:26", "shubuh": "05:36", "dzuhur": "12:49", "tanggal": "2020-07-28", "terbit": "06:54", "magrib": "18:40", "isya": "19:53", "dhuha": "07:18", "ashr": "16:10"}, {"imsyak": "05:26", "shubuh": "05:36", "dzuhur": "12:49", "tanggal": "2020-07-29", "terbit": "06:54", "magrib": "18:40", "isya": "19:53", "dhuha": "07:18", "ashr": "16:10"}, {"imsyak": "05:26", "shubuh": "05:36", "dzuhur": "12:49", "tanggal": "2020-07-30", "terbit": "06:54", "magrib": "18:40", "isya": "19:53", "dhuha": "07:18", "ashr": "16:10"}, {"imsyak": "05:26", "shubuh": "05:36", "dzuhur": "12:49", "tanggal": "2020-07-31", "terbit": "06:53", "magrib": "18:40", "isya": "19:53", "dhuha": "07:17", "ashr": "16:10"}]