[{"imsyak": "05:26", "shubuh": "05:36", "dzuhur": "12:49", "tanggal": "2020-08-01", "terbit": "06:53", "magrib": "18:40", "isya": "19:53", "dhuha": "07:17", "ashr": "16:10"}, {"imsyak": "05:26", "shubuh": "05:36", "dzuhur": "12:49", "tanggal": "2020-08-02", "terbit": "06:53", "magrib": "18:41", "isya": "19:53", "dhuha": "07:17", "ashr": "16:10"}, {"imsyak": "05:26", "shubuh": "05:36", "dzuhur": "12:49", "tanggal": "2020-08-03", "terbit": "06:53", "magrib": "18:41", "isya": "19:53", "dhuha": "07:17", "ashr": "16:10"}, {"imsyak": "05:26", "shubuh": "05:36", "dzuhur": "12:49", "tanggal": "2020-08-04", "terbit": "06:52", "magrib": "18:41", "isya": "19:53", "dhuha": "07:16", "ashr": "16:10"}, {"imsyak": "05:25", "shubuh": "05:35", "dzuhur": "12:48", "tanggal": "2020-08-05", "terbit": "06:52", "magrib": "18:41", "isya": "19:53", "dhuha": "07:16", "ashr": "16:10"}, {"imsyak": "05:25", "shubuh": "05:35", "dzuhur": "12:48", "tanggal": "2020-08-06", "terbit": "06:52", "magrib": "18:41", "isya": "19:53", "dhuha": "07:16", "ashr": "16:10"}, {"imsyak": "05:25", "shubuh": "05:35", "dzuhur": "12:48", "tanggal": "2020-08-07", "terbit": "06:52", "magrib": "18:41", "isya": "19:53", "dhuha": "07:16", "ashr": "16:09"}, {"imsyak": "05:25", "shubuh": "05:35", "dzuhur": "12:48", "tanggal": "2020-08-08", "terbit": "06:51", "magrib": "18:41", "isya": "19:53", "dhuha": "07:15", "ashr": "16:09"}, {"imsyak": "05:25", "shubuh": "05:35", "dzuhur": "12:48", "tanggal": "2020-08-09", "terbit": "06:51", "magrib": "18:41", "isya": "19:53", "dhuha": "07:15", "ashr": "16:09"}, {"imsyak": "05:24", "shubuh": "05:34", "dzuhur": "12:48", "tanggal": "2020-08-10", "terbit": "06:51", "magrib": "18:41", "isya": "19:53", "dhuha": "07:15", "ashr": "16:09"}, {"imsyak": "05:24", "shubuh": "05:34", "dzuhur": "12:48", "tanggal": "2020-08-11", "terbit": "06:50", "magrib": "18:41", "isya": "19:53", "dhuha": "07:14", "ashr": "16:09"}, {"imsyak": "05:24", "shubuh": "05:34", "dzuhur": "12:48", "tanggal": "2020-08-12", "terbit": "06:50", "magrib": "18:41", "isya": "19:53", "dhuha": "07:14", "ashr": "16:09"}, {"imsyak": "05:24", "shubuh": "05:34", "dzuhur": "12:47", "tanggal": "2020-08-13", "terbit": "06:50", "magrib": "18:41", "isya": "19:53", "dhuha": "07:14", "ashr": "16:09"}, {"imsyak": "05:23", "shubuh": "05:33", "dzuhur": "12:47", "tanggal": "2020-08-14", "terbit": "06:49", "magrib": "18:41", "isya": "19:53", "dhuha": "07:13", "ashr": "16:08"}, {"imsyak": "05:23", "shubuh": "05:33", "dzuhur": "12:47", "tanggal": "2020-08-15", "terbit": "06:49", "magrib": "18:41", "isya": "19:53", "dhuha": "07:13", "ashr": "16:08"}, {"imsyak": "05:23", "shubuh": "05:33", "dzuhur": "12:47", "tanggal": "2020-08-16", "terbit": "06:48", "magrib": "18:41", "isya": "19:53", "dhuha": "07:12", "ashr": "16:08"}, {"imsyak": "05:23", "shubuh": "05:33", "dzuhur": "12:47", "tanggal": "2020-08-17", "terbit": "06:48", "magrib": "18:41", "isya": "19:52", "dhuha": "07:12", "ashr": "16:08"}, {"imsyak": "05:22", "shubuh": "05:32", "dzuhur": "12:46", "tanggal": "2020-08-18", "terbit": "06:48", "magrib": "18:41", "isya": "19:52", "dhuha": "07:12", "ashr": "16:07"}, {"imsyak": "05:22", "shubuh": "05:32", "dzuhur": "12:46", "tanggal": "2020-08-19", "terbit": "06:47", "magrib": "18:41", "isya": "19:52", "dhuha": "07:11", "ashr": "16:07"}, {"imsyak": "05:21", "shubuh": "05:31", "dzuhur": "12:46", "tanggal": "2020-08-20", "terbit": "06:47", "magrib": "18:41", "isya": "19:52", "dhuha": "07:11", "ashr": "16:07"}, {"imsyak": "05:21", "shubuh": "05:31", "dzuhur": "12:46", "tanggal": "2020-08-21", "terbit": "06:46", "magrib": "18:41", "isya": "19:52", "dhuha": "07:10", "ashr": "16:07"}, {"imsyak": "05:21", "shubuh": "05:31", "dzuhur": "12:45", "tanggal": "2020-08-22", "terbit": "06:46", "magrib": "18:41", "isya": "19:52", "dhuha": "07:10", "ashr": "16:06"}, {"imsyak": "05:20", "shubuh": "05:30", "dzuhur": "12:45", "tanggal": "2020-08-23", "terbit": "06:45", "magrib": "18:41", "isya": "19:52", "dhuha": "07:09", "ashr": "16:06"}, {"imsyak": "05:20", "shubuh": "05:30", "dzuhur": "12:45", "tanggal": "2020-08-24", "terbit": "06:45", "magrib": "18:41", "isya": "19:52", "dhuha": "07:09", "ashr": "16:06"}, {"imsyak": "05:20", "shubuh": "05:30", "dzuhur": "12:45", "tanggal": "2020-08-25", "terbit": "06:44", "magrib": "18:41", "isya": "19:52", "dhuha": "07:08", "ashr": "16:05"}, {"imsyak": "05:19", "shubuh": "05:29", "dzuhur": "12:44", "tanggal": "2020-08-26", "terbit": "06:44", "magrib": "18:41", "isya": "19:51", "dhuha": "07:08", "ashr": "16:05"}, {"imsyak": "05:19", "shubuh": "05:29", "dzuhur": "12:44", "tanggal": "2020-08-27", "terbit": "06:43", "magrib": "18:41", "isya": "19:51", "dhuha": "07:07", "ashr": "16:04"}, {"imsyak": "05:18", "shubuh": "05:28", "dzuhur": "12:44", "tanggal": "2020-08-28", "terbit": "06:43", "magrib": "18:41", "isya": "19:51", "dhuha": "07:07", "ashr": "16:04"}, {"imsyak": "05:18", "shubuh": "05:28", "dzuhur": "12:43", "tanggal": "2020-08-29", "terbit": "06:42", "magrib": "18:41", "isya": "19:51", "dhuha": "07:06", "ashr": "16:04"}, {"imsyak": "05:17", "shubuh": "05:27", "dzuhur": "12:43", "tanggal": "2020-08-30", "terbit": "06:42", "magrib": "18:41", "isya": "19:51", "dhuha": "07:06", "ashr": "16:03"}, {"imsyak": "05:17", "shubuh": "05:27", "dzuhur": "12:43", "tanggal": "2020-08-31", "terbit": "06:41", "magrib": "18:41", "isya": "19:51", "dhuha": "07:05", "ashr": "16:03"}]