[{"tanggal": "2020-10-01", "imsyak": "04:59", "shubuh": "05:09", "terbit": "06:23", "dhuha": "06:47", "dzuhur": "12:32", "ashr": "15:43", "magrib": "18:38", "isya": "19:47"}, {"tanggal": "2020-10-02", "imsyak": "04:58", "shubuh": "05:08", "terbit": "06:22", "dhuha": "06:46", "dzuhur": "12:32", "ashr": "15:42", "magrib": "18:38", "isya": "19:47"}, {"tanggal": "2020-10-03", "imsyak": "04:58", "shubuh": "05:08", "terbit": "06:22", "dhuha": "06:46", "dzuhur": "12:32", "ashr": "15:42", "magrib": "18:37", "isya": "19:47"}, {"tanggal": "2020-10-04", "imsyak": "04:57", "shubuh": "05:07", "terbit": "06:21", "dhuha": "06:45", "dzuhur": "12:31", "ashr": "15:41", "magrib": "18:37", "isya": "19:47"}, {"tanggal": "2020-10-05", "imsyak": "04:56", "shubuh": "05:06", "terbit": "06:21", "dhuha": "06:45", "dzuhur": "12:31", "ashr": "15:40", "magrib": "18:37", "isya": "19:47"}, {"tanggal": "2020-10-06", "imsyak": "04:56", "shubuh": "05:06", "terbit": "06:20", "dhuha": "06:44", "dzuhur": "12:31", "ashr": "15:39", "magrib": "18:37", "isya": "19:47"}, {"tanggal": "2020-10-07", "imsyak": "04:55", "shubuh": "05:05", "terbit": "06:20", "dhuha": "06:44", "dzuhur": "12:30", "ashr": "15:38", "magrib": "18:37", "isya": "19:47"}, {"tanggal": "2020-10-08", "imsyak": "04:55", "shubuh": "05:05", "terbit": "06:19", "dhuha": "06:43", "dzuhur": "12:30", "ashr": "15:38", "magrib": "18:37", "isya": "19:47"}, {"tanggal": "2020-10-09", "imsyak": "04:54", "shubuh": "05:04", "terbit": "06:18", "dhuha": "06:42", "dzuhur": "12:30", "ashr": "15:37", "magrib": "18:37", "isya": "19:47"}, {"tanggal": "2020-10-10", "imsyak": "04:53", "shubuh": "05:03", "terbit": "06:18", "dhuha": "06:42", "dzuhur": "12:29", "ashr": "15:36", "magrib": "18:37", "isya": "19:47"}, {"tanggal": "2020-10-11", "imsyak": "04:53", "shubuh": "05:03", "terbit": "06:17", "dhuha": "06:41", "dzuhur": "12:29", "ashr": "15:35", "magrib": "18:37", "isya": "19:48"}, {"tanggal": "2020-10-12", "imsyak": "04:52", "shubuh": "05:02", "terbit": "06:17", "dhuha": "06:41", "dzuhur": "12:29", "ashr": "15:34", "magrib": "18:37", "isya": "19:48"}, {"tanggal": "2020-10-13", "imsyak": "04:52", "shubuh": "05:02", "terbit": "06:16", "dhuha": "06:40", "dzuhur": "12:29", "ashr": "15:33", "magrib": "18:37", "isya": "19:48"}, {"tanggal": "2020-10-14", "imsyak": "04:51", "shubuh": "05:01", "terbit": "06:16", "dhuha": "06:40", "dzuhur": "12:28", "ashr": "15:33", "magrib": "18:37", "isya": "19:48"}, {"tanggal": "2020-10-15", "imsyak": "04:51", "shubuh": "05:01", "terbit": "06:15", "dhuha": "06:39", "dzuhur": "12:28", "ashr": "15:32", "magrib": "18:37", "isya": "19:48"}, {"tanggal": "2020-10-16", "imsyak": "04:50", "shubuh": "05:00", "terbit": "06:15", "dhuha": "06:39", "dzuhur": "12:28", "ashr": "15:31", "magrib": "18:37", "isya": "19:48"}, {"tanggal": "2020-10-17", "imsyak": "04:49", "shubuh": "04:59", "terbit": "06:15", "dhuha": "06:39", "dzuhur": "12:28", "ashr": "15:31", "magrib": "18:37", "isya": "19:48"}, {"tanggal": "2020-10-18", "imsyak": "04:49", "shubuh": "04:59", "terbit": "06:14", "dhuha": "06:38", "dzuhur": "12:28", "ashr": "15:31", "magrib": "18:37", "isya": "19:48"}, {"tanggal": "2020-10-19", "imsyak": "04:48", "shubuh": "04:58", "terbit": "06:14", "dhuha": "06:38", "dzuhur": "12:27", "ashr": "15:32", "magrib": "18:37", "isya": "19:48"}, {"tanggal": "2020-10-20", "imsyak": "04:48", "shubuh": "04:58", "terbit": "06:13", "dhuha": "06:37", "dzuhur": "12:27", "ashr": "15:32", "magrib": "18:37", "isya": "19:49"}, {"tanggal": "2020-10-21", "imsyak": "04:47", "shubuh": "04:57", "terbit": "06:13", "dhuha": "06:37", "dzuhur": "12:27", "ashr": "15:33", "magrib": "18:37", "isya": "19:49"}, {"tanggal": "2020-10-22", "imsyak": "04:47", "shubuh": "04:57", "terbit": "06:12", "dhuha": "06:36", "dzuhur": "12:27", "ashr": "15:34", "magrib": "18:38", "isya": "19:49"}, {"tanggal": "2020-10-23", "imsyak": "04:46", "shubuh": "04:56", "terbit": "06:12", "dhuha": "06:36", "dzuhur": "12:27", "ashr": "15:34", "magrib": "18:38", "isya": "19:49"}, {"tanggal": "2020-10-24", "imsyak": "04:46", "shubuh": "04:56", "terbit": "06:12", "dhuha": "06:36", "dzuhur": "12:27", "ashr": "15:35", "magrib": "18:38", "isya": "19:49"}, {"tanggal": "2020-10-25", "imsyak": "04:45", "shubuh": "04:55", "terbit": "06:11", "dhuha": "06:35", "dzuhur": "12:27", "ashr": "15:35", "magrib": "18:38", "isya": "19:50"}, {"tanggal": "2020-10-26", "imsyak": "04:45", "shubuh": "04:55", "terbit": "06:11", "dhuha": "06:35", "dzuhur": "12:26", "ashr": "15:36", "magrib": "18:38", "isya": "19:50"}, {"tanggal": "2020-10-27", "imsyak": "04:44", "shubuh": "04:54", "terbit": "06:11", "dhuha": "06:35", "dzuhur": "12:26", "ashr": "15:37", "magrib": "18:38", "isya": "19:50"}, {"tanggal": "2020-10-28", "imsyak": "04:44", "shubuh": "04:54", "terbit": "06:10", "dhuha": "06:34", "dzuhur": "12:26", "ashr": "15:37", "magrib": "18:38", "isya": "19:50"}, {"tanggal": "2020-10-29", "imsyak": "04:43", "shubuh": "04:53", "terbit": "06:10", "dhuha": "06:34", "dzuhur": "12:26", "ashr": "15:38", "magrib": "18:38", "isya": "19:51"}, {"tanggal": "2020-10-30", "imsyak": "04:43", "shubuh": "04:53", "terbit": "06:10", "dhuha": "06:34", "dzuhur": "12:26", "ashr": "15:38", "magrib": "18:39", "isya": "19:51"}, {"tanggal": "2020-10-31", "imsyak": "04:43", "shubuh": "04:53", "terbit": "06:09", "dhuha": "06:33", "dzuhur": "12:26", "ashr": "15:39", "magrib": "18:39", "isya": "19:51"}]