[{"tanggal": "2020-02-01", "imsyak": "04:44", "shubuh": "04:54", "terbit": "06:11", "dhuha": "06:35", "dzuhur": "12:21", "ashr": "15:43", "magrib": "18:28", "isya": "19:40"}, {"tanggal": "2020-02-02", "imsyak": "04:44", "shubuh": "04:54", "terbit": "06:11", "dhuha": "06:35", "dzuhur": "12:22", "ashr": "15:43", "magrib": "18:28", "isya": "19:40"}, {"tanggal": "2020-02-03", "imsyak": "04:45", "shubuh": "04:55", "terbit": "06:11", "dhuha": "06:35", "dzuhur": "12:22", "ashr": "15:43", "magrib": "18:28", "isya": "19:40"}, {"tanggal": "2020-02-04", "imsyak": "04:45", "shubuh": "04:55", "terbit": "06:11", "dhuha": "06:35", "dzuhur": "12:22", "ashr": "15:43", "magrib": "18:28", "isya": "19:40"}, {"tanggal": "2020-02-05", "imsyak": "04:45", "shubuh": "04:55", "terbit": "06:11", "dhuha": "06:35", "dzuhur": "12:22", "ashr": "15:43", "magrib": "18:28", "isya": "19:40"}, {"tanggal": "2020-02-06", "imsyak": "04:45", "shubuh": "04:55", "terbit": "06:12", "dhuha": "06:36", "dzuhur": "12:22", "ashr": "15:42", "magrib": "18:28", "isya": "19:40"}, {"tanggal": "2020-02-07", "imsyak": "04:46", "shubuh": "04:56", "terbit": "06:12", "dhuha": "06:36", "dzuhur": "12:22", "ashr": "15:42", "magrib": "18:28", "isya": "19:40"}, {"tanggal": "2020-02-08", "imsyak": "04:46", "shubuh": "04:56", "terbit": "06:12", "dhuha": "06:36", "dzuhur": "12:22", "ashr": "15:42", "magrib": "18:28", "isya": "19:40"}, {"tanggal": "2020-02-09", "imsyak": "04:46", "shubuh": "04:56", "terbit": "06:12", "dhuha": "06:36", "dzuhur": "12:22", "ashr": "15:42", "magrib": "18:28", "isya": "19:40"}, {"tanggal": "2020-02-10", "imsyak": "04:46", "shubuh": "04:56", "terbit": "06:12", "dhuha": "06:36", "dzuhur": "12:22", "ashr": "15:41", "magrib": "18:28", "isya": "19:40"}, {"tanggal": "2020-02-11", "imsyak": "04:47", "shubuh": "04:57", "terbit": "06:12", "dhuha": "06:36", "dzuhur": "12:22", "ashr": "15:41", "magrib": "18:28", "isya": "19:39"}, {"tanggal": "2020-02-12", "imsyak": "04:47", "shubuh": "04:57", "terbit": "06:12", "dhuha": "06:36", "dzuhur": "12:22", "ashr": "15:41", "magrib": "18:28", "isya": "19:39"}, {"tanggal": "2020-02-13", "imsyak": "04:47", "shubuh": "04:57", "terbit": "06:12", "dhuha": "06:36", "dzuhur": "12:22", "ashr": "15:40", "magrib": "18:28", "isya": "19:39"}, {"tanggal": "2020-02-14", "imsyak": "04:47", "shubuh": "04:57", "terbit": "06:12", "dhuha": "06:36", "dzuhur": "12:22", "ashr": "15:40", "magrib": "18:28", "isya": "19:39"}, {"tanggal": "2020-02-15", "imsyak": "04:47", "shubuh": "04:57", "terbit": "06:12", "dhuha": "06:36", "dzuhur": "12:22", "ashr": "15:39", "magrib": "18:28", "isya": "19:39"}, {"tanggal": "2020-02-16", "imsyak": "04:48", "shubuh": "04:58", "terbit": "06:12", "dhuha": "06:36", "dzuhur": "12:22", "ashr": "15:39", "magrib": "18:28", "isya": "19:38"}, {"tanggal": "2020-02-17", "imsyak": "04:48", "shubuh": "04:58", "terbit": "06:12", "dhuha": "06:36", "dzuhur": "12:22", "ashr": "15:38", "magrib": "18:28", "isya": "19:38"}, {"tanggal": "2020-02-18", "imsyak": "04:48", "shubuh": "04:58", "terbit": "06:12", "dhuha": "06:36", "dzuhur": "12:22", "ashr": "15:38", "magrib": "18:28", "isya": "19:38"}, {"tanggal": "2020-02-19", "imsyak": "04:48", "shubuh": "04:58", "terbit": "06:12", "dhuha": "06:36", "dzuhur": "12:22", "ashr": "15:37", "magrib": "18:27", "isya": "19:38"}, {"tanggal": "2020-02-20", "imsyak": "04:48", "shubuh": "04:58", "terbit": "06:12", "dhuha": "06:36", "dzuhur": "12:22", "ashr": "15:37", "magrib": "18:27", "isya": "19:37"}, {"tanggal": "2020-02-21", "imsyak": "04:48", "shubuh": "04:58", "terbit": "06:12", "dhuha": "06:36", "dzuhur": "12:22", "ashr": "15:36", "magrib": "18:27", "isya": "19:37"}, {"tanggal": "2020-02-22", "imsyak": "04:48", "shubuh": "04:58", "terbit": "06:12", "dhuha": "06:36", "dzuhur": "12:22", "ashr": "15:36", "magrib": "18:27", "isya": "19:37"}, {"tanggal": "2020-02-23", "imsyak": "04:48", "shubuh": "04:58", "terbit": "06:12", "dhuha": "06:36", "dzuhur": "12:22", "ashr": "15:35", "magrib": "18:27", "isya": "19:37"}, {"tanggal": "2020-02-24", "imsyak": "04:48", "shubuh": "04:58", "terbit": "06:12", "dhuha": "06:36", "dzuhur": "12:21", "ashr": "15:34", "magrib": "18:26", "isya": "19:36"}, {"tanggal": "2020-02-25", "imsyak": "04:48", "shubuh": "04:58", "terbit": "06:12", "dhuha": "06:36", "dzuhur": "12:21", "ashr": "15:34", "magrib": "18:26", "isya": "19:36"}, {"tanggal": "2020-02-26", "imsyak": "04:48", "shubuh": "04:58", "terbit": "06:12", "dhuha": "06:36", "dzuhur": "12:21", "ashr": "15:33", "magrib": "18:26", "isya": "19:36"}, {"tanggal": "2020-02-27", "imsyak": "04:48", "shubuh": "04:58", "terbit": "06:12", "dhuha": "06:36", "dzuhur": "12:21", "ashr": "15:32", "magrib": "18:26", "isya": "19:35"}, {"tanggal": "2020-02-28", "imsyak": "04:48", "shubuh": "04:58", "terbit": "06:12", "dhuha": "06:36", "dzuhur": "12:21", "ashr": "15:31", "magrib": "18:26", "isya": "19:35"}, {"tanggal": "2020-02-29", "imsyak": "04:48", "shubuh": "04:58", "terbit": "06:12", "dhuha": "06:36", "dzuhur": "12:21", "ashr": "15:31", "magrib": "18:25", "isya": "19:35"}]