[{"imsyak": "04:43", "shubuh": "04:53", "dzuhur": "12:12", "tanggal": "2020-04-01", "terbit": "06:05", "magrib": "18:14", "isya": "19:23", "dhuha": "06:29", "ashr": "15:23"}, {"imsyak": "04:42", "shubuh": "04:52", "dzuhur": "12:12", "tanggal": "2020-04-02", "terbit": "06:05", "magrib": "18:14", "isya": "19:23", "dhuha": "06:29", "ashr": "15:24"}, {"imsyak": "04:42", "shubuh": "04:52", "dzuhur": "12:11", "tanggal": "2020-04-03", "terbit": "06:05", "magrib": "18:14", "isya": "19:23", "dhuha": "06:29", "ashr": "15:24"}, {"imsyak": "04:42", "shubuh": "04:52", "dzuhur": "12:11", "tanggal": "2020-04-04", "terbit": "06:05", "magrib": "18:13", "isya": "19:22", "dhuha": "06:29", "ashr": "15:24"}, {"imsyak": "04:41", "shubuh": "04:51", "dzuhur": "12:11", "tanggal": "2020-04-05", "terbit": "06:05", "magrib": "18:13", "isya": "19:22", "dhuha": "06:29", "ashr": "15:24"}, {"imsyak": "04:41", "shubuh": "04:51", "dzuhur": "12:11", "tanggal": "2020-04-06", "terbit": "06:04", "magrib": "18:13", "isya": "19:22", "dhuha": "06:28", "ashr": "15:24"}, {"imsyak": "04:41", "shubuh": "04:51", "dzuhur": "12:10", "tanggal": "2020-04-07", "terbit": "06:04", "magrib": "18:12", "isya": "19:21", "dhuha": "06:28", "ashr": "15:24"}, {"imsyak": "04:41", "shubuh": "04:51", "dzuhur": "12:10", "tanggal": "2020-04-08", "terbit": "06:04", "magrib": "18:12", "isya": "19:21", "dhuha": "06:28", "ashr": "15:24"}, {"imsyak": "04:40", "shubuh": "04:50", "dzuhur": "12:10", "tanggal": "2020-04-09", "terbit": "06:04", "magrib": "18:12", "isya": "19:21", "dhuha": "06:28", "ashr": "15:25"}, {"imsyak": "04:40", "shubuh": "04:50", "dzuhur": "12:09", "tanggal": "2020-04-10", "terbit": "06:03", "magrib": "18:11", "isya": "19:21", "dhuha": "06:27", "ashr": "15:25"}, {"imsyak": "04:40", "shubuh": "04:50", "dzuhur": "12:09", "tanggal": "2020-04-11", "terbit": "06:03", "magrib": "18:11", "isya": "19:20", "dhuha": "06:27", "ashr": "15:25"}, {"imsyak": "04:40", "shubuh": "04:50", "dzuhur": "12:09", "tanggal": "2020-04-12", "terbit": "06:03", "magrib": "18:11", "isya": "19:20", "dhuha": "06:27", "ashr": "15:25"}, {"imsyak": "04:39", "shubuh": "04:49", "dzuhur": "12:09", "tanggal": "2020-04-13", "terbit": "06:03", "magrib": "18:10", "isya": "19:20", "dhuha": "06:27", "ashr": "15:25"}, {"imsyak": "04:39", "shubuh": "04:49", "dzuhur": "12:08", "tanggal": "2020-04-14", "terbit": "06:03", "magrib": "18:10", "isya": "19:20", "dhuha": "06:27", "ashr": "15:25"}, {"imsyak": "04:39", "shubuh": "04:49", "dzuhur": "12:08", "tanggal": "2020-04-15", "terbit": "06:03", "magrib": "18:10", "isya": "19:19", "dhuha": "06:27", "ashr": "15:25"}, {"imsyak": "04:38", "shubuh": "04:48", "dzuhur": "12:08", "tanggal": "2020-04-16", "terbit": "06:02", "magrib": "18:09", "isya": "19:19", "dhuha": "06:26", "ashr": "15:25"}, {"imsyak": "04:38", "shubuh": "04:48", "dzuhur": "12:08", "tanggal": "2020-04-17", "terbit": "06:02", "magrib": "18:09", "isya": "19:19", "dhuha": "06:26", "ashr": "15:25"}, {"imsyak": "04:38", "shubuh": "04:48", "dzuhur": "12:07", "tanggal": "2020-04-18", "terbit": "06:02", "magrib": "18:09", "isya": "19:19", "dhuha": "06:26", "ashr": "15:25"}, {"imsyak": "04:38", "shubuh": "04:48", "dzuhur": "12:07", "tanggal": "2020-04-19", "terbit": "06:02", "magrib": "18:09", "isya": "19:19", "dhuha": "06:26", "ashr": "15:26"}, {"imsyak": "04:37", "shubuh": "04:47", "dzuhur": "12:07", "tanggal": "2020-04-20", "terbit": "06:02", "magrib": "18:08", "isya": "19:18", "dhuha": "06:26", "ashr": "15:26"}, {"imsyak": "04:37", "shubuh": "04:47", "dzuhur": "12:07", "tanggal": "2020-04-21", "terbit": "06:02", "magrib": "18:08", "isya": "19:18", "dhuha": "06:26", "ashr": "15:26"}, {"imsyak": "04:37", "shubuh": "04:47", "dzuhur": "12:07", "tanggal": "2020-04-22", "terbit": "06:01", "magrib": "18:08", "isya": "19:18", "dhuha": "06:25", "ashr": "15:26"}, {"imsyak": "04:37", "shubuh": "04:47", "dzuhur": "12:06", "tanggal": "2020-04-23", "terbit": "06:01", "magrib": "18:08", "isya": "19:18", "dhuha": "06:25", "ashr": "15:26"}, {"imsyak": "04:36", "shubuh": "04:46", "dzuhur": "12:06", "tanggal": "2020-04-24", "terbit": "06:01", "magrib": "18:07", "isya": "19:18", "dhuha": "06:25", "ashr": "15:26"}, {"imsyak": "04:36", "shubuh": "04:46", "dzuhur": "12:06", "tanggal": "2020-04-25", "terbit": "06:01", "magrib": "18:07", "isya": "19:18", "dhuha": "06:25", "ashr": "15:26"}, {"imsyak": "04:36", "shubuh": "04:46", "dzuhur": "12:06", "tanggal": "2020-04-26", "terbit": "06:01", "magrib": "18:07", "isya": "19:18", "dhuha": "06:25", "ashr": "15:26"}, {"imsyak": "04:36", "shubuh": "04:46", "dzuhur": "12:06", "tanggal": "2020-04-27", "terbit": "06:01", "magrib": "18:07", "isya": "19:17", "dhuha": "06:25", "ashr": "15:26"}, {"imsyak": "04:36", "shubuh": "04:46", "dzuhur": "12:06", "tanggal": "2020-04-28", "terbit": "06:01", "magrib": "18:06", "isya": "19:17", "dhuha": "06:25", "ashr": "15:26"}, {"imsyak": "04:35", "shubuh": "04:45", "dzuhur": "12:05", "tanggal": "2020-04-29", "terbit": "06:01", "magrib": "18:06", "isya": "19:17", "dhuha": "06:25", "ashr": "15:26"}, {"imsyak": "04:35", "shubuh": "04:45", "dzuhur": "12:05", "tanggal": "2020-04-30", "terbit": "06:00", "magrib": "18:06", "isya": "19:17", "dhuha": "06:24", "ashr": "15:26"}]