[{"imsyak": "04:35", "shubuh": "04:45", "dzuhur": "12:05", "tanggal": "2020-05-01", "terbit": "06:00", "magrib": "18:06", "isya": "19:17", "dhuha": "06:24", "ashr": "15:26"}, {"imsyak": "04:35", "shubuh": "04:45", "dzuhur": "12:05", "tanggal": "2020-05-02", "terbit": "06:00", "magrib": "18:06", "isya": "19:17", "dhuha": "06:24", "ashr": "15:26"}, {"imsyak": "04:35", "shubuh": "04:45", "dzuhur": "12:05", "tanggal": "2020-05-03", "terbit": "06:00", "magrib": "18:06", "isya": "19:17", "dhuha": "06:24", "ashr": "15:26"}, {"imsyak": "04:35", "shubuh": "04:45", "dzuhur": "12:05", "tanggal": "2020-05-04", "terbit": "06:00", "magrib": "18:05", "isya": "19:17", "dhuha": "06:24", "ashr": "15:27"}, {"imsyak": "04:34", "shubuh": "04:44", "dzuhur": "12:05", "tanggal": "2020-05-05", "terbit": "06:00", "magrib": "18:05", "isya": "19:17", "dhuha": "06:24", "ashr": "15:27"}, {"imsyak": "04:34", "shubuh": "04:44", "dzuhur": "12:05", "tanggal": "2020-05-06", "terbit": "06:00", "magrib": "18:05", "isya": "19:17", "dhuha": "06:24", "ashr": "15:27"}, {"imsyak": "04:34", "shubuh": "04:44", "dzuhur": "12:05", "tanggal": "2020-05-07", "terbit": "06:00", "magrib": "18:05", "isya": "19:17", "dhuha": "06:24", "ashr": "15:27"}, {"imsyak": "04:34", "shubuh": "04:44", "dzuhur": "12:05", "tanggal": "2020-05-08", "terbit": "06:00", "magrib": "18:05", "isya": "19:17", "dhuha": "06:24", "ashr": "15:27"}, {"imsyak": "04:34", "shubuh": "04:44", "dzuhur": "12:04", "tanggal": "2020-05-09", "terbit": "06:00", "magrib": "18:05", "isya": "19:17", "dhuha": "06:24", "ashr": "15:27"}, {"imsyak": "04:34", "shubuh": "04:44", "dzuhur": "12:04", "tanggal": "2020-05-10", "terbit": "06:00", "magrib": "18:05", "isya": "19:17", "dhuha": "06:24", "ashr": "15:27"}, {"imsyak": "04:34", "shubuh": "04:44", "dzuhur": "12:04", "tanggal": "2020-05-11", "terbit": "06:00", "magrib": "18:05", "isya": "19:17", "dhuha": "06:24", "ashr": "15:27"}, {"imsyak": "04:33", "shubuh": "04:43", "dzuhur": "12:04", "tanggal": "2020-05-12", "terbit": "06:00", "magrib": "18:05", "isya": "19:17", "dhuha": "06:24", "ashr": "15:27"}, {"imsyak": "04:33", "shubuh": "04:43", "dzuhur": "12:04", "tanggal": "2020-05-13", "terbit": "06:00", "magrib": "18:05", "isya": "19:17", "dhuha": "06:24", "ashr": "15:27"}, {"imsyak": "04:33", "shubuh": "04:43", "dzuhur": "12:04", "tanggal": "2020-05-14", "terbit": "06:00", "magrib": "18:05", "isya": "19:17", "dhuha": "06:24", "ashr": "15:27"}, {"imsyak": "04:33", "shubuh": "04:43", "dzuhur": "12:04", "tanggal": "2020-05-15", "terbit": "06:00", "magrib": "18:04", "isya": "19:17", "dhuha": "06:24", "ashr": "15:27"}, {"imsyak": "04:33", "shubuh": "04:43", "dzuhur": "12:04", "tanggal": "2020-05-16", "terbit": "06:00", "magrib": "18:04", "isya": "19:17", "dhuha": "06:24", "ashr": "15:28"}, {"imsyak": "04:33", "shubuh": "04:43", "dzuhur": "12:04", "tanggal": "2020-05-17", "terbit": "06:00", "magrib": "18:04", "isya": "19:17", "dhuha": "06:24", "ashr": "15:28"}, {"imsyak": "04:33", "shubuh": "04:43", "dzuhur": "12:04", "tanggal": "2020-05-18", "terbit": "06:00", "magrib": "18:04", "isya": "19:17", "dhuha": "06:24", "ashr": "15:28"}, {"imsyak": "04:33", "shubuh": "04:43", "dzuhur": "12:04", "tanggal": "2020-05-19", "terbit": "06:01", "magrib": "18:04", "isya": "19:17", "dhuha": "06:25", "ashr": "15:28"}, {"imsyak": "04:33", "shubuh": "04:43", "dzuhur": "12:05", "tanggal": "2020-05-20", "terbit": "06:01", "magrib": "18:04", "isya": "19:18", "dhuha": "06:25", "ashr": "15:28"}, {"imsyak": "04:33", "shubuh": "04:43", "dzuhur": "12:05", "tanggal": "2020-05-21", "terbit": "06:01", "magrib": "18:04", "isya": "19:18", "dhuha": "06:25", "ashr": "15:28"}, {"imsyak": "04:33", "shubuh": "04:43", "dzuhur": "12:05", "tanggal": "2020-05-22", "terbit": "06:01", "magrib": "18:05", "isya": "19:18", "dhuha": "06:25", "ashr": "15:28"}, {"imsyak": "04:33", "shubuh": "04:43", "dzuhur": "12:05", "tanggal": "2020-05-23", "terbit": "06:01", "magrib": "18:05", "isya": "19:18", "dhuha": "06:25", "ashr": "15:28"}, {"imsyak": "04:33", "shubuh": "04:43", "dzuhur": "12:05", "tanggal": "2020-05-24", "terbit": "06:01", "magrib": "18:05", "isya": "19:18", "dhuha": "06:25", "ashr": "15:29"}, {"imsyak": "04:33", "shubuh": "04:43", "dzuhur": "12:05", "tanggal": "2020-05-25", "terbit": "06:01", "magrib": "18:05", "isya": "19:18", "dhuha": "06:25", "ashr": "15:29"}, {"imsyak": "04:33", "shubuh": "04:43", "dzuhur": "12:05", "tanggal": "2020-05-26", "terbit": "06:01", "magrib": "18:05", "isya": "19:18", "dhuha": "06:25", "ashr": "15:29"}, {"imsyak": "04:33", "shubuh": "04:43", "dzuhur": "12:05", "tanggal": "2020-05-27", "terbit": "06:01", "magrib": "18:05", "isya": "19:19", "dhuha": "06:25", "ashr": "15:29"}, {"imsyak": "04:33", "shubuh": "04:43", "dzuhur": "12:05", "tanggal": "2020-05-28", "terbit": "06:02", "magrib": "18:05", "isya": "19:19", "dhuha": "06:26", "ashr": "15:29"}, {"imsyak": "04:33", "shubuh": "04:43", "dzuhur": "12:05", "tanggal": "2020-05-29", "terbit": "06:02", "magrib": "18:05", "isya": "19:19", "dhuha": "06:26", "ashr": "15:29"}, {"imsyak": "04:33", "shubuh": "04:43", "dzuhur": "12:06", "tanggal": "2020-05-30", "terbit": "06:02", "magrib": "18:05", "isya": "19:19", "dhuha": "06:26", "ashr": "15:30"}, {"imsyak": "04:33", "shubuh": "04:43", "dzuhur": "12:06", "tanggal": "2020-05-31", "terbit": "06:02", "magrib": "18:05", "isya": "19:19", "dhuha": "06:26", "ashr": "15:30"}]