[{"imsyak": "04:33", "shubuh": "04:43", "dzuhur": "12:06", "tanggal": "2020-06-01", "terbit": "06:02", "magrib": "18:05", "isya": "19:20", "dhuha": "06:26", "ashr": "15:30"}, {"imsyak": "04:34", "shubuh": "04:44", "dzuhur": "12:06", "tanggal": "2020-06-02", "terbit": "06:02", "magrib": "18:06", "isya": "19:20", "dhuha": "06:26", "ashr": "15:30"}, {"imsyak": "04:34", "shubuh": "04:44", "dzuhur": "12:06", "tanggal": "2020-06-03", "terbit": "06:03", "magrib": "18:06", "isya": "19:20", "dhuha": "06:27", "ashr": "15:30"}, {"imsyak": "04:34", "shubuh": "04:44", "dzuhur": "12:06", "tanggal": "2020-06-04", "terbit": "06:03", "magrib": "18:06", "isya": "19:20", "dhuha": "06:27", "ashr": "15:31"}, {"imsyak": "04:34", "shubuh": "04:44", "dzuhur": "12:06", "tanggal": "2020-06-05", "terbit": "06:03", "magrib": "18:06", "isya": "19:20", "dhuha": "06:27", "ashr": "15:31"}, {"imsyak": "04:34", "shubuh": "04:44", "dzuhur": "12:07", "tanggal": "2020-06-06", "terbit": "06:03", "magrib": "18:06", "isya": "19:21", "dhuha": "06:27", "ashr": "15:31"}, {"imsyak": "04:34", "shubuh": "04:44", "dzuhur": "12:07", "tanggal": "2020-06-07", "terbit": "06:03", "magrib": "18:06", "isya": "19:21", "dhuha": "06:27", "ashr": "15:31"}, {"imsyak": "04:34", "shubuh": "04:44", "dzuhur": "12:07", "tanggal": "2020-06-08", "terbit": "06:04", "magrib": "18:06", "isya": "19:21", "dhuha": "06:28", "ashr": "15:31"}, {"imsyak": "04:34", "shubuh": "04:44", "dzuhur": "12:07", "tanggal": "2020-06-09", "terbit": "06:04", "magrib": "18:07", "isya": "19:21", "dhuha": "06:28", "ashr": "15:32"}, {"imsyak": "04:35", "shubuh": "04:45", "dzuhur": "12:07", "tanggal": "2020-06-10", "terbit": "06:04", "magrib": "18:07", "isya": "19:22", "dhuha": "06:28", "ashr": "15:32"}, {"imsyak": "04:35", "shubuh": "04:45", "dzuhur": "12:08", "tanggal": "2020-06-11", "terbit": "06:04", "magrib": "18:07", "isya": "19:22", "dhuha": "06:28", "ashr": "15:32"}, {"imsyak": "04:35", "shubuh": "04:45", "dzuhur": "12:08", "tanggal": "2020-06-12", "terbit": "06:04", "magrib": "18:07", "isya": "19:22", "dhuha": "06:28", "ashr": "15:32"}, {"imsyak": "04:35", "shubuh": "04:45", "dzuhur": "12:08", "tanggal": "2020-06-13", "terbit": "06:05", "magrib": "18:07", "isya": "19:22", "dhuha": "06:29", "ashr": "15:32"}, {"imsyak": "04:35", "shubuh": "04:45", "dzuhur": "12:08", "tanggal": "2020-06-14", "terbit": "06:05", "magrib": "18:08", "isya": "19:22", "dhuha": "06:29", "ashr": "15:33"}, {"imsyak": "04:35", "shubuh": "04:45", "dzuhur": "12:08", "tanggal": "2020-06-15", "terbit": "06:05", "magrib": "18:08", "isya": "19:23", "dhuha": "06:29", "ashr": "15:33"}, {"imsyak": "04:36", "shubuh": "04:46", "dzuhur": "12:09", "tanggal": "2020-06-16", "terbit": "06:05", "magrib": "18:08", "isya": "19:23", "dhuha": "06:29", "ashr": "15:33"}, {"imsyak": "04:36", "shubuh": "04:46", "dzuhur": "12:09", "tanggal": "2020-06-17", "terbit": "06:06", "magrib": "18:08", "isya": "19:23", "dhuha": "06:30", "ashr": "15:33"}, {"imsyak": "04:36", "shubuh": "04:46", "dzuhur": "12:09", "tanggal": "2020-06-18", "terbit": "06:06", "magrib": "18:08", "isya": "19:23", "dhuha": "06:30", "ashr": "15:34"}, {"imsyak": "04:36", "shubuh": "04:46", "dzuhur": "12:09", "tanggal": "2020-06-19", "terbit": "06:06", "magrib": "18:09", "isya": "19:24", "dhuha": "06:30", "ashr": "15:34"}, {"imsyak": "04:37", "shubuh": "04:47", "dzuhur": "12:10", "tanggal": "2020-06-20", "terbit": "06:06", "magrib": "18:09", "isya": "19:24", "dhuha": "06:30", "ashr": "15:34"}, {"imsyak": "04:37", "shubuh": "04:47", "dzuhur": "12:10", "tanggal": "2020-06-21", "terbit": "06:06", "magrib": "18:09", "isya": "19:24", "dhuha": "06:30", "ashr": "15:34"}, {"imsyak": "04:37", "shubuh": "04:47", "dzuhur": "12:10", "tanggal": "2020-06-22", "terbit": "06:07", "magrib": "18:09", "isya": "19:24", "dhuha": "06:31", "ashr": "15:34"}, {"imsyak": "04:37", "shubuh": "04:47", "dzuhur": "12:10", "tanggal": "2020-06-23", "terbit": "06:07", "magrib": "18:10", "isya": "19:24", "dhuha": "06:31", "ashr": "15:35"}, {"imsyak": "04:37", "shubuh": "04:47", "dzuhur": "12:10", "tanggal": "2020-06-24", "terbit": "06:07", "magrib": "18:10", "isya": "19:25", "dhuha": "06:31", "ashr": "15:35"}, {"imsyak": "04:38", "shubuh": "04:48", "dzuhur": "12:11", "tanggal": "2020-06-25", "terbit": "06:07", "magrib": "18:10", "isya": "19:25", "dhuha": "06:31", "ashr": "15:35"}, {"imsyak": "04:38", "shubuh": "04:48", "dzuhur": "12:11", "tanggal": "2020-06-26", "terbit": "06:07", "magrib": "18:10", "isya": "19:25", "dhuha": "06:31", "ashr": "15:35"}, {"imsyak": "04:38", "shubuh": "04:48", "dzuhur": "12:11", "tanggal": "2020-06-27", "terbit": "06:08", "magrib": "18:10", "isya": "19:25", "dhuha": "06:32", "ashr": "15:35"}, {"imsyak": "04:38", "shubuh": "04:48", "dzuhur": "12:11", "tanggal": "2020-06-28", "terbit": "06:08", "magrib": "18:11", "isya": "19:25", "dhuha": "06:32", "ashr": "15:36"}, {"imsyak": "04:39", "shubuh": "04:49", "dzuhur": "12:11", "tanggal": "2020-06-29", "terbit": "06:08", "magrib": "18:11", "isya": "19:26", "dhuha": "06:32", "ashr": "15:36"}, {"imsyak": "04:39", "shubuh": "04:49", "dzuhur": "12:12", "tanggal": "2020-06-30", "terbit": "06:08", "magrib": "18:11", "isya": "19:26", "dhuha": "06:32", "ashr": "15:36"}]