[{"imsyak": "04:39", "shubuh": "04:49", "dzuhur": "12:12", "tanggal": "2020-07-01", "terbit": "06:08", "magrib": "18:11", "isya": "19:26", "dhuha": "06:32", "ashr": "15:36"}, {"imsyak": "04:39", "shubuh": "04:49", "dzuhur": "12:12", "tanggal": "2020-07-02", "terbit": "06:09", "magrib": "18:11", "isya": "19:26", "dhuha": "06:33", "ashr": "15:36"}, {"imsyak": "04:39", "shubuh": "04:49", "dzuhur": "12:12", "tanggal": "2020-07-03", "terbit": "06:09", "magrib": "18:12", "isya": "19:26", "dhuha": "06:33", "ashr": "15:37"}, {"imsyak": "04:40", "shubuh": "04:50", "dzuhur": "12:12", "tanggal": "2020-07-04", "terbit": "06:09", "magrib": "18:12", "isya": "19:26", "dhuha": "06:33", "ashr": "15:37"}, {"imsyak": "04:40", "shubuh": "04:50", "dzuhur": "12:13", "tanggal": "2020-07-05", "terbit": "06:09", "magrib": "18:12", "isya": "19:27", "dhuha": "06:33", "ashr": "15:37"}, {"imsyak": "04:40", "shubuh": "04:50", "dzuhur": "12:13", "tanggal": "2020-07-06", "terbit": "06:09", "magrib": "18:12", "isya": "19:27", "dhuha": "06:33", "ashr": "15:37"}, {"imsyak": "04:40", "shubuh": "04:50", "dzuhur": "12:13", "tanggal": "2020-07-07", "terbit": "06:09", "magrib": "18:12", "isya": "19:27", "dhuha": "06:33", "ashr": "15:37"}, {"imsyak": "04:40", "shubuh": "04:50", "dzuhur": "12:13", "tanggal": "2020-07-08", "terbit": "06:10", "magrib": "18:13", "isya": "19:27", "dhuha": "06:34", "ashr": "15:37"}, {"imsyak": "04:41", "shubuh": "04:51", "dzuhur": "12:13", "tanggal": "2020-07-09", "terbit": "06:10", "magrib": "18:13", "isya": "19:27", "dhuha": "06:34", "ashr": "15:37"}, {"imsyak": "04:41", "shubuh": "04:51", "dzuhur": "12:13", "tanggal": "2020-07-10", "terbit": "06:10", "magrib": "18:13", "isya": "19:27", "dhuha": "06:34", "ashr": "15:38"}, {"imsyak": "04:41", "shubuh": "04:51", "dzuhur": "12:14", "tanggal": "2020-07-11", "terbit": "06:10", "magrib": "18:13", "isya": "19:27", "dhuha": "06:34", "ashr": "15:38"}, {"imsyak": "04:41", "shubuh": "04:51", "dzuhur": "12:14", "tanggal": "2020-07-12", "terbit": "06:10", "magrib": "18:13", "isya": "19:27", "dhuha": "06:34", "ashr": "15:38"}, {"imsyak": "04:41", "shubuh": "04:51", "dzuhur": "12:14", "tanggal": "2020-07-13", "terbit": "06:10", "magrib": "18:13", "isya": "19:27", "dhuha": "06:34", "ashr": "15:38"}, {"imsyak": "04:42", "shubuh": "04:52", "dzuhur": "12:14", "tanggal": "2020-07-14", "terbit": "06:10", "magrib": "18:14", "isya": "19:27", "dhuha": "06:34", "ashr": "15:38"}, {"imsyak": "04:42", "shubuh": "04:52", "dzuhur": "12:14", "tanggal": "2020-07-15", "terbit": "06:10", "magrib": "18:14", "isya": "19:28", "dhuha": "06:34", "ashr": "15:38"}, {"imsyak": "04:42", "shubuh": "04:52", "dzuhur": "12:14", "tanggal": "2020-07-16", "terbit": "06:10", "magrib": "18:14", "isya": "19:28", "dhuha": "06:34", "ashr": "15:38"}, {"imsyak": "04:42", "shubuh": "04:52", "dzuhur": "12:14", "tanggal": "2020-07-17", "terbit": "06:10", "magrib": "18:14", "isya": "19:28", "dhuha": "06:34", "ashr": "15:38"}, {"imsyak": "04:42", "shubuh": "04:52", "dzuhur": "12:14", "tanggal": "2020-07-18", "terbit": "06:11", "magrib": "18:14", "isya": "19:28", "dhuha": "06:35", "ashr": "15:38"}, {"imsyak": "04:42", "shubuh": "04:52", "dzuhur": "12:14", "tanggal": "2020-07-19", "terbit": "06:11", "magrib": "18:14", "isya": "19:28", "dhuha": "06:35", "ashr": "15:38"}, {"imsyak": "04:43", "shubuh": "04:53", "dzuhur": "12:14", "tanggal": "2020-07-20", "terbit": "06:11", "magrib": "18:14", "isya": "19:28", "dhuha": "06:35", "ashr": "15:38"}, {"imsyak": "04:43", "shubuh": "04:53", "dzuhur": "12:14", "tanggal": "2020-07-21", "terbit": "06:11", "magrib": "18:14", "isya": "19:28", "dhuha": "06:35", "ashr": "15:38"}, {"imsyak": "04:43", "shubuh": "04:53", "dzuhur": "12:14", "tanggal": "2020-07-22", "terbit": "06:11", "magrib": "18:14", "isya": "19:28", "dhuha": "06:35", "ashr": "15:38"}, {"imsyak": "04:43", "shubuh": "04:53", "dzuhur": "12:15", "tanggal": "2020-07-23", "terbit": "06:11", "magrib": "18:14", "isya": "19:28", "dhuha": "06:35", "ashr": "15:38"}, {"imsyak": "04:43", "shubuh": "04:53", "dzuhur": "12:15", "tanggal": "2020-07-24", "terbit": "06:11", "magrib": "18:15", "isya": "19:28", "dhuha": "06:35", "ashr": "15:38"}, {"imsyak": "04:43", "shubuh": "04:53", "dzuhur": "12:15", "tanggal": "2020-07-25", "terbit": "06:11", "magrib": "18:15", "isya": "19:27", "dhuha": "06:35", "ashr": "15:38"}, {"imsyak": "04:43", "shubuh": "04:53", "dzuhur": "12:15", "tanggal": "2020-07-26", "terbit": "06:11", "magrib": "18:15", "isya": "19:27", "dhuha": "06:35", "ashr": "15:38"}, {"imsyak": "04:43", "shubuh": "04:53", "dzuhur": "12:15", "tanggal": "2020-07-27", "terbit": "06:11", "magrib": "18:15", "isya": "19:27", "dhuha": "06:35", "ashr": "15:38"}, {"imsyak": "04:43", "shubuh": "04:53", "dzuhur": "12:15", "tanggal": "2020-07-28", "terbit": "06:10", "magrib": "18:15", "isya": "19:27", "dhuha": "06:34", "ashr": "15:38"}, {"imsyak": "04:43", "shubuh": "04:53", "dzuhur": "12:15", "tanggal": "2020-07-29", "terbit": "06:10", "magrib": "18:15", "isya": "19:27", "dhuha": "06:34", "ashr": "15:38"}, {"imsyak": "04:43", "shubuh": "04:53", "dzuhur": "12:14", "tanggal": "2020-07-30", "terbit": "06:10", "magrib": "18:15", "isya": "19:27", "dhuha": "06:34", "ashr": "15:38"}, {"imsyak": "04:43", "shubuh": "04:53", "dzuhur": "12:14", "tanggal": "2020-07-31", "terbit": "06:10", "magrib": "18:15", "isya": "19:27", "dhuha": "06:34", "ashr": "15:37"}]