[{"tanggal": "2020-10-01", "imsyak": "04:27", "shubuh": "04:37", "terbit": "05:50", "dhuha": "06:14", "dzuhur": "11:58", "ashr": "14:59", "magrib": "18:02", "isya": "19:10"}, {"tanggal": "2020-10-02", "imsyak": "04:27", "shubuh": "04:37", "terbit": "05:50", "dhuha": "06:14", "dzuhur": "11:57", "ashr": "15:00", "magrib": "18:01", "isya": "19:10"}, {"tanggal": "2020-10-03", "imsyak": "04:26", "shubuh": "04:36", "terbit": "05:49", "dhuha": "06:13", "dzuhur": "11:57", "ashr": "15:00", "magrib": "18:01", "isya": "19:10"}, {"tanggal": "2020-10-04", "imsyak": "04:26", "shubuh": "04:36", "terbit": "05:49", "dhuha": "06:13", "dzuhur": "11:57", "ashr": "15:01", "magrib": "18:01", "isya": "19:10"}, {"tanggal": "2020-10-05", "imsyak": "04:25", "shubuh": "04:35", "terbit": "05:48", "dhuha": "06:12", "dzuhur": "11:57", "ashr": "15:01", "magrib": "18:01", "isya": "19:10"}, {"tanggal": "2020-10-06", "imsyak": "04:25", "shubuh": "04:35", "terbit": "05:48", "dhuha": "06:12", "dzuhur": "11:56", "ashr": "15:01", "magrib": "18:00", "isya": "19:09"}, {"tanggal": "2020-10-07", "imsyak": "04:25", "shubuh": "04:35", "terbit": "05:48", "dhuha": "06:12", "dzuhur": "11:56", "ashr": "15:02", "magrib": "18:00", "isya": "19:09"}, {"tanggal": "2020-10-08", "imsyak": "04:24", "shubuh": "04:34", "terbit": "05:47", "dhuha": "06:11", "dzuhur": "11:56", "ashr": "15:02", "magrib": "18:00", "isya": "19:09"}, {"tanggal": "2020-10-09", "imsyak": "04:24", "shubuh": "04:34", "terbit": "05:47", "dhuha": "06:11", "dzuhur": "11:55", "ashr": "15:03", "magrib": "18:00", "isya": "19:09"}, {"tanggal": "2020-10-10", "imsyak": "04:23", "shubuh": "04:33", "terbit": "05:47", "dhuha": "06:11", "dzuhur": "11:55", "ashr": "15:03", "magrib": "18:00", "isya": "19:09"}, {"tanggal": "2020-10-11", "imsyak": "04:23", "shubuh": "04:33", "terbit": "05:46", "dhuha": "06:10", "dzuhur": "11:55", "ashr": "15:03", "magrib": "17:59", "isya": "19:09"}, {"tanggal": "2020-10-12", "imsyak": "04:23", "shubuh": "04:33", "terbit": "05:46", "dhuha": "06:10", "dzuhur": "11:55", "ashr": "15:04", "magrib": "17:59", "isya": "19:09"}, {"tanggal": "2020-10-13", "imsyak": "04:22", "shubuh": "04:32", "terbit": "05:46", "dhuha": "06:10", "dzuhur": "11:54", "ashr": "15:04", "magrib": "17:59", "isya": "19:08"}, {"tanggal": "2020-10-14", "imsyak": "04:22", "shubuh": "04:32", "terbit": "05:45", "dhuha": "06:09", "dzuhur": "11:54", "ashr": "15:04", "magrib": "17:59", "isya": "19:08"}, {"tanggal": "2020-10-15", "imsyak": "04:21", "shubuh": "04:31", "terbit": "05:45", "dhuha": "06:09", "dzuhur": "11:54", "ashr": "15:05", "magrib": "17:59", "isya": "19:08"}, {"tanggal": "2020-10-16", "imsyak": "04:21", "shubuh": "04:31", "terbit": "05:45", "dhuha": "06:09", "dzuhur": "11:54", "ashr": "15:05", "magrib": "17:59", "isya": "19:08"}, {"tanggal": "2020-10-17", "imsyak": "04:21", "shubuh": "04:31", "terbit": "05:44", "dhuha": "06:08", "dzuhur": "11:53", "ashr": "15:05", "magrib": "17:58", "isya": "19:08"}, {"tanggal": "2020-10-18", "imsyak": "04:20", "shubuh": "04:30", "terbit": "05:44", "dhuha": "06:08", "dzuhur": "11:53", "ashr": "15:06", "magrib": "17:58", "isya": "19:08"}, {"tanggal": "2020-10-19", "imsyak": "04:20", "shubuh": "04:30", "terbit": "05:44", "dhuha": "06:08", "dzuhur": "11:53", "ashr": "15:06", "magrib": "17:58", "isya": "19:08"}, {"tanggal": "2020-10-20", "imsyak": "04:20", "shubuh": "04:30", "terbit": "05:44", "dhuha": "06:08", "dzuhur": "11:53", "ashr": "15:06", "magrib": "17:58", "isya": "19:08"}, {"tanggal": "2020-10-21", "imsyak": "04:19", "shubuh": "04:29", "terbit": "05:43", "dhuha": "06:07", "dzuhur": "11:53", "ashr": "15:07", "magrib": "17:58", "isya": "19:08"}, {"tanggal": "2020-10-22", "imsyak": "04:19", "shubuh": "04:29", "terbit": "05:43", "dhuha": "06:07", "dzuhur": "11:53", "ashr": "15:07", "magrib": "17:58", "isya": "19:08"}, {"tanggal": "2020-10-23", "imsyak": "04:19", "shubuh": "04:29", "terbit": "05:43", "dhuha": "06:07", "dzuhur": "11:52", "ashr": "15:07", "magrib": "17:58", "isya": "19:08"}, {"tanggal": "2020-10-24", "imsyak": "04:18", "shubuh": "04:28", "terbit": "05:43", "dhuha": "06:07", "dzuhur": "11:52", "ashr": "15:08", "magrib": "17:58", "isya": "19:08"}, {"tanggal": "2020-10-25", "imsyak": "04:18", "shubuh": "04:28", "terbit": "05:43", "dhuha": "06:07", "dzuhur": "11:52", "ashr": "15:08", "magrib": "17:58", "isya": "19:08"}, {"tanggal": "2020-10-26", "imsyak": "04:18", "shubuh": "04:28", "terbit": "05:42", "dhuha": "06:06", "dzuhur": "11:52", "ashr": "15:08", "magrib": "17:58", "isya": "19:08"}, {"tanggal": "2020-10-27", "imsyak": "04:17", "shubuh": "04:27", "terbit": "05:42", "dhuha": "06:06", "dzuhur": "11:52", "ashr": "15:09", "magrib": "17:58", "isya": "19:08"}, {"tanggal": "2020-10-28", "imsyak": "04:17", "shubuh": "04:27", "terbit": "05:42", "dhuha": "06:06", "dzuhur": "11:52", "ashr": "15:09", "magrib": "17:58", "isya": "19:08"}, {"tanggal": "2020-10-29", "imsyak": "04:17", "shubuh": "04:27", "terbit": "05:42", "dhuha": "06:06", "dzuhur": "11:52", "ashr": "15:09", "magrib": "17:58", "isya": "19:08"}, {"tanggal": "2020-10-30", "imsyak": "04:17", "shubuh": "04:27", "terbit": "05:42", "dhuha": "06:06", "dzuhur": "11:52", "ashr": "15:10", "magrib": "17:58", "isya": "19:09"}, {"tanggal": "2020-10-31", "imsyak": "04:16", "shubuh": "04:26", "terbit": "05:42", "dhuha": "06:06", "dzuhur": "11:52", "ashr": "15:10", "magrib": "17:58", "isya": "19:09"}]