[{"tanggal": "2020-12-01", "imsyak": "04:16", "shubuh": "04:26", "terbit": "05:45", "dhuha": "06:09", "dzuhur": "11:57", "ashr": "15:22", "magrib": "18:05", "isya": "19:19"}, {"tanggal": "2020-12-02", "imsyak": "04:16", "shubuh": "04:26", "terbit": "05:46", "dhuha": "06:10", "dzuhur": "11:57", "ashr": "15:23", "magrib": "18:05", "isya": "19:20"}, {"tanggal": "2020-12-03", "imsyak": "04:16", "shubuh": "04:26", "terbit": "05:46", "dhuha": "06:10", "dzuhur": "11:58", "ashr": "15:23", "magrib": "18:05", "isya": "19:20"}, {"tanggal": "2020-12-04", "imsyak": "04:17", "shubuh": "04:27", "terbit": "05:46", "dhuha": "06:10", "dzuhur": "11:58", "ashr": "15:24", "magrib": "18:06", "isya": "19:21"}, {"tanggal": "2020-12-05", "imsyak": "04:17", "shubuh": "04:27", "terbit": "05:47", "dhuha": "06:11", "dzuhur": "11:59", "ashr": "15:24", "magrib": "18:06", "isya": "19:21"}, {"tanggal": "2020-12-06", "imsyak": "04:17", "shubuh": "04:27", "terbit": "05:47", "dhuha": "06:11", "dzuhur": "11:59", "ashr": "15:25", "magrib": "18:07", "isya": "19:22"}, {"tanggal": "2020-12-07", "imsyak": "04:18", "shubuh": "04:28", "terbit": "05:47", "dhuha": "06:11", "dzuhur": "11:59", "ashr": "15:25", "magrib": "18:07", "isya": "19:22"}, {"tanggal": "2020-12-08", "imsyak": "04:18", "shubuh": "04:28", "terbit": "05:48", "dhuha": "06:12", "dzuhur": "12:00", "ashr": "15:26", "magrib": "18:08", "isya": "19:23"}, {"tanggal": "2020-12-09", "imsyak": "04:18", "shubuh": "04:28", "terbit": "05:48", "dhuha": "06:12", "dzuhur": "12:00", "ashr": "15:26", "magrib": "18:08", "isya": "19:23"}, {"tanggal": "2020-12-10", "imsyak": "04:19", "shubuh": "04:29", "terbit": "05:49", "dhuha": "06:13", "dzuhur": "12:01", "ashr": "15:27", "magrib": "18:09", "isya": "19:24"}, {"tanggal": "2020-12-11", "imsyak": "04:19", "shubuh": "04:29", "terbit": "05:49", "dhuha": "06:13", "dzuhur": "12:01", "ashr": "15:28", "magrib": "18:09", "isya": "19:24"}, {"tanggal": "2020-12-12", "imsyak": "04:19", "shubuh": "04:29", "terbit": "05:50", "dhuha": "06:14", "dzuhur": "12:02", "ashr": "15:28", "magrib": "18:10", "isya": "19:25"}, {"tanggal": "2020-12-13", "imsyak": "04:20", "shubuh": "04:30", "terbit": "05:50", "dhuha": "06:14", "dzuhur": "12:02", "ashr": "15:29", "magrib": "18:10", "isya": "19:25"}, {"tanggal": "2020-12-14", "imsyak": "04:20", "shubuh": "04:30", "terbit": "05:50", "dhuha": "06:14", "dzuhur": "12:03", "ashr": "15:29", "magrib": "18:11", "isya": "19:26"}, {"tanggal": "2020-12-15", "imsyak": "04:21", "shubuh": "04:31", "terbit": "05:51", "dhuha": "06:15", "dzuhur": "12:03", "ashr": "15:30", "magrib": "18:11", "isya": "19:26"}, {"tanggal": "2020-12-16", "imsyak": "04:21", "shubuh": "04:31", "terbit": "05:51", "dhuha": "06:15", "dzuhur": "12:03", "ashr": "15:30", "magrib": "18:12", "isya": "19:27"}, {"tanggal": "2020-12-17", "imsyak": "04:22", "shubuh": "04:32", "terbit": "05:52", "dhuha": "06:16", "dzuhur": "12:04", "ashr": "15:31", "magrib": "18:12", "isya": "19:27"}, {"tanggal": "2020-12-18", "imsyak": "04:22", "shubuh": "04:32", "terbit": "05:52", "dhuha": "06:16", "dzuhur": "12:04", "ashr": "15:31", "magrib": "18:13", "isya": "19:28"}, {"tanggal": "2020-12-19", "imsyak": "04:23", "shubuh": "04:33", "terbit": "05:53", "dhuha": "06:17", "dzuhur": "12:05", "ashr": "15:32", "magrib": "18:13", "isya": "19:29"}, {"tanggal": "2020-12-20", "imsyak": "04:23", "shubuh": "04:33", "terbit": "05:53", "dhuha": "06:17", "dzuhur": "12:05", "ashr": "15:32", "magrib": "18:14", "isya": "19:29"}, {"tanggal": "2020-12-21", "imsyak": "04:23", "shubuh": "04:33", "terbit": "05:54", "dhuha": "06:18", "dzuhur": "12:06", "ashr": "15:33", "magrib": "18:14", "isya": "19:30"}, {"tanggal": "2020-12-22", "imsyak": "04:24", "shubuh": "04:34", "terbit": "05:54", "dhuha": "06:18", "dzuhur": "12:06", "ashr": "15:33", "magrib": "18:15", "isya": "19:30"}, {"tanggal": "2020-12-23", "imsyak": "04:24", "shubuh": "04:34", "terbit": "05:55", "dhuha": "06:19", "dzuhur": "12:07", "ashr": "15:34", "magrib": "18:15", "isya": "19:31"}, {"tanggal": "2020-12-24", "imsyak": "04:25", "shubuh": "04:35", "terbit": "05:55", "dhuha": "06:19", "dzuhur": "12:07", "ashr": "15:34", "magrib": "18:16", "isya": "19:31"}, {"tanggal": "2020-12-25", "imsyak": "04:25", "shubuh": "04:35", "terbit": "05:56", "dhuha": "06:20", "dzuhur": "12:08", "ashr": "15:35", "magrib": "18:16", "isya": "19:31"}, {"tanggal": "2020-12-26", "imsyak": "04:26", "shubuh": "04:36", "terbit": "05:56", "dhuha": "06:20", "dzuhur": "12:08", "ashr": "15:35", "magrib": "18:17", "isya": "19:32"}, {"tanggal": "2020-12-27", "imsyak": "04:27", "shubuh": "04:37", "terbit": "05:57", "dhuha": "06:21", "dzuhur": "12:09", "ashr": "15:36", "magrib": "18:17", "isya": "19:32"}, {"tanggal": "2020-12-28", "imsyak": "04:27", "shubuh": "04:37", "terbit": "05:57", "dhuha": "06:21", "dzuhur": "12:09", "ashr": "15:36", "magrib": "18:17", "isya": "19:33"}, {"tanggal": "2020-12-29", "imsyak": "04:28", "shubuh": "04:38", "terbit": "05:58", "dhuha": "06:22", "dzuhur": "12:10", "ashr": "15:36", "magrib": "18:18", "isya": "19:33"}, {"tanggal": "2020-12-30", "imsyak": "04:28", "shubuh": "04:38", "terbit": "05:58", "dhuha": "06:22", "dzuhur": "12:10", "ashr": "15:37", "magrib": "18:18", "isya": "19:34"}, {"tanggal": "2020-12-31", "imsyak": "04:29", "shubuh": "04:39", "terbit": "05:59", "dhuha": "06:23", "dzuhur": "12:11", "ashr": "15:37", "magrib": "18:19", "isya": "19:34"}]