[{"tanggal": "2022-01-01", "imsyak": "04:56", "shubuh": "05:06", "terbit": "06:25", "dhuha": "06:49", "dzuhur": "12:29", "ashr": "15:53", "magrib": "18:29", "isya": "19:43"}, {"tanggal": "2022-01-02", "imsyak": "04:56", "shubuh": "05:06", "terbit": "06:25", "dhuha": "06:49", "dzuhur": "12:29", "ashr": "15:54", "magrib": "18:29", "isya": "19:44"}, {"tanggal": "2022-01-03", "imsyak": "04:57", "shubuh": "05:07", "terbit": "06:26", "dhuha": "06:50", "dzuhur": "12:30", "ashr": "15:54", "magrib": "18:30", "isya": "19:44"}, {"tanggal": "2022-01-04", "imsyak": "04:57", "shubuh": "05:07", "terbit": "06:26", "dhuha": "06:50", "dzuhur": "12:30", "ashr": "15:55", "magrib": "18:30", "isya": "19:45"}, {"tanggal": "2022-01-05", "imsyak": "04:58", "shubuh": "05:08", "terbit": "06:27", "dhuha": "06:51", "dzuhur": "12:31", "ashr": "15:55", "magrib": "18:30", "isya": "19:45"}, {"tanggal": "2022-01-06", "imsyak": "04:58", "shubuh": "05:08", "terbit": "06:27", "dhuha": "06:51", "dzuhur": "12:31", "ashr": "15:56", "magrib": "18:31", "isya": "19:45"}, {"tanggal": "2022-01-07", "imsyak": "04:59", "shubuh": "05:09", "terbit": "06:28", "dhuha": "06:52", "dzuhur": "12:32", "ashr": "15:56", "magrib": "18:31", "isya": "19:46"}, {"tanggal": "2022-01-08", "imsyak": "04:59", "shubuh": "05:09", "terbit": "06:28", "dhuha": "06:52", "dzuhur": "12:32", "ashr": "15:56", "magrib": "18:32", "isya": "19:46"}, {"tanggal": "2022-01-09", "imsyak": "05:00", "shubuh": "05:10", "terbit": "06:28", "dhuha": "06:52", "dzuhur": "12:32", "ashr": "15:57", "magrib": "18:32", "isya": "19:47"}, {"tanggal": "2022-01-10", "imsyak": "05:00", "shubuh": "05:10", "terbit": "06:29", "dhuha": "06:53", "dzuhur": "12:33", "ashr": "15:57", "magrib": "18:33", "isya": "19:47"}, {"tanggal": "2022-01-11", "imsyak": "05:00", "shubuh": "05:10", "terbit": "06:29", "dhuha": "06:53", "dzuhur": "12:33", "ashr": "15:57", "magrib": "18:33", "isya": "19:47"}, {"tanggal": "2022-01-12", "imsyak": "05:01", "shubuh": "05:11", "terbit": "06:30", "dhuha": "06:54", "dzuhur": "12:34", "ashr": "15:58", "magrib": "18:34", "isya": "19:48"}, {"tanggal": "2022-01-13", "imsyak": "05:01", "shubuh": "05:11", "terbit": "06:30", "dhuha": "06:54", "dzuhur": "12:34", "ashr": "15:58", "magrib": "18:34", "isya": "19:48"}, {"tanggal": "2022-01-14", "imsyak": "05:02", "shubuh": "05:12", "terbit": "06:30", "dhuha": "06:54", "dzuhur": "12:34", "ashr": "15:59", "magrib": "18:34", "isya": "19:48"}, {"tanggal": "2022-01-15", "imsyak": "05:02", "shubuh": "05:12", "terbit": "06:31", "dhuha": "06:55", "dzuhur": "12:35", "ashr": "15:59", "magrib": "18:35", "isya": "19:49"}, {"tanggal": "2022-01-16", "imsyak": "05:03", "shubuh": "05:13", "terbit": "06:31", "dhuha": "06:55", "dzuhur": "12:35", "ashr": "15:59", "magrib": "18:35", "isya": "19:49"}, {"tanggal": "2022-01-17", "imsyak": "05:03", "shubuh": "05:13", "terbit": "06:31", "dhuha": "06:55", "dzuhur": "12:35", "ashr": "15:59", "magrib": "18:36", "isya": "19:49"}, {"tanggal": "2022-01-18", "imsyak": "05:04", "shubuh": "05:14", "terbit": "06:32", "dhuha": "06:56", "dzuhur": "12:36", "ashr": "16:00", "magrib": "18:36", "isya": "19:49"}, {"tanggal": "2022-01-19", "imsyak": "05:04", "shubuh": "05:14", "terbit": "06:32", "dhuha": "06:56", "dzuhur": "12:36", "ashr": "16:00", "magrib": "18:36", "isya": "19:50"}, {"tanggal": "2022-01-20", "imsyak": "05:04", "shubuh": "05:14", "terbit": "06:32", "dhuha": "06:56", "dzuhur": "12:36", "ashr": "16:00", "magrib": "18:37", "isya": "19:50"}, {"tanggal": "2022-01-21", "imsyak": "05:05", "shubuh": "05:15", "terbit": "06:33", "dhuha": "06:57", "dzuhur": "12:37", "ashr": "16:00", "magrib": "18:37", "isya": "19:50"}, {"tanggal": "2022-01-22", "imsyak": "05:05", "shubuh": "05:15", "terbit": "06:33", "dhuha": "06:57", "dzuhur": "12:37", "ashr": "16:01", "magrib": "18:37", "isya": "19:50"}, {"tanggal": "2022-01-23", "imsyak": "05:05", "shubuh": "05:15", "terbit": "06:33", "dhuha": "06:57", "dzuhur": "12:37", "ashr": "16:01", "magrib": "18:38", "isya": "19:51"}, {"tanggal": "2022-01-24", "imsyak": "05:06", "shubuh": "05:16", "terbit": "06:33", "dhuha": "06:57", "dzuhur": "12:38", "ashr": "16:01", "magrib": "18:38", "isya": "19:51"}, {"tanggal": "2022-01-25", "imsyak": "05:06", "shubuh": "05:16", "terbit": "06:33", "dhuha": "06:57", "dzuhur": "12:38", "ashr": "16:01", "magrib": "18:38", "isya": "19:51"}, {"tanggal": "2022-01-26", "imsyak": "05:06", "shubuh": "05:16", "terbit": "06:34", "dhuha": "06:58", "dzuhur": "12:38", "ashr": "16:01", "magrib": "18:38", "isya": "19:51"}, {"tanggal": "2022-01-27", "imsyak": "05:07", "shubuh": "05:17", "terbit": "06:34", "dhuha": "06:58", "dzuhur": "12:38", "ashr": "16:01", "magrib": "18:39", "isya": "19:51"}, {"tanggal": "2022-01-28", "imsyak": "05:07", "shubuh": "05:17", "terbit": "06:34", "dhuha": "06:58", "dzuhur": "12:38", "ashr": "16:02", "magrib": "18:39", "isya": "19:51"}, {"tanggal": "2022-01-29", "imsyak": "05:07", "shubuh": "05:17", "terbit": "06:34", "dhuha": "06:58", "dzuhur": "12:39", "ashr": "16:02", "magrib": "18:39", "isya": "19:51"}, {"tanggal": "2022-01-30", "imsyak": "05:08", "shubuh": "05:18", "terbit": "06:34", "dhuha": "06:58", "dzuhur": "12:39", "ashr": "16:02", "magrib": "18:39", "isya": "19:52"}, {"tanggal": "2022-01-31", "imsyak": "05:08", "shubuh": "05:18", "terbit": "06:34", "dhuha": "06:58", "dzuhur": "12:39", "ashr": "16:02", "magrib": "18:40", "isya": "19:52"}]