[{"tanggal": "2022-05-01", "imsyak": "04:48", "shubuh": "04:58", "terbit": "06:13", "dhuha": "06:37", "dzuhur": "12:23", "ashr": "15:42", "magrib": "18:29", "isya": "19:40"}, {"tanggal": "2022-05-02", "imsyak": "04:47", "shubuh": "04:57", "terbit": "06:13", "dhuha": "06:37", "dzuhur": "12:23", "ashr": "15:42", "magrib": "18:29", "isya": "19:40"}, {"tanggal": "2022-05-03", "imsyak": "04:47", "shubuh": "04:57", "terbit": "06:13", "dhuha": "06:37", "dzuhur": "12:23", "ashr": "15:43", "magrib": "18:29", "isya": "19:40"}, {"tanggal": "2022-05-04", "imsyak": "04:47", "shubuh": "04:57", "terbit": "06:13", "dhuha": "06:37", "dzuhur": "12:23", "ashr": "15:43", "magrib": "18:29", "isya": "19:40"}, {"tanggal": "2022-05-05", "imsyak": "04:46", "shubuh": "04:56", "terbit": "06:12", "dhuha": "06:36", "dzuhur": "12:23", "ashr": "15:43", "magrib": "18:29", "isya": "19:40"}, {"tanggal": "2022-05-06", "imsyak": "04:46", "shubuh": "04:56", "terbit": "06:12", "dhuha": "06:36", "dzuhur": "12:22", "ashr": "15:43", "magrib": "18:29", "isya": "19:41"}, {"tanggal": "2022-05-07", "imsyak": "04:46", "shubuh": "04:56", "terbit": "06:12", "dhuha": "06:36", "dzuhur": "12:22", "ashr": "15:43", "magrib": "18:29", "isya": "19:41"}, {"tanggal": "2022-05-08", "imsyak": "04:46", "shubuh": "04:56", "terbit": "06:12", "dhuha": "06:36", "dzuhur": "12:22", "ashr": "15:44", "magrib": "18:29", "isya": "19:41"}, {"tanggal": "2022-05-09", "imsyak": "04:45", "shubuh": "04:55", "terbit": "06:12", "dhuha": "06:36", "dzuhur": "12:22", "ashr": "15:44", "magrib": "18:29", "isya": "19:41"}, {"tanggal": "2022-05-10", "imsyak": "04:45", "shubuh": "04:55", "terbit": "06:12", "dhuha": "06:36", "dzuhur": "12:22", "ashr": "15:44", "magrib": "18:29", "isya": "19:41"}, {"tanggal": "2022-05-11", "imsyak": "04:45", "shubuh": "04:55", "terbit": "06:12", "dhuha": "06:36", "dzuhur": "12:22", "ashr": "15:44", "magrib": "18:29", "isya": "19:41"}, {"tanggal": "2022-05-12", "imsyak": "04:45", "shubuh": "04:55", "terbit": "06:12", "dhuha": "06:36", "dzuhur": "12:22", "ashr": "15:44", "magrib": "18:29", "isya": "19:41"}, {"tanggal": "2022-05-13", "imsyak": "04:44", "shubuh": "04:54", "terbit": "06:12", "dhuha": "06:36", "dzuhur": "12:22", "ashr": "15:45", "magrib": "18:29", "isya": "19:41"}, {"tanggal": "2022-05-14", "imsyak": "04:44", "shubuh": "04:54", "terbit": "06:12", "dhuha": "06:36", "dzuhur": "12:22", "ashr": "15:45", "magrib": "18:29", "isya": "19:42"}, {"tanggal": "2022-05-15", "imsyak": "04:44", "shubuh": "04:54", "terbit": "06:11", "dhuha": "06:35", "dzuhur": "12:22", "ashr": "15:45", "magrib": "18:29", "isya": "19:42"}, {"tanggal": "2022-05-16", "imsyak": "04:44", "shubuh": "04:54", "terbit": "06:11", "dhuha": "06:35", "dzuhur": "12:22", "ashr": "15:45", "magrib": "18:29", "isya": "19:42"}, {"tanggal": "2022-05-17", "imsyak": "04:44", "shubuh": "04:54", "terbit": "06:11", "dhuha": "06:35", "dzuhur": "12:22", "ashr": "15:46", "magrib": "18:29", "isya": "19:42"}, {"tanggal": "2022-05-18", "imsyak": "04:44", "shubuh": "04:54", "terbit": "06:11", "dhuha": "06:35", "dzuhur": "12:22", "ashr": "15:46", "magrib": "18:29", "isya": "19:42"}, {"tanggal": "2022-05-19", "imsyak": "04:43", "shubuh": "04:53", "terbit": "06:11", "dhuha": "06:35", "dzuhur": "12:22", "ashr": "15:46", "magrib": "18:29", "isya": "19:42"}, {"tanggal": "2022-05-20", "imsyak": "04:43", "shubuh": "04:53", "terbit": "06:11", "dhuha": "06:35", "dzuhur": "12:22", "ashr": "15:46", "magrib": "18:29", "isya": "19:43"}, {"tanggal": "2022-05-21", "imsyak": "04:43", "shubuh": "04:53", "terbit": "06:11", "dhuha": "06:35", "dzuhur": "12:22", "ashr": "15:46", "magrib": "18:29", "isya": "19:43"}, {"tanggal": "2022-05-22", "imsyak": "04:43", "shubuh": "04:53", "terbit": "06:11", "dhuha": "06:35", "dzuhur": "12:22", "ashr": "15:47", "magrib": "18:29", "isya": "19:43"}, {"tanggal": "2022-05-23", "imsyak": "04:43", "shubuh": "04:53", "terbit": "06:11", "dhuha": "06:35", "dzuhur": "12:22", "ashr": "15:47", "magrib": "18:29", "isya": "19:43"}, {"tanggal": "2022-05-24", "imsyak": "04:43", "shubuh": "04:53", "terbit": "06:11", "dhuha": "06:35", "dzuhur": "12:23", "ashr": "15:47", "magrib": "18:30", "isya": "19:43"}, {"tanggal": "2022-05-25", "imsyak": "04:43", "shubuh": "04:53", "terbit": "06:11", "dhuha": "06:35", "dzuhur": "12:23", "ashr": "15:47", "magrib": "18:30", "isya": "19:44"}, {"tanggal": "2022-05-26", "imsyak": "04:43", "shubuh": "04:53", "terbit": "06:12", "dhuha": "06:36", "dzuhur": "12:23", "ashr": "15:48", "magrib": "18:30", "isya": "19:44"}, {"tanggal": "2022-05-27", "imsyak": "04:43", "shubuh": "04:53", "terbit": "06:12", "dhuha": "06:36", "dzuhur": "12:23", "ashr": "15:48", "magrib": "18:30", "isya": "19:44"}, {"tanggal": "2022-05-28", "imsyak": "04:43", "shubuh": "04:53", "terbit": "06:12", "dhuha": "06:36", "dzuhur": "12:23", "ashr": "15:48", "magrib": "18:30", "isya": "19:44"}, {"tanggal": "2022-05-29", "imsyak": "04:43", "shubuh": "04:53", "terbit": "06:12", "dhuha": "06:36", "dzuhur": "12:23", "ashr": "15:48", "magrib": "18:30", "isya": "19:45"}, {"tanggal": "2022-05-30", "imsyak": "04:43", "shubuh": "04:53", "terbit": "06:12", "dhuha": "06:36", "dzuhur": "12:23", "ashr": "15:49", "magrib": "18:30", "isya": "19:45"}, {"tanggal": "2022-05-31", "imsyak": "04:43", "shubuh": "04:53", "terbit": "06:12", "dhuha": "06:36", "dzuhur": "12:23", "ashr": "15:49", "magrib": "18:31", "isya": "19:45"}]