[{"tanggal": "2022-08-01", "imsyak": "04:54", "shubuh": "05:04", "terbit": "06:22", "dhuha": "06:46", "dzuhur": "12:32", "ashr": "15:55", "magrib": "18:39", "isya": "19:51"}, {"tanggal": "2022-08-02", "imsyak": "04:54", "shubuh": "05:04", "terbit": "06:22", "dhuha": "06:46", "dzuhur": "12:32", "ashr": "15:55", "magrib": "18:39", "isya": "19:51"}, {"tanggal": "2022-08-03", "imsyak": "04:55", "shubuh": "05:05", "terbit": "06:22", "dhuha": "06:46", "dzuhur": "12:32", "ashr": "15:54", "magrib": "18:39", "isya": "19:51"}, {"tanggal": "2022-08-04", "imsyak": "04:55", "shubuh": "05:05", "terbit": "06:22", "dhuha": "06:46", "dzuhur": "12:32", "ashr": "15:54", "magrib": "18:38", "isya": "19:51"}, {"tanggal": "2022-08-05", "imsyak": "04:55", "shubuh": "05:05", "terbit": "06:22", "dhuha": "06:46", "dzuhur": "12:32", "ashr": "15:54", "magrib": "18:38", "isya": "19:50"}, {"tanggal": "2022-08-06", "imsyak": "04:55", "shubuh": "05:05", "terbit": "06:21", "dhuha": "06:45", "dzuhur": "12:32", "ashr": "15:53", "magrib": "18:38", "isya": "19:50"}, {"tanggal": "2022-08-07", "imsyak": "04:55", "shubuh": "05:05", "terbit": "06:21", "dhuha": "06:45", "dzuhur": "12:32", "ashr": "15:53", "magrib": "18:38", "isya": "19:50"}, {"tanggal": "2022-08-08", "imsyak": "04:55", "shubuh": "05:05", "terbit": "06:21", "dhuha": "06:45", "dzuhur": "12:32", "ashr": "15:53", "magrib": "18:38", "isya": "19:50"}, {"tanggal": "2022-08-09", "imsyak": "04:55", "shubuh": "05:05", "terbit": "06:21", "dhuha": "06:45", "dzuhur": "12:31", "ashr": "15:52", "magrib": "18:38", "isya": "19:49"}, {"tanggal": "2022-08-10", "imsyak": "04:55", "shubuh": "05:05", "terbit": "06:21", "dhuha": "06:45", "dzuhur": "12:31", "ashr": "15:52", "magrib": "18:37", "isya": "19:49"}, {"tanggal": "2022-08-11", "imsyak": "04:55", "shubuh": "05:05", "terbit": "06:21", "dhuha": "06:45", "dzuhur": "12:31", "ashr": "15:51", "magrib": "18:37", "isya": "19:49"}, {"tanggal": "2022-08-12", "imsyak": "04:55", "shubuh": "05:05", "terbit": "06:21", "dhuha": "06:45", "dzuhur": "12:31", "ashr": "15:51", "magrib": "18:37", "isya": "19:48"}, {"tanggal": "2022-08-13", "imsyak": "04:55", "shubuh": "05:05", "terbit": "06:21", "dhuha": "06:45", "dzuhur": "12:31", "ashr": "15:50", "magrib": "18:37", "isya": "19:48"}, {"tanggal": "2022-08-14", "imsyak": "04:55", "shubuh": "05:05", "terbit": "06:21", "dhuha": "06:45", "dzuhur": "12:31", "ashr": "15:50", "magrib": "18:36", "isya": "19:48"}, {"tanggal": "2022-08-15", "imsyak": "04:55", "shubuh": "05:05", "terbit": "06:21", "dhuha": "06:45", "dzuhur": "12:30", "ashr": "15:49", "magrib": "18:36", "isya": "19:47"}, {"tanggal": "2022-08-16", "imsyak": "04:55", "shubuh": "05:05", "terbit": "06:21", "dhuha": "06:45", "dzuhur": "12:30", "ashr": "15:49", "magrib": "18:36", "isya": "19:47"}, {"tanggal": "2022-08-17", "imsyak": "04:55", "shubuh": "05:05", "terbit": "06:20", "dhuha": "06:44", "dzuhur": "12:30", "ashr": "15:48", "magrib": "18:36", "isya": "19:47"}, {"tanggal": "2022-08-18", "imsyak": "04:55", "shubuh": "05:05", "terbit": "06:20", "dhuha": "06:44", "dzuhur": "12:30", "ashr": "15:48", "magrib": "18:35", "isya": "19:46"}, {"tanggal": "2022-08-19", "imsyak": "04:55", "shubuh": "05:05", "terbit": "06:20", "dhuha": "06:44", "dzuhur": "12:30", "ashr": "15:47", "magrib": "18:35", "isya": "19:46"}, {"tanggal": "2022-08-20", "imsyak": "04:55", "shubuh": "05:05", "terbit": "06:20", "dhuha": "06:44", "dzuhur": "12:29", "ashr": "15:46", "magrib": "18:35", "isya": "19:45"}, {"tanggal": "2022-08-21", "imsyak": "04:55", "shubuh": "05:05", "terbit": "06:20", "dhuha": "06:44", "dzuhur": "12:29", "ashr": "15:46", "magrib": "18:35", "isya": "19:45"}, {"tanggal": "2022-08-22", "imsyak": "04:55", "shubuh": "05:05", "terbit": "06:20", "dhuha": "06:44", "dzuhur": "12:29", "ashr": "15:45", "magrib": "18:34", "isya": "19:45"}, {"tanggal": "2022-08-23", "imsyak": "04:55", "shubuh": "05:05", "terbit": "06:19", "dhuha": "06:43", "dzuhur": "12:29", "ashr": "15:44", "magrib": "18:34", "isya": "19:44"}, {"tanggal": "2022-08-24", "imsyak": "04:55", "shubuh": "05:05", "terbit": "06:19", "dhuha": "06:43", "dzuhur": "12:28", "ashr": "15:44", "magrib": "18:34", "isya": "19:44"}, {"tanggal": "2022-08-25", "imsyak": "04:55", "shubuh": "05:05", "terbit": "06:19", "dhuha": "06:43", "dzuhur": "12:28", "ashr": "15:43", "magrib": "18:33", "isya": "19:43"}, {"tanggal": "2022-08-26", "imsyak": "04:54", "shubuh": "05:04", "terbit": "06:19", "dhuha": "06:43", "dzuhur": "12:28", "ashr": "15:42", "magrib": "18:33", "isya": "19:43"}, {"tanggal": "2022-08-27", "imsyak": "04:54", "shubuh": "05:04", "terbit": "06:19", "dhuha": "06:43", "dzuhur": "12:28", "ashr": "15:41", "magrib": "18:33", "isya": "19:43"}, {"tanggal": "2022-08-28", "imsyak": "04:54", "shubuh": "05:04", "terbit": "06:18", "dhuha": "06:42", "dzuhur": "12:27", "ashr": "15:41", "magrib": "18:32", "isya": "19:42"}, {"tanggal": "2022-08-29", "imsyak": "04:54", "shubuh": "05:04", "terbit": "06:18", "dhuha": "06:42", "dzuhur": "12:27", "ashr": "15:40", "magrib": "18:32", "isya": "19:42"}, {"tanggal": "2022-08-30", "imsyak": "04:54", "shubuh": "05:04", "terbit": "06:18", "dhuha": "06:42", "dzuhur": "12:27", "ashr": "15:39", "magrib": "18:32", "isya": "19:41"}, {"tanggal": "2022-08-31", "imsyak": "04:54", "shubuh": "05:04", "terbit": "06:18", "dhuha": "06:42", "dzuhur": "12:26", "ashr": "15:38", "magrib": "18:31", "isya": "19:41"}]