[{"tanggal": "2022-11-01", "imsyak": "04:39", "shubuh": "04:49", "terbit": "06:04", "dhuha": "06:28", "dzuhur": "12:09", "ashr": "15:30", "magrib": "18:10", "isya": "19:21"}, {"tanggal": "2022-11-02", "imsyak": "04:39", "shubuh": "04:49", "terbit": "06:04", "dhuha": "06:28", "dzuhur": "12:09", "ashr": "15:30", "magrib": "18:10", "isya": "19:21"}, {"tanggal": "2022-11-03", "imsyak": "04:39", "shubuh": "04:49", "terbit": "06:04", "dhuha": "06:28", "dzuhur": "12:09", "ashr": "15:30", "magrib": "18:10", "isya": "19:21"}, {"tanggal": "2022-11-04", "imsyak": "04:39", "shubuh": "04:49", "terbit": "06:04", "dhuha": "06:28", "dzuhur": "12:09", "ashr": "15:30", "magrib": "18:10", "isya": "19:21"}, {"tanggal": "2022-11-05", "imsyak": "04:39", "shubuh": "04:49", "terbit": "06:04", "dhuha": "06:28", "dzuhur": "12:09", "ashr": "15:31", "magrib": "18:10", "isya": "19:21"}, {"tanggal": "2022-11-06", "imsyak": "04:39", "shubuh": "04:49", "terbit": "06:04", "dhuha": "06:28", "dzuhur": "12:09", "ashr": "15:31", "magrib": "18:10", "isya": "19:22"}, {"tanggal": "2022-11-07", "imsyak": "04:39", "shubuh": "04:49", "terbit": "06:05", "dhuha": "06:29", "dzuhur": "12:09", "ashr": "15:31", "magrib": "18:10", "isya": "19:22"}, {"tanggal": "2022-11-08", "imsyak": "04:39", "shubuh": "04:49", "terbit": "06:05", "dhuha": "06:29", "dzuhur": "12:09", "ashr": "15:31", "magrib": "18:10", "isya": "19:22"}, {"tanggal": "2022-11-09", "imsyak": "04:39", "shubuh": "04:49", "terbit": "06:05", "dhuha": "06:29", "dzuhur": "12:09", "ashr": "15:32", "magrib": "18:10", "isya": "19:22"}, {"tanggal": "2022-11-10", "imsyak": "04:39", "shubuh": "04:49", "terbit": "06:05", "dhuha": "06:29", "dzuhur": "12:10", "ashr": "15:32", "magrib": "18:10", "isya": "19:22"}, {"tanggal": "2022-11-11", "imsyak": "04:39", "shubuh": "04:49", "terbit": "06:05", "dhuha": "06:29", "dzuhur": "12:10", "ashr": "15:32", "magrib": "18:10", "isya": "19:22"}, {"tanggal": "2022-11-12", "imsyak": "04:39", "shubuh": "04:49", "terbit": "06:05", "dhuha": "06:29", "dzuhur": "12:10", "ashr": "15:32", "magrib": "18:10", "isya": "19:22"}, {"tanggal": "2022-11-13", "imsyak": "04:39", "shubuh": "04:49", "terbit": "06:05", "dhuha": "06:29", "dzuhur": "12:10", "ashr": "15:32", "magrib": "18:10", "isya": "19:23"}, {"tanggal": "2022-11-14", "imsyak": "04:39", "shubuh": "04:49", "terbit": "06:05", "dhuha": "06:29", "dzuhur": "12:10", "ashr": "15:33", "magrib": "18:11", "isya": "19:23"}, {"tanggal": "2022-11-15", "imsyak": "04:39", "shubuh": "04:49", "terbit": "06:06", "dhuha": "06:30", "dzuhur": "12:10", "ashr": "15:33", "magrib": "18:11", "isya": "19:23"}, {"tanggal": "2022-11-16", "imsyak": "04:39", "shubuh": "04:49", "terbit": "06:06", "dhuha": "06:30", "dzuhur": "12:10", "ashr": "15:33", "magrib": "18:11", "isya": "19:23"}, {"tanggal": "2022-11-17", "imsyak": "04:39", "shubuh": "04:49", "terbit": "06:06", "dhuha": "06:30", "dzuhur": "12:10", "ashr": "15:34", "magrib": "18:11", "isya": "19:23"}, {"tanggal": "2022-11-18", "imsyak": "04:39", "shubuh": "04:49", "terbit": "06:06", "dhuha": "06:30", "dzuhur": "12:11", "ashr": "15:34", "magrib": "18:11", "isya": "19:24"}, {"tanggal": "2022-11-19", "imsyak": "04:39", "shubuh": "04:49", "terbit": "06:07", "dhuha": "06:31", "dzuhur": "12:11", "ashr": "15:34", "magrib": "18:11", "isya": "19:24"}, {"tanggal": "2022-11-20", "imsyak": "04:39", "shubuh": "04:49", "terbit": "06:07", "dhuha": "06:31", "dzuhur": "12:11", "ashr": "15:34", "magrib": "18:11", "isya": "19:24"}, {"tanggal": "2022-11-21", "imsyak": "04:40", "shubuh": "04:50", "terbit": "06:07", "dhuha": "06:31", "dzuhur": "12:11", "ashr": "15:35", "magrib": "18:12", "isya": "19:25"}, {"tanggal": "2022-11-22", "imsyak": "04:40", "shubuh": "04:50", "terbit": "06:07", "dhuha": "06:31", "dzuhur": "12:12", "ashr": "15:35", "magrib": "18:12", "isya": "19:25"}, {"tanggal": "2022-11-23", "imsyak": "04:40", "shubuh": "04:50", "terbit": "06:08", "dhuha": "06:32", "dzuhur": "12:12", "ashr": "15:35", "magrib": "18:12", "isya": "19:25"}, {"tanggal": "2022-11-24", "imsyak": "04:40", "shubuh": "04:50", "terbit": "06:08", "dhuha": "06:32", "dzuhur": "12:12", "ashr": "15:36", "magrib": "18:12", "isya": "19:26"}, {"tanggal": "2022-11-25", "imsyak": "04:40", "shubuh": "04:50", "terbit": "06:08", "dhuha": "06:32", "dzuhur": "12:12", "ashr": "15:36", "magrib": "18:13", "isya": "19:26"}, {"tanggal": "2022-11-26", "imsyak": "04:41", "shubuh": "04:51", "terbit": "06:09", "dhuha": "06:33", "dzuhur": "12:13", "ashr": "15:37", "magrib": "18:13", "isya": "19:26"}, {"tanggal": "2022-11-27", "imsyak": "04:41", "shubuh": "04:51", "terbit": "06:09", "dhuha": "06:33", "dzuhur": "12:13", "ashr": "15:37", "magrib": "18:13", "isya": "19:27"}, {"tanggal": "2022-11-28", "imsyak": "04:41", "shubuh": "04:51", "terbit": "06:09", "dhuha": "06:33", "dzuhur": "12:13", "ashr": "15:37", "magrib": "18:13", "isya": "19:27"}, {"tanggal": "2022-11-29", "imsyak": "04:41", "shubuh": "04:51", "terbit": "06:10", "dhuha": "06:34", "dzuhur": "12:14", "ashr": "15:38", "magrib": "18:14", "isya": "19:27"}, {"tanggal": "2022-11-30", "imsyak": "04:42", "shubuh": "04:52", "terbit": "06:10", "dhuha": "06:34", "dzuhur": "12:14", "ashr": "15:38", "magrib": "18:14", "isya": "19:28"}]