[{"tanggal": "2022-01-01", "imsyak": "04:42", "shubuh": "04:52", "terbit": "06:12", "dhuha": "06:36", "dzuhur": "12:24", "ashr": "15:50", "magrib": "18:32", "isya": "19:47"}, {"tanggal": "2022-01-02", "imsyak": "04:43", "shubuh": "04:53", "terbit": "06:13", "dhuha": "06:37", "dzuhur": "12:24", "ashr": "15:51", "magrib": "18:32", "isya": "19:47"}, {"tanggal": "2022-01-03", "imsyak": "04:43", "shubuh": "04:53", "terbit": "06:13", "dhuha": "06:37", "dzuhur": "12:25", "ashr": "15:51", "magrib": "18:33", "isya": "19:48"}, {"tanggal": "2022-01-04", "imsyak": "04:44", "shubuh": "04:54", "terbit": "06:14", "dhuha": "06:38", "dzuhur": "12:25", "ashr": "15:52", "magrib": "18:33", "isya": "19:48"}, {"tanggal": "2022-01-05", "imsyak": "04:44", "shubuh": "04:54", "terbit": "06:14", "dhuha": "06:38", "dzuhur": "12:26", "ashr": "15:52", "magrib": "18:34", "isya": "19:49"}, {"tanggal": "2022-01-06", "imsyak": "04:45", "shubuh": "04:55", "terbit": "06:15", "dhuha": "06:39", "dzuhur": "12:26", "ashr": "15:52", "magrib": "18:34", "isya": "19:49"}, {"tanggal": "2022-01-07", "imsyak": "04:45", "shubuh": "04:55", "terbit": "06:15", "dhuha": "06:39", "dzuhur": "12:27", "ashr": "15:53", "magrib": "18:34", "isya": "19:49"}, {"tanggal": "2022-01-08", "imsyak": "04:46", "shubuh": "04:56", "terbit": "06:16", "dhuha": "06:40", "dzuhur": "12:27", "ashr": "15:53", "magrib": "18:35", "isya": "19:50"}, {"tanggal": "2022-01-09", "imsyak": "04:46", "shubuh": "04:56", "terbit": "06:16", "dhuha": "06:40", "dzuhur": "12:28", "ashr": "15:54", "magrib": "18:35", "isya": "19:50"}, {"tanggal": "2022-01-10", "imsyak": "04:47", "shubuh": "04:57", "terbit": "06:16", "dhuha": "06:40", "dzuhur": "12:28", "ashr": "15:54", "magrib": "18:36", "isya": "19:50"}, {"tanggal": "2022-01-11", "imsyak": "04:47", "shubuh": "04:57", "terbit": "06:17", "dhuha": "06:41", "dzuhur": "12:28", "ashr": "15:54", "magrib": "18:36", "isya": "19:51"}, {"tanggal": "2022-01-12", "imsyak": "04:48", "shubuh": "04:58", "terbit": "06:17", "dhuha": "06:41", "dzuhur": "12:29", "ashr": "15:54", "magrib": "18:36", "isya": "19:51"}, {"tanggal": "2022-01-13", "imsyak": "04:49", "shubuh": "04:59", "terbit": "06:18", "dhuha": "06:42", "dzuhur": "12:29", "ashr": "15:55", "magrib": "18:37", "isya": "19:51"}, {"tanggal": "2022-01-14", "imsyak": "04:49", "shubuh": "04:59", "terbit": "06:18", "dhuha": "06:42", "dzuhur": "12:30", "ashr": "15:55", "magrib": "18:37", "isya": "19:51"}, {"tanggal": "2022-01-15", "imsyak": "04:50", "shubuh": "05:00", "terbit": "06:19", "dhuha": "06:43", "dzuhur": "12:30", "ashr": "15:55", "magrib": "18:37", "isya": "19:52"}, {"tanggal": "2022-01-16", "imsyak": "04:50", "shubuh": "05:00", "terbit": "06:19", "dhuha": "06:43", "dzuhur": "12:30", "ashr": "15:55", "magrib": "18:38", "isya": "19:52"}, {"tanggal": "2022-01-17", "imsyak": "04:51", "shubuh": "05:01", "terbit": "06:19", "dhuha": "06:43", "dzuhur": "12:31", "ashr": "15:56", "magrib": "18:38", "isya": "19:52"}, {"tanggal": "2022-01-18", "imsyak": "04:51", "shubuh": "05:01", "terbit": "06:20", "dhuha": "06:44", "dzuhur": "12:31", "ashr": "15:56", "magrib": "18:38", "isya": "19:52"}, {"tanggal": "2022-01-19", "imsyak": "04:52", "shubuh": "05:02", "terbit": "06:20", "dhuha": "06:44", "dzuhur": "12:31", "ashr": "15:56", "magrib": "18:39", "isya": "19:52"}, {"tanggal": "2022-01-20", "imsyak": "04:52", "shubuh": "05:02", "terbit": "06:20", "dhuha": "06:44", "dzuhur": "12:32", "ashr": "15:56", "magrib": "18:39", "isya": "19:53"}, {"tanggal": "2022-01-21", "imsyak": "04:53", "shubuh": "05:03", "terbit": "06:21", "dhuha": "06:45", "dzuhur": "12:32", "ashr": "15:56", "magrib": "18:39", "isya": "19:53"}, {"tanggal": "2022-01-22", "imsyak": "04:53", "shubuh": "05:03", "terbit": "06:21", "dhuha": "06:45", "dzuhur": "12:32", "ashr": "15:56", "magrib": "18:39", "isya": "19:53"}, {"tanggal": "2022-01-23", "imsyak": "04:53", "shubuh": "05:03", "terbit": "06:21", "dhuha": "06:45", "dzuhur": "12:33", "ashr": "15:56", "magrib": "18:40", "isya": "19:53"}, {"tanggal": "2022-01-24", "imsyak": "04:54", "shubuh": "05:04", "terbit": "06:22", "dhuha": "06:46", "dzuhur": "12:33", "ashr": "15:57", "magrib": "18:40", "isya": "19:53"}, {"tanggal": "2022-01-25", "imsyak": "04:54", "shubuh": "05:04", "terbit": "06:22", "dhuha": "06:46", "dzuhur": "12:33", "ashr": "15:57", "magrib": "18:40", "isya": "19:53"}, {"tanggal": "2022-01-26", "imsyak": "04:55", "shubuh": "05:05", "terbit": "06:22", "dhuha": "06:46", "dzuhur": "12:33", "ashr": "15:57", "magrib": "18:40", "isya": "19:53"}, {"tanggal": "2022-01-27", "imsyak": "04:55", "shubuh": "05:05", "terbit": "06:23", "dhuha": "06:47", "dzuhur": "12:33", "ashr": "15:57", "magrib": "18:40", "isya": "19:53"}, {"tanggal": "2022-01-28", "imsyak": "04:56", "shubuh": "05:06", "terbit": "06:23", "dhuha": "06:47", "dzuhur": "12:34", "ashr": "15:57", "magrib": "18:40", "isya": "19:53"}, {"tanggal": "2022-01-29", "imsyak": "04:56", "shubuh": "05:06", "terbit": "06:23", "dhuha": "06:47", "dzuhur": "12:34", "ashr": "15:57", "magrib": "18:41", "isya": "19:53"}, {"tanggal": "2022-01-30", "imsyak": "04:56", "shubuh": "05:06", "terbit": "06:23", "dhuha": "06:47", "dzuhur": "12:34", "ashr": "15:57", "magrib": "18:41", "isya": "19:53"}, {"tanggal": "2022-01-31", "imsyak": "04:57", "shubuh": "05:07", "terbit": "06:24", "dhuha": "06:48", "dzuhur": "12:34", "ashr": "15:56", "magrib": "18:41", "isya": "19:53"}]