[{"tanggal": "2022-03-01", "imsyak": "05:01", "shubuh": "05:11", "terbit": "06:25", "dhuha": "06:49", "dzuhur": "12:34", "ashr": "15:44", "magrib": "18:38", "isya": "19:48"}, {"tanggal": "2022-03-02", "imsyak": "05:01", "shubuh": "05:11", "terbit": "06:25", "dhuha": "06:49", "dzuhur": "12:33", "ashr": "15:43", "magrib": "18:38", "isya": "19:47"}, {"tanggal": "2022-03-03", "imsyak": "05:01", "shubuh": "05:11", "terbit": "06:25", "dhuha": "06:49", "dzuhur": "12:33", "ashr": "15:42", "magrib": "18:38", "isya": "19:47"}, {"tanggal": "2022-03-04", "imsyak": "05:01", "shubuh": "05:11", "terbit": "06:25", "dhuha": "06:49", "dzuhur": "12:33", "ashr": "15:41", "magrib": "18:37", "isya": "19:47"}, {"tanggal": "2022-03-05", "imsyak": "05:01", "shubuh": "05:11", "terbit": "06:24", "dhuha": "06:48", "dzuhur": "12:33", "ashr": "15:40", "magrib": "18:37", "isya": "19:46"}, {"tanggal": "2022-03-06", "imsyak": "05:01", "shubuh": "05:11", "terbit": "06:24", "dhuha": "06:48", "dzuhur": "12:33", "ashr": "15:40", "magrib": "18:37", "isya": "19:46"}, {"tanggal": "2022-03-07", "imsyak": "05:01", "shubuh": "05:11", "terbit": "06:24", "dhuha": "06:48", "dzuhur": "12:32", "ashr": "15:39", "magrib": "18:37", "isya": "19:46"}, {"tanggal": "2022-03-08", "imsyak": "05:01", "shubuh": "05:11", "terbit": "06:24", "dhuha": "06:48", "dzuhur": "12:32", "ashr": "15:38", "magrib": "18:36", "isya": "19:45"}, {"tanggal": "2022-03-09", "imsyak": "05:01", "shubuh": "05:11", "terbit": "06:24", "dhuha": "06:48", "dzuhur": "12:32", "ashr": "15:37", "magrib": "18:36", "isya": "19:45"}, {"tanggal": "2022-03-10", "imsyak": "05:01", "shubuh": "05:11", "terbit": "06:24", "dhuha": "06:48", "dzuhur": "12:32", "ashr": "15:36", "magrib": "18:36", "isya": "19:45"}, {"tanggal": "2022-03-11", "imsyak": "05:00", "shubuh": "05:10", "terbit": "06:23", "dhuha": "06:47", "dzuhur": "12:31", "ashr": "15:35", "magrib": "18:35", "isya": "19:44"}, {"tanggal": "2022-03-12", "imsyak": "05:00", "shubuh": "05:10", "terbit": "06:23", "dhuha": "06:47", "dzuhur": "12:31", "ashr": "15:34", "magrib": "18:35", "isya": "19:44"}, {"tanggal": "2022-03-13", "imsyak": "05:00", "shubuh": "05:10", "terbit": "06:23", "dhuha": "06:47", "dzuhur": "12:31", "ashr": "15:33", "magrib": "18:35", "isya": "19:43"}, {"tanggal": "2022-03-14", "imsyak": "05:00", "shubuh": "05:10", "terbit": "06:23", "dhuha": "06:47", "dzuhur": "12:31", "ashr": "15:32", "magrib": "18:34", "isya": "19:43"}, {"tanggal": "2022-03-15", "imsyak": "05:00", "shubuh": "05:10", "terbit": "06:23", "dhuha": "06:47", "dzuhur": "12:30", "ashr": "15:31", "magrib": "18:34", "isya": "19:43"}, {"tanggal": "2022-03-16", "imsyak": "05:00", "shubuh": "05:10", "terbit": "06:22", "dhuha": "06:46", "dzuhur": "12:30", "ashr": "15:31", "magrib": "18:34", "isya": "19:42"}, {"tanggal": "2022-03-17", "imsyak": "04:59", "shubuh": "05:09", "terbit": "06:22", "dhuha": "06:46", "dzuhur": "12:30", "ashr": "15:31", "magrib": "18:33", "isya": "19:42"}, {"tanggal": "2022-03-18", "imsyak": "04:59", "shubuh": "05:09", "terbit": "06:22", "dhuha": "06:46", "dzuhur": "12:29", "ashr": "15:32", "magrib": "18:33", "isya": "19:42"}, {"tanggal": "2022-03-19", "imsyak": "04:59", "shubuh": "05:09", "terbit": "06:22", "dhuha": "06:46", "dzuhur": "12:29", "ashr": "15:32", "magrib": "18:33", "isya": "19:41"}, {"tanggal": "2022-03-20", "imsyak": "04:59", "shubuh": "05:09", "terbit": "06:21", "dhuha": "06:45", "dzuhur": "12:29", "ashr": "15:32", "magrib": "18:32", "isya": "19:41"}, {"tanggal": "2022-03-21", "imsyak": "04:59", "shubuh": "05:09", "terbit": "06:21", "dhuha": "06:45", "dzuhur": "12:29", "ashr": "15:33", "magrib": "18:32", "isya": "19:41"}, {"tanggal": "2022-03-22", "imsyak": "04:58", "shubuh": "05:08", "terbit": "06:21", "dhuha": "06:45", "dzuhur": "12:28", "ashr": "15:33", "magrib": "18:31", "isya": "19:40"}, {"tanggal": "2022-03-23", "imsyak": "04:58", "shubuh": "05:08", "terbit": "06:21", "dhuha": "06:45", "dzuhur": "12:28", "ashr": "15:33", "magrib": "18:31", "isya": "19:40"}, {"tanggal": "2022-03-24", "imsyak": "04:58", "shubuh": "05:08", "terbit": "06:21", "dhuha": "06:45", "dzuhur": "12:28", "ashr": "15:34", "magrib": "18:31", "isya": "19:39"}, {"tanggal": "2022-03-25", "imsyak": "04:58", "shubuh": "05:08", "terbit": "06:20", "dhuha": "06:44", "dzuhur": "12:27", "ashr": "15:34", "magrib": "18:30", "isya": "19:39"}, {"tanggal": "2022-03-26", "imsyak": "04:57", "shubuh": "05:07", "terbit": "06:20", "dhuha": "06:44", "dzuhur": "12:27", "ashr": "15:34", "magrib": "18:30", "isya": "19:39"}, {"tanggal": "2022-03-27", "imsyak": "04:57", "shubuh": "05:07", "terbit": "06:20", "dhuha": "06:44", "dzuhur": "12:27", "ashr": "15:35", "magrib": "18:30", "isya": "19:38"}, {"tanggal": "2022-03-28", "imsyak": "04:57", "shubuh": "05:07", "terbit": "06:20", "dhuha": "06:44", "dzuhur": "12:26", "ashr": "15:35", "magrib": "18:29", "isya": "19:38"}, {"tanggal": "2022-03-29", "imsyak": "04:57", "shubuh": "05:07", "terbit": "06:19", "dhuha": "06:43", "dzuhur": "12:26", "ashr": "15:35", "magrib": "18:29", "isya": "19:38"}, {"tanggal": "2022-03-30", "imsyak": "04:56", "shubuh": "05:06", "terbit": "06:19", "dhuha": "06:43", "dzuhur": "12:26", "ashr": "15:36", "magrib": "18:29", "isya": "19:37"}, {"tanggal": "2022-03-31", "imsyak": "04:56", "shubuh": "05:06", "terbit": "06:19", "dhuha": "06:43", "dzuhur": "12:26", "ashr": "15:36", "magrib": "18:28", "isya": "19:37"}]