[{"tanggal": "2022-05-01", "imsyak": "04:48", "shubuh": "04:58", "terbit": "06:13", "dhuha": "06:37", "dzuhur": "12:18", "ashr": "15:39", "magrib": "18:19", "isya": "19:30"}, {"tanggal": "2022-05-02", "imsyak": "04:48", "shubuh": "04:58", "terbit": "06:13", "dhuha": "06:37", "dzuhur": "12:18", "ashr": "15:39", "magrib": "18:19", "isya": "19:30"}, {"tanggal": "2022-05-03", "imsyak": "04:48", "shubuh": "04:58", "terbit": "06:13", "dhuha": "06:37", "dzuhur": "12:18", "ashr": "15:39", "magrib": "18:19", "isya": "19:30"}, {"tanggal": "2022-05-04", "imsyak": "04:48", "shubuh": "04:58", "terbit": "06:13", "dhuha": "06:37", "dzuhur": "12:18", "ashr": "15:39", "magrib": "18:19", "isya": "19:30"}, {"tanggal": "2022-05-05", "imsyak": "04:47", "shubuh": "04:57", "terbit": "06:13", "dhuha": "06:37", "dzuhur": "12:18", "ashr": "15:39", "magrib": "18:19", "isya": "19:30"}, {"tanggal": "2022-05-06", "imsyak": "04:47", "shubuh": "04:57", "terbit": "06:13", "dhuha": "06:37", "dzuhur": "12:18", "ashr": "15:40", "magrib": "18:18", "isya": "19:30"}, {"tanggal": "2022-05-07", "imsyak": "04:47", "shubuh": "04:57", "terbit": "06:13", "dhuha": "06:37", "dzuhur": "12:18", "ashr": "15:40", "magrib": "18:18", "isya": "19:30"}, {"tanggal": "2022-05-08", "imsyak": "04:47", "shubuh": "04:57", "terbit": "06:13", "dhuha": "06:37", "dzuhur": "12:18", "ashr": "15:40", "magrib": "18:18", "isya": "19:30"}, {"tanggal": "2022-05-09", "imsyak": "04:47", "shubuh": "04:57", "terbit": "06:13", "dhuha": "06:37", "dzuhur": "12:18", "ashr": "15:40", "magrib": "18:18", "isya": "19:30"}, {"tanggal": "2022-05-10", "imsyak": "04:47", "shubuh": "04:57", "terbit": "06:13", "dhuha": "06:37", "dzuhur": "12:17", "ashr": "15:40", "magrib": "18:18", "isya": "19:30"}, {"tanggal": "2022-05-11", "imsyak": "04:47", "shubuh": "04:57", "terbit": "06:13", "dhuha": "06:37", "dzuhur": "12:17", "ashr": "15:40", "magrib": "18:18", "isya": "19:30"}, {"tanggal": "2022-05-12", "imsyak": "04:46", "shubuh": "04:56", "terbit": "06:13", "dhuha": "06:37", "dzuhur": "12:17", "ashr": "15:40", "magrib": "18:18", "isya": "19:30"}, {"tanggal": "2022-05-13", "imsyak": "04:46", "shubuh": "04:56", "terbit": "06:13", "dhuha": "06:37", "dzuhur": "12:17", "ashr": "15:40", "magrib": "18:18", "isya": "19:30"}, {"tanggal": "2022-05-14", "imsyak": "04:46", "shubuh": "04:56", "terbit": "06:13", "dhuha": "06:37", "dzuhur": "12:17", "ashr": "15:40", "magrib": "18:18", "isya": "19:30"}, {"tanggal": "2022-05-15", "imsyak": "04:46", "shubuh": "04:56", "terbit": "06:13", "dhuha": "06:37", "dzuhur": "12:17", "ashr": "15:40", "magrib": "18:18", "isya": "19:30"}, {"tanggal": "2022-05-16", "imsyak": "04:46", "shubuh": "04:56", "terbit": "06:13", "dhuha": "06:37", "dzuhur": "12:17", "ashr": "15:40", "magrib": "18:18", "isya": "19:30"}, {"tanggal": "2022-05-17", "imsyak": "04:46", "shubuh": "04:56", "terbit": "06:13", "dhuha": "06:37", "dzuhur": "12:17", "ashr": "15:41", "magrib": "18:18", "isya": "19:30"}, {"tanggal": "2022-05-18", "imsyak": "04:46", "shubuh": "04:56", "terbit": "06:13", "dhuha": "06:37", "dzuhur": "12:17", "ashr": "15:41", "magrib": "18:18", "isya": "19:30"}, {"tanggal": "2022-05-19", "imsyak": "04:46", "shubuh": "04:56", "terbit": "06:13", "dhuha": "06:37", "dzuhur": "12:17", "ashr": "15:41", "magrib": "18:18", "isya": "19:31"}, {"tanggal": "2022-05-20", "imsyak": "04:46", "shubuh": "04:56", "terbit": "06:13", "dhuha": "06:37", "dzuhur": "12:17", "ashr": "15:41", "magrib": "18:18", "isya": "19:31"}, {"tanggal": "2022-05-21", "imsyak": "04:46", "shubuh": "04:56", "terbit": "06:13", "dhuha": "06:37", "dzuhur": "12:18", "ashr": "15:41", "magrib": "18:18", "isya": "19:31"}, {"tanggal": "2022-05-22", "imsyak": "04:46", "shubuh": "04:56", "terbit": "06:14", "dhuha": "06:38", "dzuhur": "12:18", "ashr": "15:41", "magrib": "18:18", "isya": "19:31"}, {"tanggal": "2022-05-23", "imsyak": "04:46", "shubuh": "04:56", "terbit": "06:14", "dhuha": "06:38", "dzuhur": "12:18", "ashr": "15:41", "magrib": "18:18", "isya": "19:31"}, {"tanggal": "2022-05-24", "imsyak": "04:46", "shubuh": "04:56", "terbit": "06:14", "dhuha": "06:38", "dzuhur": "12:18", "ashr": "15:41", "magrib": "18:18", "isya": "19:31"}, {"tanggal": "2022-05-25", "imsyak": "04:46", "shubuh": "04:56", "terbit": "06:14", "dhuha": "06:38", "dzuhur": "12:18", "ashr": "15:42", "magrib": "18:18", "isya": "19:31"}, {"tanggal": "2022-05-26", "imsyak": "04:46", "shubuh": "04:56", "terbit": "06:14", "dhuha": "06:38", "dzuhur": "12:18", "ashr": "15:42", "magrib": "18:18", "isya": "19:31"}, {"tanggal": "2022-05-27", "imsyak": "04:46", "shubuh": "04:56", "terbit": "06:14", "dhuha": "06:38", "dzuhur": "12:18", "ashr": "15:42", "magrib": "18:18", "isya": "19:32"}, {"tanggal": "2022-05-28", "imsyak": "04:46", "shubuh": "04:56", "terbit": "06:14", "dhuha": "06:38", "dzuhur": "12:18", "ashr": "15:42", "magrib": "18:18", "isya": "19:32"}, {"tanggal": "2022-05-29", "imsyak": "04:46", "shubuh": "04:56", "terbit": "06:14", "dhuha": "06:38", "dzuhur": "12:18", "ashr": "15:42", "magrib": "18:18", "isya": "19:32"}, {"tanggal": "2022-05-30", "imsyak": "04:46", "shubuh": "04:56", "terbit": "06:15", "dhuha": "06:39", "dzuhur": "12:18", "ashr": "15:42", "magrib": "18:18", "isya": "19:32"}, {"tanggal": "2022-05-31", "imsyak": "04:46", "shubuh": "04:56", "terbit": "06:15", "dhuha": "06:39", "dzuhur": "12:19", "ashr": "15:43", "magrib": "18:18", "isya": "19:32"}]