[{"tanggal": "2022-06-01", "imsyak": "04:46", "shubuh": "04:56", "terbit": "06:15", "dhuha": "06:39", "dzuhur": "12:19", "ashr": "15:43", "magrib": "18:18", "isya": "19:33"}, {"tanggal": "2022-06-02", "imsyak": "04:46", "shubuh": "04:56", "terbit": "06:15", "dhuha": "06:39", "dzuhur": "12:19", "ashr": "15:43", "magrib": "18:19", "isya": "19:33"}, {"tanggal": "2022-06-03", "imsyak": "04:46", "shubuh": "04:56", "terbit": "06:15", "dhuha": "06:39", "dzuhur": "12:19", "ashr": "15:43", "magrib": "18:19", "isya": "19:33"}, {"tanggal": "2022-06-04", "imsyak": "04:46", "shubuh": "04:56", "terbit": "06:15", "dhuha": "06:39", "dzuhur": "12:19", "ashr": "15:43", "magrib": "18:19", "isya": "19:33"}, {"tanggal": "2022-06-05", "imsyak": "04:47", "shubuh": "04:57", "terbit": "06:16", "dhuha": "06:40", "dzuhur": "12:19", "ashr": "15:44", "magrib": "18:19", "isya": "19:33"}, {"tanggal": "2022-06-06", "imsyak": "04:47", "shubuh": "04:57", "terbit": "06:16", "dhuha": "06:40", "dzuhur": "12:20", "ashr": "15:44", "magrib": "18:19", "isya": "19:34"}, {"tanggal": "2022-06-07", "imsyak": "04:47", "shubuh": "04:57", "terbit": "06:16", "dhuha": "06:40", "dzuhur": "12:20", "ashr": "15:44", "magrib": "18:19", "isya": "19:34"}, {"tanggal": "2022-06-08", "imsyak": "04:47", "shubuh": "04:57", "terbit": "06:16", "dhuha": "06:40", "dzuhur": "12:20", "ashr": "15:44", "magrib": "18:19", "isya": "19:34"}, {"tanggal": "2022-06-09", "imsyak": "04:47", "shubuh": "04:57", "terbit": "06:16", "dhuha": "06:40", "dzuhur": "12:20", "ashr": "15:44", "magrib": "18:20", "isya": "19:34"}, {"tanggal": "2022-06-10", "imsyak": "04:47", "shubuh": "04:57", "terbit": "06:17", "dhuha": "06:41", "dzuhur": "12:20", "ashr": "15:45", "magrib": "18:20", "isya": "19:35"}, {"tanggal": "2022-06-11", "imsyak": "04:47", "shubuh": "04:57", "terbit": "06:17", "dhuha": "06:41", "dzuhur": "12:20", "ashr": "15:45", "magrib": "18:20", "isya": "19:35"}, {"tanggal": "2022-06-12", "imsyak": "04:48", "shubuh": "04:58", "terbit": "06:17", "dhuha": "06:41", "dzuhur": "12:21", "ashr": "15:45", "magrib": "18:20", "isya": "19:35"}, {"tanggal": "2022-06-13", "imsyak": "04:48", "shubuh": "04:58", "terbit": "06:17", "dhuha": "06:41", "dzuhur": "12:21", "ashr": "15:45", "magrib": "18:20", "isya": "19:35"}, {"tanggal": "2022-06-14", "imsyak": "04:48", "shubuh": "04:58", "terbit": "06:17", "dhuha": "06:41", "dzuhur": "12:21", "ashr": "15:46", "magrib": "18:21", "isya": "19:35"}, {"tanggal": "2022-06-15", "imsyak": "04:48", "shubuh": "04:58", "terbit": "06:18", "dhuha": "06:42", "dzuhur": "12:21", "ashr": "15:46", "magrib": "18:21", "isya": "19:36"}, {"tanggal": "2022-06-16", "imsyak": "04:48", "shubuh": "04:58", "terbit": "06:18", "dhuha": "06:42", "dzuhur": "12:21", "ashr": "15:46", "magrib": "18:21", "isya": "19:36"}, {"tanggal": "2022-06-17", "imsyak": "04:49", "shubuh": "04:59", "terbit": "06:18", "dhuha": "06:42", "dzuhur": "12:22", "ashr": "15:46", "magrib": "18:21", "isya": "19:36"}, {"tanggal": "2022-06-18", "imsyak": "04:49", "shubuh": "04:59", "terbit": "06:18", "dhuha": "06:42", "dzuhur": "12:22", "ashr": "15:46", "magrib": "18:21", "isya": "19:36"}, {"tanggal": "2022-06-19", "imsyak": "04:49", "shubuh": "04:59", "terbit": "06:19", "dhuha": "06:43", "dzuhur": "12:22", "ashr": "15:47", "magrib": "18:22", "isya": "19:37"}, {"tanggal": "2022-06-20", "imsyak": "04:49", "shubuh": "04:59", "terbit": "06:19", "dhuha": "06:43", "dzuhur": "12:22", "ashr": "15:47", "magrib": "18:22", "isya": "19:37"}, {"tanggal": "2022-06-21", "imsyak": "04:49", "shubuh": "04:59", "terbit": "06:19", "dhuha": "06:43", "dzuhur": "12:23", "ashr": "15:47", "magrib": "18:22", "isya": "19:37"}, {"tanggal": "2022-06-22", "imsyak": "04:50", "shubuh": "05:00", "terbit": "06:19", "dhuha": "06:43", "dzuhur": "12:23", "ashr": "15:47", "magrib": "18:22", "isya": "19:37"}, {"tanggal": "2022-06-23", "imsyak": "04:50", "shubuh": "05:00", "terbit": "06:19", "dhuha": "06:43", "dzuhur": "12:23", "ashr": "15:48", "magrib": "18:23", "isya": "19:37"}, {"tanggal": "2022-06-24", "imsyak": "04:50", "shubuh": "05:00", "terbit": "06:20", "dhuha": "06:44", "dzuhur": "12:23", "ashr": "15:48", "magrib": "18:23", "isya": "19:38"}, {"tanggal": "2022-06-25", "imsyak": "04:50", "shubuh": "05:00", "terbit": "06:20", "dhuha": "06:44", "dzuhur": "12:23", "ashr": "15:48", "magrib": "18:23", "isya": "19:38"}, {"tanggal": "2022-06-26", "imsyak": "04:50", "shubuh": "05:00", "terbit": "06:20", "dhuha": "06:44", "dzuhur": "12:24", "ashr": "15:48", "magrib": "18:23", "isya": "19:38"}, {"tanggal": "2022-06-27", "imsyak": "04:51", "shubuh": "05:01", "terbit": "06:20", "dhuha": "06:44", "dzuhur": "12:24", "ashr": "15:48", "magrib": "18:23", "isya": "19:38"}, {"tanggal": "2022-06-28", "imsyak": "04:51", "shubuh": "05:01", "terbit": "06:21", "dhuha": "06:45", "dzuhur": "12:24", "ashr": "15:49", "magrib": "18:24", "isya": "19:38"}, {"tanggal": "2022-06-29", "imsyak": "04:51", "shubuh": "05:01", "terbit": "06:21", "dhuha": "06:45", "dzuhur": "12:24", "ashr": "15:49", "magrib": "18:24", "isya": "19:39"}, {"tanggal": "2022-06-30", "imsyak": "04:51", "shubuh": "05:01", "terbit": "06:21", "dhuha": "06:45", "dzuhur": "12:24", "ashr": "15:49", "magrib": "18:24", "isya": "19:39"}]