[{"tanggal": "2022-08-01", "imsyak": "04:56", "shubuh": "05:06", "terbit": "06:23", "dhuha": "06:47", "dzuhur": "12:27", "ashr": "15:50", "magrib": "18:28", "isya": "19:40"}, {"tanggal": "2022-08-02", "imsyak": "04:56", "shubuh": "05:06", "terbit": "06:23", "dhuha": "06:47", "dzuhur": "12:27", "ashr": "15:50", "magrib": "18:28", "isya": "19:40"}, {"tanggal": "2022-08-03", "imsyak": "04:56", "shubuh": "05:06", "terbit": "06:23", "dhuha": "06:47", "dzuhur": "12:27", "ashr": "15:50", "magrib": "18:28", "isya": "19:40"}, {"tanggal": "2022-08-04", "imsyak": "04:56", "shubuh": "05:06", "terbit": "06:23", "dhuha": "06:47", "dzuhur": "12:27", "ashr": "15:50", "magrib": "18:28", "isya": "19:40"}, {"tanggal": "2022-08-05", "imsyak": "04:56", "shubuh": "05:06", "terbit": "06:23", "dhuha": "06:47", "dzuhur": "12:27", "ashr": "15:50", "magrib": "18:28", "isya": "19:40"}, {"tanggal": "2022-08-06", "imsyak": "04:56", "shubuh": "05:06", "terbit": "06:23", "dhuha": "06:47", "dzuhur": "12:27", "ashr": "15:49", "magrib": "18:28", "isya": "19:39"}, {"tanggal": "2022-08-07", "imsyak": "04:56", "shubuh": "05:06", "terbit": "06:22", "dhuha": "06:46", "dzuhur": "12:27", "ashr": "15:49", "magrib": "18:28", "isya": "19:39"}, {"tanggal": "2022-08-08", "imsyak": "04:56", "shubuh": "05:06", "terbit": "06:22", "dhuha": "06:46", "dzuhur": "12:27", "ashr": "15:49", "magrib": "18:27", "isya": "19:39"}, {"tanggal": "2022-08-09", "imsyak": "04:56", "shubuh": "05:06", "terbit": "06:22", "dhuha": "06:46", "dzuhur": "12:27", "ashr": "15:49", "magrib": "18:27", "isya": "19:39"}, {"tanggal": "2022-08-10", "imsyak": "04:56", "shubuh": "05:06", "terbit": "06:22", "dhuha": "06:46", "dzuhur": "12:27", "ashr": "15:48", "magrib": "18:27", "isya": "19:39"}, {"tanggal": "2022-08-11", "imsyak": "04:56", "shubuh": "05:06", "terbit": "06:22", "dhuha": "06:46", "dzuhur": "12:26", "ashr": "15:48", "magrib": "18:27", "isya": "19:38"}, {"tanggal": "2022-08-12", "imsyak": "04:56", "shubuh": "05:06", "terbit": "06:21", "dhuha": "06:45", "dzuhur": "12:26", "ashr": "15:48", "magrib": "18:27", "isya": "19:38"}, {"tanggal": "2022-08-13", "imsyak": "04:56", "shubuh": "05:06", "terbit": "06:21", "dhuha": "06:45", "dzuhur": "12:26", "ashr": "15:47", "magrib": "18:27", "isya": "19:38"}, {"tanggal": "2022-08-14", "imsyak": "04:56", "shubuh": "05:06", "terbit": "06:21", "dhuha": "06:45", "dzuhur": "12:26", "ashr": "15:47", "magrib": "18:27", "isya": "19:38"}, {"tanggal": "2022-08-15", "imsyak": "04:56", "shubuh": "05:06", "terbit": "06:21", "dhuha": "06:45", "dzuhur": "12:26", "ashr": "15:47", "magrib": "18:27", "isya": "19:38"}, {"tanggal": "2022-08-16", "imsyak": "04:56", "shubuh": "05:06", "terbit": "06:21", "dhuha": "06:45", "dzuhur": "12:26", "ashr": "15:46", "magrib": "18:27", "isya": "19:37"}, {"tanggal": "2022-08-17", "imsyak": "04:55", "shubuh": "05:05", "terbit": "06:20", "dhuha": "06:44", "dzuhur": "12:25", "ashr": "15:46", "magrib": "18:26", "isya": "19:37"}, {"tanggal": "2022-08-18", "imsyak": "04:55", "shubuh": "05:05", "terbit": "06:20", "dhuha": "06:44", "dzuhur": "12:25", "ashr": "15:45", "magrib": "18:26", "isya": "19:37"}, {"tanggal": "2022-08-19", "imsyak": "04:55", "shubuh": "05:05", "terbit": "06:20", "dhuha": "06:44", "dzuhur": "12:25", "ashr": "15:45", "magrib": "18:26", "isya": "19:37"}, {"tanggal": "2022-08-20", "imsyak": "04:55", "shubuh": "05:05", "terbit": "06:20", "dhuha": "06:44", "dzuhur": "12:25", "ashr": "15:44", "magrib": "18:26", "isya": "19:36"}, {"tanggal": "2022-08-21", "imsyak": "04:55", "shubuh": "05:05", "terbit": "06:19", "dhuha": "06:43", "dzuhur": "12:24", "ashr": "15:44", "magrib": "18:26", "isya": "19:36"}, {"tanggal": "2022-08-22", "imsyak": "04:55", "shubuh": "05:05", "terbit": "06:19", "dhuha": "06:43", "dzuhur": "12:24", "ashr": "15:43", "magrib": "18:26", "isya": "19:36"}, {"tanggal": "2022-08-23", "imsyak": "04:54", "shubuh": "05:04", "terbit": "06:19", "dhuha": "06:43", "dzuhur": "12:24", "ashr": "15:43", "magrib": "18:25", "isya": "19:35"}, {"tanggal": "2022-08-24", "imsyak": "04:54", "shubuh": "05:04", "terbit": "06:18", "dhuha": "06:42", "dzuhur": "12:24", "ashr": "15:42", "magrib": "18:25", "isya": "19:35"}, {"tanggal": "2022-08-25", "imsyak": "04:54", "shubuh": "05:04", "terbit": "06:18", "dhuha": "06:42", "dzuhur": "12:23", "ashr": "15:42", "magrib": "18:25", "isya": "19:35"}, {"tanggal": "2022-08-26", "imsyak": "04:54", "shubuh": "05:04", "terbit": "06:18", "dhuha": "06:42", "dzuhur": "12:23", "ashr": "15:41", "magrib": "18:25", "isya": "19:35"}, {"tanggal": "2022-08-27", "imsyak": "04:53", "shubuh": "05:03", "terbit": "06:17", "dhuha": "06:41", "dzuhur": "12:23", "ashr": "15:41", "magrib": "18:24", "isya": "19:34"}, {"tanggal": "2022-08-28", "imsyak": "04:53", "shubuh": "05:03", "terbit": "06:17", "dhuha": "06:41", "dzuhur": "12:23", "ashr": "15:40", "magrib": "18:24", "isya": "19:34"}, {"tanggal": "2022-08-29", "imsyak": "04:53", "shubuh": "05:03", "terbit": "06:17", "dhuha": "06:41", "dzuhur": "12:22", "ashr": "15:39", "magrib": "18:24", "isya": "19:34"}, {"tanggal": "2022-08-30", "imsyak": "04:53", "shubuh": "05:03", "terbit": "06:16", "dhuha": "06:40", "dzuhur": "12:22", "ashr": "15:39", "magrib": "18:24", "isya": "19:33"}, {"tanggal": "2022-08-31", "imsyak": "04:52", "shubuh": "05:02", "terbit": "06:16", "dhuha": "06:40", "dzuhur": "12:22", "ashr": "15:38", "magrib": "18:24", "isya": "19:33"}]