[{"tanggal": "2022-11-01", "imsyak": "04:29", "shubuh": "04:39", "terbit": "05:55", "dhuha": "06:19", "dzuhur": "12:05", "ashr": "15:23", "magrib": "18:11", "isya": "19:22"}, {"tanggal": "2022-11-02", "imsyak": "04:29", "shubuh": "04:39", "terbit": "05:55", "dhuha": "06:19", "dzuhur": "12:05", "ashr": "15:23", "magrib": "18:11", "isya": "19:22"}, {"tanggal": "2022-11-03", "imsyak": "04:29", "shubuh": "04:39", "terbit": "05:55", "dhuha": "06:19", "dzuhur": "12:05", "ashr": "15:24", "magrib": "18:11", "isya": "19:22"}, {"tanggal": "2022-11-04", "imsyak": "04:29", "shubuh": "04:39", "terbit": "05:55", "dhuha": "06:19", "dzuhur": "12:05", "ashr": "15:24", "magrib": "18:11", "isya": "19:22"}, {"tanggal": "2022-11-05", "imsyak": "04:29", "shubuh": "04:39", "terbit": "05:54", "dhuha": "06:18", "dzuhur": "12:05", "ashr": "15:24", "magrib": "18:11", "isya": "19:22"}, {"tanggal": "2022-11-06", "imsyak": "04:28", "shubuh": "04:38", "terbit": "05:54", "dhuha": "06:18", "dzuhur": "12:05", "ashr": "15:25", "magrib": "18:11", "isya": "19:22"}, {"tanggal": "2022-11-07", "imsyak": "04:28", "shubuh": "04:38", "terbit": "05:54", "dhuha": "06:18", "dzuhur": "12:05", "ashr": "15:25", "magrib": "18:11", "isya": "19:23"}, {"tanggal": "2022-11-08", "imsyak": "04:28", "shubuh": "04:38", "terbit": "05:54", "dhuha": "06:18", "dzuhur": "12:05", "ashr": "15:25", "magrib": "18:11", "isya": "19:23"}, {"tanggal": "2022-11-09", "imsyak": "04:28", "shubuh": "04:38", "terbit": "05:54", "dhuha": "06:18", "dzuhur": "12:05", "ashr": "15:26", "magrib": "18:11", "isya": "19:23"}, {"tanggal": "2022-11-10", "imsyak": "04:28", "shubuh": "04:38", "terbit": "05:54", "dhuha": "06:18", "dzuhur": "12:05", "ashr": "15:26", "magrib": "18:11", "isya": "19:23"}, {"tanggal": "2022-11-11", "imsyak": "04:28", "shubuh": "04:38", "terbit": "05:54", "dhuha": "06:18", "dzuhur": "12:05", "ashr": "15:27", "magrib": "18:11", "isya": "19:24"}, {"tanggal": "2022-11-12", "imsyak": "04:28", "shubuh": "04:38", "terbit": "05:54", "dhuha": "06:18", "dzuhur": "12:05", "ashr": "15:27", "magrib": "18:12", "isya": "19:24"}, {"tanggal": "2022-11-13", "imsyak": "04:28", "shubuh": "04:38", "terbit": "05:55", "dhuha": "06:19", "dzuhur": "12:05", "ashr": "15:27", "magrib": "18:12", "isya": "19:24"}, {"tanggal": "2022-11-14", "imsyak": "04:28", "shubuh": "04:38", "terbit": "05:55", "dhuha": "06:19", "dzuhur": "12:05", "ashr": "15:28", "magrib": "18:12", "isya": "19:25"}, {"tanggal": "2022-11-15", "imsyak": "04:28", "shubuh": "04:38", "terbit": "05:55", "dhuha": "06:19", "dzuhur": "12:05", "ashr": "15:28", "magrib": "18:12", "isya": "19:25"}, {"tanggal": "2022-11-16", "imsyak": "04:27", "shubuh": "04:37", "terbit": "05:55", "dhuha": "06:19", "dzuhur": "12:06", "ashr": "15:28", "magrib": "18:12", "isya": "19:25"}, {"tanggal": "2022-11-17", "imsyak": "04:27", "shubuh": "04:37", "terbit": "05:55", "dhuha": "06:19", "dzuhur": "12:06", "ashr": "15:29", "magrib": "18:13", "isya": "19:26"}, {"tanggal": "2022-11-18", "imsyak": "04:27", "shubuh": "04:37", "terbit": "05:55", "dhuha": "06:19", "dzuhur": "12:06", "ashr": "15:29", "magrib": "18:13", "isya": "19:26"}, {"tanggal": "2022-11-19", "imsyak": "04:27", "shubuh": "04:37", "terbit": "05:55", "dhuha": "06:19", "dzuhur": "12:06", "ashr": "15:30", "magrib": "18:13", "isya": "19:26"}, {"tanggal": "2022-11-20", "imsyak": "04:28", "shubuh": "04:38", "terbit": "05:55", "dhuha": "06:19", "dzuhur": "12:06", "ashr": "15:30", "magrib": "18:13", "isya": "19:27"}, {"tanggal": "2022-11-21", "imsyak": "04:28", "shubuh": "04:38", "terbit": "05:56", "dhuha": "06:20", "dzuhur": "12:07", "ashr": "15:30", "magrib": "18:14", "isya": "19:27"}, {"tanggal": "2022-11-22", "imsyak": "04:28", "shubuh": "04:38", "terbit": "05:56", "dhuha": "06:20", "dzuhur": "12:07", "ashr": "15:31", "magrib": "18:14", "isya": "19:27"}, {"tanggal": "2022-11-23", "imsyak": "04:28", "shubuh": "04:38", "terbit": "05:56", "dhuha": "06:20", "dzuhur": "12:07", "ashr": "15:31", "magrib": "18:14", "isya": "19:28"}, {"tanggal": "2022-11-24", "imsyak": "04:28", "shubuh": "04:38", "terbit": "05:56", "dhuha": "06:20", "dzuhur": "12:07", "ashr": "15:32", "magrib": "18:15", "isya": "19:28"}, {"tanggal": "2022-11-25", "imsyak": "04:28", "shubuh": "04:38", "terbit": "05:56", "dhuha": "06:20", "dzuhur": "12:08", "ashr": "15:32", "magrib": "18:15", "isya": "19:29"}, {"tanggal": "2022-11-26", "imsyak": "04:28", "shubuh": "04:38", "terbit": "05:57", "dhuha": "06:21", "dzuhur": "12:08", "ashr": "15:33", "magrib": "18:15", "isya": "19:29"}, {"tanggal": "2022-11-27", "imsyak": "04:28", "shubuh": "04:38", "terbit": "05:57", "dhuha": "06:21", "dzuhur": "12:08", "ashr": "15:33", "magrib": "18:16", "isya": "19:30"}, {"tanggal": "2022-11-28", "imsyak": "04:28", "shubuh": "04:38", "terbit": "05:57", "dhuha": "06:21", "dzuhur": "12:09", "ashr": "15:34", "magrib": "18:16", "isya": "19:30"}, {"tanggal": "2022-11-29", "imsyak": "04:29", "shubuh": "04:39", "terbit": "05:57", "dhuha": "06:21", "dzuhur": "12:09", "ashr": "15:34", "magrib": "18:16", "isya": "19:31"}, {"tanggal": "2022-11-30", "imsyak": "04:29", "shubuh": "04:39", "terbit": "05:58", "dhuha": "06:22", "dzuhur": "12:09", "ashr": "15:35", "magrib": "18:17", "isya": "19:31"}]