[{"tanggal": "2021-02-01", "imsyak": "04:46", "shubuh": "04:56", "terbit": "06:15", "dhuha": "06:39", "dzuhur": "12:33", "ashr": "15:52", "magrib": "18:47", "isya": "20:01"}, {"tanggal": "2021-02-02", "imsyak": "04:47", "shubuh": "04:57", "terbit": "06:15", "dhuha": "06:39", "dzuhur": "12:33", "ashr": "15:52", "magrib": "18:47", "isya": "20:01"}, {"tanggal": "2021-02-03", "imsyak": "04:47", "shubuh": "04:57", "terbit": "06:15", "dhuha": "06:39", "dzuhur": "12:33", "ashr": "15:51", "magrib": "18:47", "isya": "20:00"}, {"tanggal": "2021-02-04", "imsyak": "04:48", "shubuh": "04:58", "terbit": "06:16", "dhuha": "06:40", "dzuhur": "12:33", "ashr": "15:51", "magrib": "18:47", "isya": "20:00"}, {"tanggal": "2021-02-05", "imsyak": "04:48", "shubuh": "04:58", "terbit": "06:16", "dhuha": "06:40", "dzuhur": "12:33", "ashr": "15:51", "magrib": "18:47", "isya": "20:00"}, {"tanggal": "2021-02-06", "imsyak": "04:49", "shubuh": "04:59", "terbit": "06:16", "dhuha": "06:40", "dzuhur": "12:34", "ashr": "15:50", "magrib": "18:47", "isya": "20:00"}, {"tanggal": "2021-02-07", "imsyak": "04:49", "shubuh": "04:59", "terbit": "06:17", "dhuha": "06:41", "dzuhur": "12:34", "ashr": "15:50", "magrib": "18:47", "isya": "19:59"}, {"tanggal": "2021-02-08", "imsyak": "04:49", "shubuh": "04:59", "terbit": "06:17", "dhuha": "06:41", "dzuhur": "12:34", "ashr": "15:49", "magrib": "18:46", "isya": "19:59"}, {"tanggal": "2021-02-09", "imsyak": "04:50", "shubuh": "05:00", "terbit": "06:17", "dhuha": "06:41", "dzuhur": "12:34", "ashr": "15:49", "magrib": "18:46", "isya": "19:59"}, {"tanggal": "2021-02-10", "imsyak": "04:50", "shubuh": "05:00", "terbit": "06:17", "dhuha": "06:41", "dzuhur": "12:34", "ashr": "15:48", "magrib": "18:46", "isya": "19:58"}, {"tanggal": "2021-02-11", "imsyak": "04:51", "shubuh": "05:01", "terbit": "06:18", "dhuha": "06:42", "dzuhur": "12:34", "ashr": "15:48", "magrib": "18:46", "isya": "19:58"}, {"tanggal": "2021-02-12", "imsyak": "04:51", "shubuh": "05:01", "terbit": "06:18", "dhuha": "06:42", "dzuhur": "12:34", "ashr": "15:47", "magrib": "18:46", "isya": "19:58"}, {"tanggal": "2021-02-13", "imsyak": "04:51", "shubuh": "05:01", "terbit": "06:18", "dhuha": "06:42", "dzuhur": "12:34", "ashr": "15:46", "magrib": "18:45", "isya": "19:57"}, {"tanggal": "2021-02-14", "imsyak": "04:52", "shubuh": "05:02", "terbit": "06:18", "dhuha": "06:42", "dzuhur": "12:34", "ashr": "15:46", "magrib": "18:45", "isya": "19:57"}, {"tanggal": "2021-02-15", "imsyak": "04:52", "shubuh": "05:02", "terbit": "06:18", "dhuha": "06:42", "dzuhur": "12:34", "ashr": "15:45", "magrib": "18:45", "isya": "19:57"}, {"tanggal": "2021-02-16", "imsyak": "04:52", "shubuh": "05:02", "terbit": "06:19", "dhuha": "06:43", "dzuhur": "12:34", "ashr": "15:45", "magrib": "18:45", "isya": "19:56"}, {"tanggal": "2021-02-17", "imsyak": "04:53", "shubuh": "05:03", "terbit": "06:19", "dhuha": "06:43", "dzuhur": "12:34", "ashr": "15:44", "magrib": "18:44", "isya": "19:56"}, {"tanggal": "2021-02-18", "imsyak": "04:53", "shubuh": "05:03", "terbit": "06:19", "dhuha": "06:43", "dzuhur": "12:34", "ashr": "15:43", "magrib": "18:44", "isya": "19:56"}, {"tanggal": "2021-02-19", "imsyak": "04:53", "shubuh": "05:03", "terbit": "06:19", "dhuha": "06:43", "dzuhur": "12:33", "ashr": "15:42", "magrib": "18:44", "isya": "19:55"}, {"tanggal": "2021-02-20", "imsyak": "04:53", "shubuh": "05:03", "terbit": "06:19", "dhuha": "06:43", "dzuhur": "12:33", "ashr": "15:41", "magrib": "18:44", "isya": "19:55"}, {"tanggal": "2021-02-21", "imsyak": "04:54", "shubuh": "05:04", "terbit": "06:19", "dhuha": "06:43", "dzuhur": "12:33", "ashr": "15:41", "magrib": "18:43", "isya": "19:54"}, {"tanggal": "2021-02-22", "imsyak": "04:54", "shubuh": "05:04", "terbit": "06:19", "dhuha": "06:43", "dzuhur": "12:33", "ashr": "15:40", "magrib": "18:43", "isya": "19:54"}, {"tanggal": "2021-02-23", "imsyak": "04:54", "shubuh": "05:04", "terbit": "06:19", "dhuha": "06:43", "dzuhur": "12:33", "ashr": "15:39", "magrib": "18:42", "isya": "19:53"}, {"tanggal": "2021-02-24", "imsyak": "04:54", "shubuh": "05:04", "terbit": "06:20", "dhuha": "06:44", "dzuhur": "12:33", "ashr": "15:38", "magrib": "18:42", "isya": "19:53"}, {"tanggal": "2021-02-25", "imsyak": "04:55", "shubuh": "05:05", "terbit": "06:20", "dhuha": "06:44", "dzuhur": "12:33", "ashr": "15:37", "magrib": "18:42", "isya": "19:52"}, {"tanggal": "2021-02-26", "imsyak": "04:55", "shubuh": "05:05", "terbit": "06:20", "dhuha": "06:44", "dzuhur": "12:33", "ashr": "15:36", "magrib": "18:41", "isya": "19:52"}, {"tanggal": "2021-02-27", "imsyak": "04:55", "shubuh": "05:05", "terbit": "06:20", "dhuha": "06:44", "dzuhur": "12:32", "ashr": "15:35", "magrib": "18:41", "isya": "19:52"}, {"tanggal": "2021-02-28", "imsyak": "04:55", "shubuh": "05:05", "terbit": "06:20", "dhuha": "06:44", "dzuhur": "12:32", "ashr": "15:35", "magrib": "18:41", "isya": "19:51"}]