[{"tanggal": "2021-07-01", "imsyak": "05:00", "shubuh": "05:10", "terbit": "06:30", "dhuha": "06:54", "dzuhur": "12:23", "ashr": "15:43", "magrib": "18:12", "isya": "19:27"}, {"tanggal": "2021-07-02", "imsyak": "05:00", "shubuh": "05:10", "terbit": "06:30", "dhuha": "06:54", "dzuhur": "12:23", "ashr": "15:44", "magrib": "18:13", "isya": "19:28"}, {"tanggal": "2021-07-03", "imsyak": "05:01", "shubuh": "05:11", "terbit": "06:30", "dhuha": "06:54", "dzuhur": "12:24", "ashr": "15:44", "magrib": "18:13", "isya": "19:28"}, {"tanggal": "2021-07-04", "imsyak": "05:01", "shubuh": "05:11", "terbit": "06:31", "dhuha": "06:55", "dzuhur": "12:24", "ashr": "15:44", "magrib": "18:13", "isya": "19:28"}, {"tanggal": "2021-07-05", "imsyak": "05:01", "shubuh": "05:11", "terbit": "06:31", "dhuha": "06:55", "dzuhur": "12:24", "ashr": "15:44", "magrib": "18:13", "isya": "19:28"}, {"tanggal": "2021-07-06", "imsyak": "05:01", "shubuh": "05:11", "terbit": "06:31", "dhuha": "06:55", "dzuhur": "12:24", "ashr": "15:44", "magrib": "18:14", "isya": "19:28"}, {"tanggal": "2021-07-07", "imsyak": "05:01", "shubuh": "05:11", "terbit": "06:31", "dhuha": "06:55", "dzuhur": "12:24", "ashr": "15:45", "magrib": "18:14", "isya": "19:29"}, {"tanggal": "2021-07-08", "imsyak": "05:02", "shubuh": "05:12", "terbit": "06:31", "dhuha": "06:55", "dzuhur": "12:24", "ashr": "15:45", "magrib": "18:14", "isya": "19:29"}, {"tanggal": "2021-07-09", "imsyak": "05:02", "shubuh": "05:12", "terbit": "06:31", "dhuha": "06:55", "dzuhur": "12:25", "ashr": "15:45", "magrib": "18:14", "isya": "19:29"}, {"tanggal": "2021-07-10", "imsyak": "05:02", "shubuh": "05:12", "terbit": "06:31", "dhuha": "06:55", "dzuhur": "12:25", "ashr": "15:45", "magrib": "18:14", "isya": "19:29"}, {"tanggal": "2021-07-11", "imsyak": "05:02", "shubuh": "05:12", "terbit": "06:31", "dhuha": "06:55", "dzuhur": "12:25", "ashr": "15:45", "magrib": "18:15", "isya": "19:29"}, {"tanggal": "2021-07-12", "imsyak": "05:02", "shubuh": "05:12", "terbit": "06:31", "dhuha": "06:55", "dzuhur": "12:25", "ashr": "15:46", "magrib": "18:15", "isya": "19:29"}, {"tanggal": "2021-07-13", "imsyak": "05:02", "shubuh": "05:12", "terbit": "06:31", "dhuha": "06:55", "dzuhur": "12:25", "ashr": "15:46", "magrib": "18:15", "isya": "19:30"}, {"tanggal": "2021-07-14", "imsyak": "05:02", "shubuh": "05:12", "terbit": "06:31", "dhuha": "06:55", "dzuhur": "12:25", "ashr": "15:46", "magrib": "18:15", "isya": "19:30"}, {"tanggal": "2021-07-15", "imsyak": "05:02", "shubuh": "05:12", "terbit": "06:31", "dhuha": "06:55", "dzuhur": "12:25", "ashr": "15:46", "magrib": "18:16", "isya": "19:30"}, {"tanggal": "2021-07-16", "imsyak": "05:03", "shubuh": "05:13", "terbit": "06:31", "dhuha": "06:55", "dzuhur": "12:26", "ashr": "15:46", "magrib": "18:16", "isya": "19:30"}, {"tanggal": "2021-07-17", "imsyak": "05:03", "shubuh": "05:13", "terbit": "06:31", "dhuha": "06:55", "dzuhur": "12:26", "ashr": "15:46", "magrib": "18:16", "isya": "19:30"}, {"tanggal": "2021-07-18", "imsyak": "05:03", "shubuh": "05:13", "terbit": "06:31", "dhuha": "06:55", "dzuhur": "12:26", "ashr": "15:47", "magrib": "18:16", "isya": "19:30"}, {"tanggal": "2021-07-19", "imsyak": "05:03", "shubuh": "05:13", "terbit": "06:31", "dhuha": "06:55", "dzuhur": "12:26", "ashr": "15:47", "magrib": "18:16", "isya": "19:30"}, {"tanggal": "2021-07-20", "imsyak": "05:03", "shubuh": "05:13", "terbit": "06:31", "dhuha": "06:55", "dzuhur": "12:26", "ashr": "15:47", "magrib": "18:17", "isya": "19:30"}, {"tanggal": "2021-07-21", "imsyak": "05:03", "shubuh": "05:13", "terbit": "06:31", "dhuha": "06:55", "dzuhur": "12:26", "ashr": "15:47", "magrib": "18:17", "isya": "19:31"}, {"tanggal": "2021-07-22", "imsyak": "05:03", "shubuh": "05:13", "terbit": "06:31", "dhuha": "06:55", "dzuhur": "12:26", "ashr": "15:47", "magrib": "18:17", "isya": "19:31"}, {"tanggal": "2021-07-23", "imsyak": "05:03", "shubuh": "05:13", "terbit": "06:31", "dhuha": "06:55", "dzuhur": "12:26", "ashr": "15:47", "magrib": "18:17", "isya": "19:31"}, {"tanggal": "2021-07-24", "imsyak": "05:03", "shubuh": "05:13", "terbit": "06:31", "dhuha": "06:55", "dzuhur": "12:26", "ashr": "15:47", "magrib": "18:17", "isya": "19:31"}, {"tanggal": "2021-07-25", "imsyak": "05:03", "shubuh": "05:13", "terbit": "06:31", "dhuha": "06:55", "dzuhur": "12:26", "ashr": "15:47", "magrib": "18:17", "isya": "19:31"}, {"tanggal": "2021-07-26", "imsyak": "05:03", "shubuh": "05:13", "terbit": "06:31", "dhuha": "06:55", "dzuhur": "12:26", "ashr": "15:47", "magrib": "18:18", "isya": "19:31"}, {"tanggal": "2021-07-27", "imsyak": "05:03", "shubuh": "05:13", "terbit": "06:31", "dhuha": "06:55", "dzuhur": "12:26", "ashr": "15:47", "magrib": "18:18", "isya": "19:31"}, {"tanggal": "2021-07-28", "imsyak": "05:03", "shubuh": "05:13", "terbit": "06:30", "dhuha": "06:54", "dzuhur": "12:26", "ashr": "15:47", "magrib": "18:18", "isya": "19:31"}, {"tanggal": "2021-07-29", "imsyak": "05:03", "shubuh": "05:13", "terbit": "06:30", "dhuha": "06:54", "dzuhur": "12:26", "ashr": "15:47", "magrib": "18:18", "isya": "19:31"}, {"tanggal": "2021-07-30", "imsyak": "05:03", "shubuh": "05:13", "terbit": "06:30", "dhuha": "06:54", "dzuhur": "12:26", "ashr": "15:47", "magrib": "18:18", "isya": "19:31"}, {"tanggal": "2021-07-31", "imsyak": "05:03", "shubuh": "05:13", "terbit": "06:30", "dhuha": "06:54", "dzuhur": "12:26", "ashr": "15:47", "magrib": "18:18", "isya": "19:31"}]