[{"tanggal": "2021-08-01", "imsyak": "05:03", "shubuh": "05:13", "terbit": "06:30", "dhuha": "06:54", "dzuhur": "12:26", "ashr": "15:47", "magrib": "18:18", "isya": "19:31"}, {"tanggal": "2021-08-02", "imsyak": "05:02", "shubuh": "05:12", "terbit": "06:29", "dhuha": "06:53", "dzuhur": "12:26", "ashr": "15:47", "magrib": "18:18", "isya": "19:31"}, {"tanggal": "2021-08-03", "imsyak": "05:02", "shubuh": "05:12", "terbit": "06:29", "dhuha": "06:53", "dzuhur": "12:26", "ashr": "15:47", "magrib": "18:19", "isya": "19:31"}, {"tanggal": "2021-08-04", "imsyak": "05:02", "shubuh": "05:12", "terbit": "06:29", "dhuha": "06:53", "dzuhur": "12:26", "ashr": "15:47", "magrib": "18:19", "isya": "19:31"}, {"tanggal": "2021-08-05", "imsyak": "05:02", "shubuh": "05:12", "terbit": "06:29", "dhuha": "06:53", "dzuhur": "12:26", "ashr": "15:47", "magrib": "18:19", "isya": "19:31"}, {"tanggal": "2021-08-06", "imsyak": "05:02", "shubuh": "05:12", "terbit": "06:29", "dhuha": "06:53", "dzuhur": "12:26", "ashr": "15:47", "magrib": "18:19", "isya": "19:31"}, {"tanggal": "2021-08-07", "imsyak": "05:02", "shubuh": "05:12", "terbit": "06:28", "dhuha": "06:52", "dzuhur": "12:25", "ashr": "15:47", "magrib": "18:19", "isya": "19:31"}, {"tanggal": "2021-08-08", "imsyak": "05:02", "shubuh": "05:12", "terbit": "06:28", "dhuha": "06:52", "dzuhur": "12:25", "ashr": "15:47", "magrib": "18:19", "isya": "19:31"}, {"tanggal": "2021-08-09", "imsyak": "05:01", "shubuh": "05:11", "terbit": "06:28", "dhuha": "06:52", "dzuhur": "12:25", "ashr": "15:47", "magrib": "18:19", "isya": "19:31"}, {"tanggal": "2021-08-10", "imsyak": "05:01", "shubuh": "05:11", "terbit": "06:27", "dhuha": "06:51", "dzuhur": "12:25", "ashr": "15:46", "magrib": "18:19", "isya": "19:31"}, {"tanggal": "2021-08-11", "imsyak": "05:01", "shubuh": "05:11", "terbit": "06:27", "dhuha": "06:51", "dzuhur": "12:25", "ashr": "15:46", "magrib": "18:19", "isya": "19:31"}, {"tanggal": "2021-08-12", "imsyak": "05:01", "shubuh": "05:11", "terbit": "06:27", "dhuha": "06:51", "dzuhur": "12:25", "ashr": "15:46", "magrib": "18:19", "isya": "19:31"}, {"tanggal": "2021-08-13", "imsyak": "05:00", "shubuh": "05:10", "terbit": "06:26", "dhuha": "06:50", "dzuhur": "12:25", "ashr": "15:46", "magrib": "18:19", "isya": "19:31"}, {"tanggal": "2021-08-14", "imsyak": "05:00", "shubuh": "05:10", "terbit": "06:26", "dhuha": "06:50", "dzuhur": "12:24", "ashr": "15:46", "magrib": "18:19", "isya": "19:30"}, {"tanggal": "2021-08-15", "imsyak": "05:00", "shubuh": "05:10", "terbit": "06:26", "dhuha": "06:50", "dzuhur": "12:24", "ashr": "15:46", "magrib": "18:19", "isya": "19:30"}, {"tanggal": "2021-08-16", "imsyak": "05:00", "shubuh": "05:10", "terbit": "06:25", "dhuha": "06:49", "dzuhur": "12:24", "ashr": "15:45", "magrib": "18:19", "isya": "19:30"}, {"tanggal": "2021-08-17", "imsyak": "04:59", "shubuh": "05:09", "terbit": "06:25", "dhuha": "06:49", "dzuhur": "12:24", "ashr": "15:45", "magrib": "18:19", "isya": "19:30"}, {"tanggal": "2021-08-18", "imsyak": "04:59", "shubuh": "05:09", "terbit": "06:24", "dhuha": "06:48", "dzuhur": "12:24", "ashr": "15:45", "magrib": "18:19", "isya": "19:30"}, {"tanggal": "2021-08-19", "imsyak": "04:59", "shubuh": "05:09", "terbit": "06:24", "dhuha": "06:48", "dzuhur": "12:23", "ashr": "15:45", "magrib": "18:19", "isya": "19:30"}, {"tanggal": "2021-08-20", "imsyak": "04:58", "shubuh": "05:08", "terbit": "06:24", "dhuha": "06:48", "dzuhur": "12:23", "ashr": "15:44", "magrib": "18:19", "isya": "19:30"}, {"tanggal": "2021-08-21", "imsyak": "04:58", "shubuh": "05:08", "terbit": "06:23", "dhuha": "06:47", "dzuhur": "12:23", "ashr": "15:44", "magrib": "18:19", "isya": "19:30"}, {"tanggal": "2021-08-22", "imsyak": "04:58", "shubuh": "05:08", "terbit": "06:23", "dhuha": "06:47", "dzuhur": "12:23", "ashr": "15:44", "magrib": "18:19", "isya": "19:30"}, {"tanggal": "2021-08-23", "imsyak": "04:57", "shubuh": "05:07", "terbit": "06:22", "dhuha": "06:46", "dzuhur": "12:23", "ashr": "15:43", "magrib": "18:19", "isya": "19:29"}, {"tanggal": "2021-08-24", "imsyak": "04:57", "shubuh": "05:07", "terbit": "06:22", "dhuha": "06:46", "dzuhur": "12:22", "ashr": "15:43", "magrib": "18:19", "isya": "19:29"}, {"tanggal": "2021-08-25", "imsyak": "04:57", "shubuh": "05:07", "terbit": "06:21", "dhuha": "06:45", "dzuhur": "12:22", "ashr": "15:43", "magrib": "18:19", "isya": "19:29"}, {"tanggal": "2021-08-26", "imsyak": "04:56", "shubuh": "05:06", "terbit": "06:21", "dhuha": "06:45", "dzuhur": "12:22", "ashr": "15:42", "magrib": "18:19", "isya": "19:29"}, {"tanggal": "2021-08-27", "imsyak": "04:56", "shubuh": "05:06", "terbit": "06:20", "dhuha": "06:44", "dzuhur": "12:21", "ashr": "15:42", "magrib": "18:19", "isya": "19:29"}, {"tanggal": "2021-08-28", "imsyak": "04:55", "shubuh": "05:05", "terbit": "06:20", "dhuha": "06:44", "dzuhur": "12:21", "ashr": "15:41", "magrib": "18:19", "isya": "19:29"}, {"tanggal": "2021-08-29", "imsyak": "04:55", "shubuh": "05:05", "terbit": "06:19", "dhuha": "06:43", "dzuhur": "12:21", "ashr": "15:41", "magrib": "18:18", "isya": "19:29"}, {"tanggal": "2021-08-30", "imsyak": "04:55", "shubuh": "05:05", "terbit": "06:19", "dhuha": "06:43", "dzuhur": "12:21", "ashr": "15:41", "magrib": "18:18", "isya": "19:28"}, {"tanggal": "2021-08-31", "imsyak": "04:54", "shubuh": "05:04", "terbit": "06:18", "dhuha": "06:42", "dzuhur": "12:20", "ashr": "15:40", "magrib": "18:18", "isya": "19:28"}]