[{"tanggal": "2021-09-01", "imsyak": "04:54", "shubuh": "05:04", "terbit": "06:18", "dhuha": "06:42", "dzuhur": "12:20", "ashr": "15:40", "magrib": "18:18", "isya": "19:28"}, {"tanggal": "2021-09-02", "imsyak": "04:53", "shubuh": "05:03", "terbit": "06:17", "dhuha": "06:41", "dzuhur": "12:20", "ashr": "15:39", "magrib": "18:18", "isya": "19:28"}, {"tanggal": "2021-09-03", "imsyak": "04:53", "shubuh": "05:03", "terbit": "06:17", "dhuha": "06:41", "dzuhur": "12:19", "ashr": "15:39", "magrib": "18:18", "isya": "19:28"}, {"tanggal": "2021-09-04", "imsyak": "04:52", "shubuh": "05:02", "terbit": "06:16", "dhuha": "06:40", "dzuhur": "12:19", "ashr": "15:38", "magrib": "18:18", "isya": "19:28"}, {"tanggal": "2021-09-05", "imsyak": "04:52", "shubuh": "05:02", "terbit": "06:16", "dhuha": "06:40", "dzuhur": "12:19", "ashr": "15:38", "magrib": "18:18", "isya": "19:28"}, {"tanggal": "2021-09-06", "imsyak": "04:51", "shubuh": "05:01", "terbit": "06:15", "dhuha": "06:39", "dzuhur": "12:18", "ashr": "15:37", "magrib": "18:18", "isya": "19:27"}, {"tanggal": "2021-09-07", "imsyak": "04:51", "shubuh": "05:01", "terbit": "06:15", "dhuha": "06:39", "dzuhur": "12:18", "ashr": "15:37", "magrib": "18:18", "isya": "19:27"}, {"tanggal": "2021-09-08", "imsyak": "04:50", "shubuh": "05:00", "terbit": "06:14", "dhuha": "06:38", "dzuhur": "12:18", "ashr": "15:36", "magrib": "18:17", "isya": "19:27"}, {"tanggal": "2021-09-09", "imsyak": "04:50", "shubuh": "05:00", "terbit": "06:13", "dhuha": "06:37", "dzuhur": "12:17", "ashr": "15:35", "magrib": "18:17", "isya": "19:27"}, {"tanggal": "2021-09-10", "imsyak": "04:49", "shubuh": "04:59", "terbit": "06:13", "dhuha": "06:37", "dzuhur": "12:17", "ashr": "15:35", "magrib": "18:17", "isya": "19:27"}, {"tanggal": "2021-09-11", "imsyak": "04:49", "shubuh": "04:59", "terbit": "06:12", "dhuha": "06:36", "dzuhur": "12:17", "ashr": "15:34", "magrib": "18:17", "isya": "19:27"}, {"tanggal": "2021-09-12", "imsyak": "04:48", "shubuh": "04:58", "terbit": "06:12", "dhuha": "06:36", "dzuhur": "12:16", "ashr": "15:34", "magrib": "18:17", "isya": "19:26"}, {"tanggal": "2021-09-13", "imsyak": "04:48", "shubuh": "04:58", "terbit": "06:11", "dhuha": "06:35", "dzuhur": "12:16", "ashr": "15:33", "magrib": "18:17", "isya": "19:26"}, {"tanggal": "2021-09-14", "imsyak": "04:47", "shubuh": "04:57", "terbit": "06:11", "dhuha": "06:35", "dzuhur": "12:16", "ashr": "15:32", "magrib": "18:17", "isya": "19:26"}, {"tanggal": "2021-09-15", "imsyak": "04:46", "shubuh": "04:56", "terbit": "06:10", "dhuha": "06:34", "dzuhur": "12:15", "ashr": "15:32", "magrib": "18:17", "isya": "19:26"}, {"tanggal": "2021-09-16", "imsyak": "04:46", "shubuh": "04:56", "terbit": "06:09", "dhuha": "06:33", "dzuhur": "12:15", "ashr": "15:31", "magrib": "18:16", "isya": "19:26"}, {"tanggal": "2021-09-17", "imsyak": "04:45", "shubuh": "04:55", "terbit": "06:09", "dhuha": "06:33", "dzuhur": "12:14", "ashr": "15:30", "magrib": "18:16", "isya": "19:26"}, {"tanggal": "2021-09-18", "imsyak": "04:45", "shubuh": "04:55", "terbit": "06:08", "dhuha": "06:32", "dzuhur": "12:14", "ashr": "15:30", "magrib": "18:16", "isya": "19:26"}, {"tanggal": "2021-09-19", "imsyak": "04:44", "shubuh": "04:54", "terbit": "06:08", "dhuha": "06:32", "dzuhur": "12:14", "ashr": "15:29", "magrib": "18:16", "isya": "19:25"}, {"tanggal": "2021-09-20", "imsyak": "04:44", "shubuh": "04:54", "terbit": "06:07", "dhuha": "06:31", "dzuhur": "12:13", "ashr": "15:28", "magrib": "18:16", "isya": "19:25"}, {"tanggal": "2021-09-21", "imsyak": "04:43", "shubuh": "04:53", "terbit": "06:06", "dhuha": "06:30", "dzuhur": "12:13", "ashr": "15:28", "magrib": "18:16", "isya": "19:25"}, {"tanggal": "2021-09-22", "imsyak": "04:42", "shubuh": "04:52", "terbit": "06:06", "dhuha": "06:30", "dzuhur": "12:13", "ashr": "15:27", "magrib": "18:16", "isya": "19:25"}, {"tanggal": "2021-09-23", "imsyak": "04:42", "shubuh": "04:52", "terbit": "06:05", "dhuha": "06:29", "dzuhur": "12:12", "ashr": "15:26", "magrib": "18:16", "isya": "19:25"}, {"tanggal": "2021-09-24", "imsyak": "04:41", "shubuh": "04:51", "terbit": "06:05", "dhuha": "06:29", "dzuhur": "12:12", "ashr": "15:26", "magrib": "18:15", "isya": "19:25"}, {"tanggal": "2021-09-25", "imsyak": "04:41", "shubuh": "04:51", "terbit": "06:04", "dhuha": "06:28", "dzuhur": "12:12", "ashr": "15:25", "magrib": "18:15", "isya": "19:25"}, {"tanggal": "2021-09-26", "imsyak": "04:40", "shubuh": "04:50", "terbit": "06:04", "dhuha": "06:28", "dzuhur": "12:11", "ashr": "15:24", "magrib": "18:15", "isya": "19:25"}, {"tanggal": "2021-09-27", "imsyak": "04:39", "shubuh": "04:49", "terbit": "06:03", "dhuha": "06:27", "dzuhur": "12:11", "ashr": "15:23", "magrib": "18:15", "isya": "19:25"}, {"tanggal": "2021-09-28", "imsyak": "04:39", "shubuh": "04:49", "terbit": "06:02", "dhuha": "06:26", "dzuhur": "12:11", "ashr": "15:22", "magrib": "18:15", "isya": "19:24"}, {"tanggal": "2021-09-29", "imsyak": "04:38", "shubuh": "04:48", "terbit": "06:02", "dhuha": "06:26", "dzuhur": "12:10", "ashr": "15:22", "magrib": "18:15", "isya": "19:24"}, {"tanggal": "2021-09-30", "imsyak": "04:38", "shubuh": "04:48", "terbit": "06:01", "dhuha": "06:25", "dzuhur": "12:10", "ashr": "15:21", "magrib": "18:15", "isya": "19:24"}]