[{"tanggal": "2021-11-01", "imsyak": "04:21", "shubuh": "04:31", "terbit": "05:47", "dhuha": "06:11", "dzuhur": "12:03", "ashr": "15:17", "magrib": "18:15", "isya": "19:28"}, {"tanggal": "2021-11-02", "imsyak": "04:20", "shubuh": "04:30", "terbit": "05:47", "dhuha": "06:11", "dzuhur": "12:03", "ashr": "15:17", "magrib": "18:15", "isya": "19:28"}, {"tanggal": "2021-11-03", "imsyak": "04:20", "shubuh": "04:30", "terbit": "05:47", "dhuha": "06:11", "dzuhur": "12:03", "ashr": "15:18", "magrib": "18:16", "isya": "19:28"}, {"tanggal": "2021-11-04", "imsyak": "04:19", "shubuh": "04:29", "terbit": "05:47", "dhuha": "06:11", "dzuhur": "12:03", "ashr": "15:18", "magrib": "18:16", "isya": "19:28"}, {"tanggal": "2021-11-05", "imsyak": "04:19", "shubuh": "04:29", "terbit": "05:46", "dhuha": "06:10", "dzuhur": "12:03", "ashr": "15:19", "magrib": "18:16", "isya": "19:29"}, {"tanggal": "2021-11-06", "imsyak": "04:19", "shubuh": "04:29", "terbit": "05:46", "dhuha": "06:10", "dzuhur": "12:03", "ashr": "15:19", "magrib": "18:16", "isya": "19:29"}, {"tanggal": "2021-11-07", "imsyak": "04:18", "shubuh": "04:28", "terbit": "05:46", "dhuha": "06:10", "dzuhur": "12:03", "ashr": "15:20", "magrib": "18:17", "isya": "19:30"}, {"tanggal": "2021-11-08", "imsyak": "04:18", "shubuh": "04:28", "terbit": "05:46", "dhuha": "06:10", "dzuhur": "12:03", "ashr": "15:20", "magrib": "18:17", "isya": "19:30"}, {"tanggal": "2021-11-09", "imsyak": "04:18", "shubuh": "04:28", "terbit": "05:46", "dhuha": "06:10", "dzuhur": "12:03", "ashr": "15:21", "magrib": "18:17", "isya": "19:30"}, {"tanggal": "2021-11-10", "imsyak": "04:18", "shubuh": "04:28", "terbit": "05:46", "dhuha": "06:10", "dzuhur": "12:03", "ashr": "15:22", "magrib": "18:17", "isya": "19:31"}, {"tanggal": "2021-11-11", "imsyak": "04:17", "shubuh": "04:27", "terbit": "05:45", "dhuha": "06:09", "dzuhur": "12:03", "ashr": "15:22", "magrib": "18:18", "isya": "19:31"}, {"tanggal": "2021-11-12", "imsyak": "04:17", "shubuh": "04:27", "terbit": "05:45", "dhuha": "06:09", "dzuhur": "12:04", "ashr": "15:23", "magrib": "18:18", "isya": "19:32"}, {"tanggal": "2021-11-13", "imsyak": "04:17", "shubuh": "04:27", "terbit": "05:45", "dhuha": "06:09", "dzuhur": "12:04", "ashr": "15:23", "magrib": "18:18", "isya": "19:32"}, {"tanggal": "2021-11-14", "imsyak": "04:17", "shubuh": "04:27", "terbit": "05:45", "dhuha": "06:09", "dzuhur": "12:04", "ashr": "15:24", "magrib": "18:18", "isya": "19:32"}, {"tanggal": "2021-11-15", "imsyak": "04:16", "shubuh": "04:26", "terbit": "05:45", "dhuha": "06:09", "dzuhur": "12:04", "ashr": "15:24", "magrib": "18:19", "isya": "19:33"}, {"tanggal": "2021-11-16", "imsyak": "04:16", "shubuh": "04:26", "terbit": "05:45", "dhuha": "06:09", "dzuhur": "12:04", "ashr": "15:25", "magrib": "18:19", "isya": "19:33"}, {"tanggal": "2021-11-17", "imsyak": "04:16", "shubuh": "04:26", "terbit": "05:45", "dhuha": "06:09", "dzuhur": "12:04", "ashr": "15:25", "magrib": "18:19", "isya": "19:34"}, {"tanggal": "2021-11-18", "imsyak": "04:16", "shubuh": "04:26", "terbit": "05:45", "dhuha": "06:09", "dzuhur": "12:04", "ashr": "15:26", "magrib": "18:20", "isya": "19:34"}, {"tanggal": "2021-11-19", "imsyak": "04:16", "shubuh": "04:26", "terbit": "05:45", "dhuha": "06:09", "dzuhur": "12:05", "ashr": "15:26", "magrib": "18:20", "isya": "19:35"}, {"tanggal": "2021-11-20", "imsyak": "04:16", "shubuh": "04:26", "terbit": "05:45", "dhuha": "06:09", "dzuhur": "12:05", "ashr": "15:27", "magrib": "18:21", "isya": "19:35"}, {"tanggal": "2021-11-21", "imsyak": "04:16", "shubuh": "04:26", "terbit": "05:45", "dhuha": "06:09", "dzuhur": "12:05", "ashr": "15:28", "magrib": "18:21", "isya": "19:36"}, {"tanggal": "2021-11-22", "imsyak": "04:16", "shubuh": "04:26", "terbit": "05:45", "dhuha": "06:09", "dzuhur": "12:05", "ashr": "15:28", "magrib": "18:21", "isya": "19:36"}, {"tanggal": "2021-11-23", "imsyak": "04:16", "shubuh": "04:26", "terbit": "05:46", "dhuha": "06:10", "dzuhur": "12:06", "ashr": "15:29", "magrib": "18:22", "isya": "19:37"}, {"tanggal": "2021-11-24", "imsyak": "04:16", "shubuh": "04:26", "terbit": "05:46", "dhuha": "06:10", "dzuhur": "12:06", "ashr": "15:29", "magrib": "18:22", "isya": "19:37"}, {"tanggal": "2021-11-25", "imsyak": "04:16", "shubuh": "04:26", "terbit": "05:46", "dhuha": "06:10", "dzuhur": "12:06", "ashr": "15:30", "magrib": "18:23", "isya": "19:38"}, {"tanggal": "2021-11-26", "imsyak": "04:16", "shubuh": "04:26", "terbit": "05:46", "dhuha": "06:10", "dzuhur": "12:06", "ashr": "15:30", "magrib": "18:23", "isya": "19:39"}, {"tanggal": "2021-11-27", "imsyak": "04:16", "shubuh": "04:26", "terbit": "05:46", "dhuha": "06:10", "dzuhur": "12:07", "ashr": "15:31", "magrib": "18:24", "isya": "19:39"}, {"tanggal": "2021-11-28", "imsyak": "04:16", "shubuh": "04:26", "terbit": "05:46", "dhuha": "06:10", "dzuhur": "12:07", "ashr": "15:32", "magrib": "18:24", "isya": "19:40"}, {"tanggal": "2021-11-29", "imsyak": "04:16", "shubuh": "04:26", "terbit": "05:46", "dhuha": "06:10", "dzuhur": "12:07", "ashr": "15:32", "magrib": "18:24", "isya": "19:40"}, {"tanggal": "2021-11-30", "imsyak": "04:16", "shubuh": "04:26", "terbit": "05:47", "dhuha": "06:11", "dzuhur": "12:08", "ashr": "15:33", "magrib": "18:25", "isya": "19:41"}]